-- MySQL Administrator dump 1.4
--
-- ------------------------------------------------------
-- Server version	5.5.24-log


/*!40101 SET @OLD_CHARACTER_SET_CLIENT=@@CHARACTER_SET_CLIENT */;
/*!40101 SET @OLD_CHARACTER_SET_RESULTS=@@CHARACTER_SET_RESULTS */;
/*!40101 SET @OLD_COLLATION_CONNECTION=@@COLLATION_CONNECTION */;
/*!40101 SET NAMES utf8 */;

/*!40014 SET @OLD_UNIQUE_CHECKS=@@UNIQUE_CHECKS, UNIQUE_CHECKS=0 */;
/*!40014 SET @OLD_FOREIGN_KEY_CHECKS=@@FOREIGN_KEY_CHECKS, FOREIGN_KEY_CHECKS=0 */;
/*!40101 SET @OLD_SQL_MODE=@@SQL_MODE, SQL_MODE='NO_AUTO_VALUE_ON_ZERO' */;


set foreign_key_checks = 0;
--
-- Definition of table `aclgroup`
--

DROP TABLE IF EXISTS `aclgroup`;
CREATE TABLE `aclgroup` (
  `id` int(11) unsigned NOT NULL AUTO_INCREMENT,
  `name` varchar(50) NOT NULL,
  `description` varchar(255) NOT NULL,
  `datecreated` datetime NOT NULL,
  `createdby` int(11) unsigned NOT NULL,
  `lastupdatedate` datetime DEFAULT NULL,
  `lastupdatedby` int(11) unsigned DEFAULT NULL,
  PRIMARY KEY (`id`),
  UNIQUE KEY `unique_name` (`name`),
  KEY `fk_group_createdby` (`createdby`),
  KEY `fk_group_lastupdatedby` (`lastupdatedby`),
  CONSTRAINT `fk_group_createdby` FOREIGN KEY (`createdby`) REFERENCES `useraccount` (`id`) ON DELETE CASCADE ON UPDATE CASCADE,
  CONSTRAINT `fk_group_lastupdatedby` FOREIGN KEY (`lastupdatedby`) REFERENCES `useraccount` (`id`) ON DELETE CASCADE ON UPDATE CASCADE
) ENGINE=InnoDB AUTO_INCREMENT=13 DEFAULT CHARSET=utf8;

--
-- Dumping data for table `aclgroup`
--

/*!40000 ALTER TABLE `aclgroup` DISABLE KEYS */;
INSERT INTO `aclgroup` (`id`,`name`,`description`,`datecreated`,`createdby`,`lastupdatedate`,`lastupdatedby`) VALUES 
 (1,'Administrator','Has rights to system configuration','2011-01-01 12:00:00',1,'2011-11-28 15:35:40',2),
 (2,'Data Entry Clerk','Performs data entry transactions','2011-01-01 12:00:00',1,'2012-02-17 12:31:39',27),
 (3,'AMIA','Updates commodity prices for outlets located in their areas','2011-03-30 17:04:56',1,'2011-11-16 12:33:31',2),
 (4,'Management','Views Data and generates reports','2011-03-30 17:09:03',1,'2011-11-28 15:37:00',2),
 (5,'LAMIS','Submits prices for an organisation','2011-10-12 09:49:51',1,'2011-11-30 11:17:06',2),
 (6,'WFP','WFP User submits volumes and quantities for commodities','2011-10-12 09:49:51',1,NULL,NULL),
 (7,'AMITSA','AMITSA User submits agricultural inputs','2011-10-12 09:49:51',1,'2011-11-28 15:13:27',2),
 (8,'Subscriber','users who want read only access to AGMIS reports but cannot submit any information ','2011-10-17 17:31:26',1,NULL,NULL),
 (9,'NOGAMU','Data Entry of Organic Prices','2012-01-25 09:42:52',27,NULL,NULL),
 (10,'LGMIS District Officer','The district administrators who manages the district information','2012-02-08 10:19:23',1,'2013-05-05 20:42:01',1),
 (11,'LGMIS Administrator','The overall LGMIS administrator','2012-02-08 10:19:23',1,'2013-05-05 20:42:15',1);
/*!40000 ALTER TABLE `aclgroup` ENABLE KEYS */;


--
-- Definition of table `aclpermission`
--

DROP TABLE IF EXISTS `aclpermission`;
CREATE TABLE `aclpermission` (
  `id` int(11) unsigned NOT NULL AUTO_INCREMENT,
  `groupid` int(11) unsigned DEFAULT NULL,
  `resourceid` int(11) unsigned NOT NULL,
  `create` enum('1','0') NOT NULL DEFAULT '0',
  `edit` enum('1','0') NOT NULL DEFAULT '0',
  `view` enum('1','0') NOT NULL DEFAULT '0',
  `list` enum('1','0') NOT NULL DEFAULT '0',
  `delete` enum('1','0') NOT NULL DEFAULT '0',
  `export` enum('1','0') NOT NULL DEFAULT '0',
  `approve` enum('1','0') NOT NULL DEFAULT '0',
  `datecreated` datetime NOT NULL,
  `createdby` int(11) unsigned NOT NULL,
  `lastupdatedate` datetime DEFAULT NULL,
  `lastupdatedby` int(11) unsigned DEFAULT NULL,
  PRIMARY KEY (`id`),
  KEY `fk_aclpermission_groupid` (`groupid`),
  KEY `fk_aclpermission_resourceid` (`resourceid`),
  KEY `fk_permission_createdby` (`createdby`),
  KEY `fk_permission_lastupdatedby` (`lastupdatedby`),
  CONSTRAINT `fk_aclpermission_groupid` FOREIGN KEY (`groupid`) REFERENCES `aclgroup` (`id`) ON DELETE CASCADE ON UPDATE CASCADE,
  CONSTRAINT `fk_aclpermission_resourceid` FOREIGN KEY (`resourceid`) REFERENCES `aclresource` (`id`) ON DELETE CASCADE ON UPDATE CASCADE,
  CONSTRAINT `fk_permission_createdby` FOREIGN KEY (`createdby`) REFERENCES `useraccount` (`id`) ON DELETE CASCADE ON UPDATE CASCADE,
  CONSTRAINT `fk_permission_lastupdatedby` FOREIGN KEY (`lastupdatedby`) REFERENCES `useraccount` (`id`) ON DELETE CASCADE ON UPDATE CASCADE
) ENGINE=InnoDB AUTO_INCREMENT=455 DEFAULT CHARSET=utf8;

--
-- Dumping data for table `aclpermission`
--

/*!40000 ALTER TABLE `aclpermission` DISABLE KEYS */;
INSERT INTO `aclpermission` (`id`,`groupid`,`resourceid`,`create`,`edit`,`view`,`list`,`delete`,`export`,`approve`,`datecreated`,`createdby`,`lastupdatedate`,`lastupdatedby`) VALUES 
 (1,1,1,'0','0','1','1','0','1','0','2011-11-28 15:35:40',2,NULL,2),
 (2,1,2,'1','1','1','1','1','1','0','2011-11-28 15:35:40',2,NULL,2),
 (3,1,3,'1','1','1','1','1','1','0','2011-11-28 15:35:40',2,NULL,2),
 (4,1,4,'0','0','1','1','0','1','0','2011-11-28 15:35:40',2,NULL,2),
 (5,1,5,'1','1','1','1','1','1','0','2011-11-28 15:35:40',2,NULL,2),
 (6,2,1,'0','0','0','0','0','0','0','2012-02-17 12:31:39',27,NULL,27),
 (7,2,2,'0','0','0','0','0','0','0','2012-02-17 12:31:39',27,NULL,27),
 (8,2,3,'0','1','1','1','0','0','0','2012-02-17 12:31:39',27,NULL,27),
 (9,2,4,'0','0','0','0','0','0','0','2012-02-17 12:31:39',27,NULL,27),
 (10,2,5,'0','0','0','0','0','0','0','2012-02-17 12:31:39',27,NULL,27),
 (11,1,6,'0','0','1','0','0','0','0','2011-11-28 15:35:40',2,NULL,2),
 (12,2,6,'0','0','1','0','0','0','0','2012-02-17 12:31:39',27,NULL,27),
 (13,1,7,'1','1','1','1','0','0','0','2011-11-28 15:35:40',2,NULL,2),
 (14,2,8,'0','1','1','1','0','0','0','2012-02-17 12:31:39',27,NULL,27),
 (15,2,9,'0','1','1','1','0','0','0','2012-02-17 12:31:39',27,NULL,27),
 (16,2,10,'0','1','1','1','1','0','0','2012-02-17 12:31:39',27,NULL,27),
 (17,2,11,'0','1','1','1','0','0','0','2012-02-17 12:31:39',27,NULL,27),
 (18,2,12,'0','1','1','1','0','0','0','2012-02-17 12:31:39',27,NULL,27),
 (19,2,13,'0','1','1','1','0','0','0','2012-02-17 12:31:39',27,NULL,27),
 (20,1,8,'1','1','1','1','1','1','0','2011-11-28 15:35:40',2,NULL,2),
 (21,1,9,'1','1','1','1','1','1','0','2011-11-28 15:35:40',2,NULL,2),
 (22,1,10,'1','1','1','1','1','1','0','2011-11-28 15:35:40',2,NULL,2),
 (23,1,11,'1','1','1','1','1','1','0','2011-11-28 15:35:40',2,NULL,2),
 (24,1,12,'1','1','1','1','1','1','0','2011-11-28 15:35:40',2,NULL,2),
 (25,1,13,'1','1','1','1','1','1','0','2011-11-28 15:35:40',2,NULL,2),
 (26,1,14,'1','1','1','1','1','1','0','2011-11-28 15:35:40',2,NULL,2),
 (27,1,15,'1','1','1','1','1','1','0','2011-11-28 15:35:40',2,NULL,2),
 (28,2,14,'0','1','1','1','1','0','0','2012-02-17 12:31:39',27,NULL,27),
 (29,2,15,'0','1','1','1','1','0','0','2012-02-17 12:31:39',27,NULL,27),
 (30,1,16,'1','1','1','1','1','1','0','2011-11-28 15:35:40',2,NULL,2),
 (31,2,16,'0','1','1','1','1','0','0','2012-02-17 12:31:39',27,NULL,27),
 (32,1,17,'1','1','1','1','1','1','0','2011-11-28 15:35:40',2,NULL,2),
 (33,2,17,'0','1','1','1','1','0','0','2012-02-17 12:31:39',27,NULL,27),
 (34,1,18,'1','1','1','1','1','1','0','2011-11-28 15:35:40',2,NULL,2),
 (35,2,18,'0','1','1','1','0','0','0','2012-02-17 12:31:39',27,NULL,27),
 (36,2,7,'0','0','0','0','0','0','0','2012-02-17 12:31:39',27,NULL,27),
 (37,3,7,'0','0','0','0','0','0','0','2011-11-16 12:33:31',2,NULL,2),
 (38,3,4,'0','0','0','0','0','0','0','2011-11-16 12:33:31',2,NULL,2),
 (39,3,16,'0','0','1','1','0','0','0','2011-11-16 12:33:31',2,NULL,2),
 (40,3,15,'0','0','1','1','0','0','0','2011-11-16 12:33:31',2,NULL,2),
 (41,3,14,'0','0','1','1','0','0','0','2011-11-16 12:33:31',2,NULL,2),
 (42,3,17,'0','0','1','1','0','0','0','2011-11-16 12:33:31',2,NULL,2),
 (43,3,10,'0','0','1','1','0','0','0','2011-11-16 12:33:31',2,NULL,2),
 (44,3,6,'0','0','1','0','0','0','0','2011-11-16 12:33:31',2,NULL,2),
 (45,3,9,'0','0','1','1','0','0','0','2011-11-16 12:33:31',2,NULL,2),
 (46,3,1,'0','0','0','0','0','0','0','2011-11-16 12:33:31',2,NULL,2),
 (47,3,2,'0','0','0','0','0','0','0','2011-11-16 12:33:31',2,NULL,2),
 (48,3,12,'0','0','1','1','0','0','0','2011-11-16 12:33:31',2,NULL,2),
 (49,3,18,'0','0','1','1','0','0','0','2011-11-16 12:33:31',2,NULL,2),
 (50,3,8,'0','0','1','1','0','0','0','2011-11-16 12:33:31',2,NULL,2),
 (51,3,5,'0','0','0','0','0','0','0','2011-11-16 12:33:31',2,NULL,2),
 (52,3,11,'0','0','1','1','0','0','0','2011-11-16 12:33:31',2,NULL,2),
 (53,3,3,'0','1','1','0','0','0','0','2011-11-16 12:33:31',2,NULL,2),
 (54,3,13,'0','0','1','1','0','0','0','2011-11-16 12:33:31',2,NULL,2),
 (55,4,7,'1','1','1','1','0','0','0','2011-11-28 15:37:00',2,NULL,2),
 (56,4,4,'0','0','1','1','0','1','0','2011-11-28 15:37:00',2,NULL,2),
 (57,4,16,'1','1','1','1','0','1','0','2011-11-28 15:37:00',2,NULL,2),
 (58,4,15,'1','1','1','1','0','1','0','2011-11-28 15:37:00',2,NULL,2),
 (59,4,14,'1','1','1','1','0','1','0','2011-11-28 15:37:00',2,NULL,2),
 (60,4,17,'1','1','1','1','0','1','0','2011-11-28 15:37:00',2,NULL,2),
 (61,4,10,'1','1','1','1','0','1','0','2011-11-28 15:37:00',2,NULL,2),
 (62,4,6,'0','0','1','0','0','0','0','2011-11-28 15:37:00',2,NULL,2),
 (63,4,9,'1','1','1','1','0','1','0','2011-11-28 15:37:00',2,NULL,2),
 (64,4,1,'0','0','0','0','0','1','0','2011-11-28 15:37:00',2,NULL,2),
 (65,4,2,'0','0','0','0','0','1','0','2011-11-28 15:37:00',2,NULL,2),
 (66,4,12,'1','1','1','1','0','1','0','2011-11-28 15:37:00',2,NULL,2),
 (67,4,18,'1','1','1','1','0','1','0','2011-11-28 15:37:00',2,NULL,2),
 (68,4,8,'1','1','1','1','0','1','0','2011-11-28 15:37:00',2,NULL,2),
 (69,4,5,'1','1','1','1','0','1','0','2011-11-28 15:37:00',2,NULL,2),
 (70,4,11,'1','1','1','1','0','1','0','2011-11-28 15:37:00',2,NULL,2),
 (71,4,3,'1','1','1','1','0','1','0','2011-11-28 15:37:00',2,NULL,2),
 (72,4,13,'1','1','1','1','0','1','0','2011-11-28 15:37:00',2,NULL,2),
 (73,1,19,'1','1','1','1','1','1','0','2011-11-28 15:35:40',2,NULL,2),
 (74,2,19,'0','1','1','1','0','0','0','2012-02-17 12:31:39',27,NULL,27),
 (75,3,19,'1','1','1','1','1','0','0','2011-11-16 12:33:31',2,NULL,2),
 (76,4,19,'1','1','1','1','1','1','0','2011-11-28 15:37:00',2,NULL,2),
 (77,1,20,'1','1','1','1','1','1','1','2011-11-28 15:35:40',2,NULL,2),
 (78,2,20,'1','1','1','1','1','0','0','2012-02-17 12:31:39',27,NULL,27),
 (79,3,20,'1','1','1','1','1','0','0','2011-11-16 12:33:31',2,NULL,2),
 (80,4,20,'1','1','1','1','1','1','1','2011-11-28 15:37:00',2,NULL,2),
 (81,1,21,'0','0','1','0','0','0','0','2011-11-28 15:35:40',2,NULL,2),
 (82,2,21,'0','0','1','0','0','0','0','2012-02-17 12:31:39',27,NULL,27),
 (83,3,21,'0','0','1','0','0','0','0','2011-11-16 12:33:31',2,NULL,2),
 (84,4,21,'0','0','1','0','0','0','0','2011-11-28 15:37:00',2,NULL,2),
 (85,4,22,'1','1','1','1','0','0','0','2011-11-28 15:37:00',2,NULL,2),
 (86,1,22,'1','1','1','1','0','0','0','2011-11-28 15:35:40',2,NULL,2),
 (87,4,23,'1','1','1','1','0','0','0','2011-11-28 15:37:00',2,NULL,2),
 (88,1,23,'1','1','1','1','0','0','0','2011-11-28 15:35:40',2,NULL,2),
 (89,1,25,'0','0','1','0','0','0','0','2011-11-28 15:35:40',2,NULL,2),
 (91,4,25,'0','0','1','0','0','0','0','2011-11-28 15:37:00',2,NULL,2),
 (92,3,22,'0','0','1','1','0','0','0','2011-11-16 12:33:31',2,NULL,2),
 (93,3,23,'0','0','1','1','0','0','0','2011-11-16 12:33:31',2,NULL,2),
 (94,3,25,'0','0','0','0','0','0','0','2011-11-16 12:33:31',2,NULL,2),
 (95,1,28,'0','1','0','0','0','0','0','2011-11-28 15:35:40',2,NULL,2),
 (96,1,27,'0','1','0','0','0','0','0','2011-11-28 15:35:40',2,NULL,2),
 (97,4,28,'0','1','0','0','0','0','0','2011-11-28 15:37:00',2,NULL,2),
 (98,4,27,'0','1','0','0','0','0','0','2011-11-28 15:37:00',2,NULL,2),
 (99,1,29,'0','0','1','0','0','0','0','2011-11-28 15:35:40',2,NULL,2),
 (100,4,29,'0','0','1','0','0','0','0','2011-11-28 15:37:00',2,NULL,2),
 (101,1,30,'0','0','1','0','0','0','0','2011-11-28 15:35:40',2,NULL,2),
 (102,4,30,'0','0','1','0','0','0','0','2011-11-28 15:37:00',2,NULL,2),
 (103,1,31,'0','0','1','0','0','0','0','2011-11-28 15:35:40',2,NULL,2),
 (104,4,31,'0','0','1','0','0','0','0','2011-11-28 15:37:00',2,NULL,2),
 (105,2,23,'0','0','1','0','0','0','0','2012-02-17 12:31:39',27,NULL,27),
 (106,1,32,'1','1','1','1','1','1','1','2011-11-28 15:35:40',2,NULL,2),
 (107,2,32,'1','1','1','1','0','0','0','2012-02-17 12:31:39',27,NULL,27),
 (108,3,32,'1','1','1','1','1','0','0','2011-11-16 12:33:31',2,NULL,2),
 (109,4,32,'1','1','1','1','1','1','1','2011-11-28 15:37:00',2,NULL,2),
 (110,1,33,'1','1','1','1','1','1','1','2011-11-28 15:35:40',2,NULL,2),
 (111,2,33,'1','1','1','1','0','0','0','2012-02-17 12:31:39',27,NULL,27),
 (112,3,33,'1','1','1','1','1','0','0','2011-11-16 12:33:31',2,NULL,2),
 (113,4,33,'1','1','1','1','1','1','1','2011-11-28 15:37:00',2,NULL,2),
 (114,1,34,'1','1','1','1','1','1','1','2011-11-28 15:35:40',2,NULL,2),
 (115,2,34,'0','1','1','1','0','0','0','2012-02-17 12:31:39',27,NULL,27),
 (116,3,34,'1','1','1','1','1','0','0','2011-11-16 12:33:31',2,NULL,2),
 (117,4,34,'1','1','1','1','1','1','1','2011-11-28 15:37:00',2,NULL,2),
 (118,3,31,'0','0','0','0','0','0','0','2011-11-16 12:33:31',2,NULL,2),
 (119,3,28,'0','0','0','0','0','0','0','2011-11-16 12:33:31',2,NULL,2),
 (120,3,30,'0','0','0','0','0','0','0','2011-11-16 12:33:31',2,NULL,2),
 (121,3,27,'0','0','0','0','0','0','0','2011-11-16 12:33:31',2,NULL,2),
 (122,3,29,'0','0','0','0','0','0','0','2011-11-16 12:33:31',2,NULL,2),
 (123,2,35,'0','1','1','1','0','1','1','2012-02-17 12:31:39',27,NULL,27),
 (124,5,36,'0','0','0','0','0','0','0','2011-11-30 11:17:06',2,NULL,2),
 (125,5,1,'0','0','0','0','0','0','0','2011-11-30 11:17:06',2,NULL,2),
 (126,5,2,'0','0','0','0','0','0','0','2011-11-30 11:17:06',2,NULL,2),
 (127,5,3,'0','1','1','0','0','0','0','2011-11-30 11:17:07',2,NULL,2),
 (128,5,4,'0','0','0','0','0','0','0','2011-11-30 11:17:06',2,NULL,2),
 (129,5,5,'0','0','0','0','0','0','0','2011-11-30 11:17:06',2,NULL,2),
 (130,5,6,'0','0','1','0','0','0','0','2011-11-30 11:17:06',2,NULL,2),
 (131,5,7,'0','0','0','0','0','0','0','2011-11-30 11:17:06',2,NULL,2),
 (132,5,8,'0','0','1','1','0','0','0','2011-11-30 11:17:06',2,NULL,2),
 (133,5,9,'0','0','1','1','0','0','0','2011-11-30 11:17:06',2,NULL,2),
 (134,5,10,'0','0','1','1','0','0','0','2011-11-30 11:17:06',2,NULL,2),
 (135,5,11,'0','0','1','1','0','0','0','2011-11-30 11:17:06',2,NULL,2),
 (136,5,12,'0','0','1','1','0','0','0','2011-11-30 11:17:06',2,NULL,2),
 (137,5,13,'0','0','1','1','0','0','0','2011-11-30 11:17:07',2,NULL,2),
 (138,5,14,'0','0','1','1','0','0','0','2011-11-30 11:17:06',2,NULL,2),
 (139,5,15,'0','0','1','1','0','0','0','2011-11-30 11:17:06',2,NULL,2),
 (140,5,16,'0','0','1','1','0','0','0','2011-11-30 11:17:06',2,NULL,2),
 (141,5,17,'0','0','1','1','0','0','0','2011-11-30 11:17:06',2,NULL,2),
 (142,5,18,'0','0','1','1','0','0','0','2011-11-30 11:17:06',2,NULL,2),
 (143,5,19,'1','1','1','1','1','0','0','2011-11-30 11:17:06',2,NULL,2),
 (144,5,20,'1','1','1','1','1','0','0','2011-11-30 11:17:06',2,NULL,2),
 (145,5,21,'0','0','1','0','0','0','0','2011-11-30 11:17:06',2,NULL,2),
 (146,5,22,'0','0','1','1','0','0','0','2011-11-30 11:17:06',2,NULL,2),
 (147,5,23,'0','0','1','0','0','0','0','2011-11-30 11:17:06',2,NULL,2),
 (148,5,25,'0','0','1','0','0','0','0','2011-11-30 11:17:06',2,NULL,2),
 (149,5,27,'0','0','0','0','0','0','0','2011-11-30 11:17:06',2,NULL,2),
 (150,5,28,'0','0','0','0','0','0','0','2011-11-30 11:17:06',2,NULL,2),
 (151,5,29,'0','0','1','0','0','0','0','2011-11-30 11:17:06',2,NULL,2),
 (152,5,30,'0','0','1','0','0','0','0','2011-11-30 11:17:06',2,NULL,2),
 (153,5,31,'0','0','1','0','0','0','0','2011-11-30 11:17:06',2,NULL,2),
 (154,5,32,'0','0','0','0','0','0','0','2011-11-30 11:17:06',2,NULL,2),
 (155,5,33,'0','0','0','0','0','0','0','2011-11-30 11:17:06',2,NULL,2),
 (156,5,34,'0','0','0','0','0','0','0','2011-11-30 11:17:06',2,NULL,2),
 (157,1,36,'0','0','0','0','0','0','0','2011-11-28 15:35:40',2,NULL,2),
 (158,1,35,'1','1','1','1','1','1','1','2011-11-28 15:35:40',2,NULL,2),
 (161,4,36,'0','0','1','0','0','0','0','2011-11-28 15:37:00',2,NULL,2),
 (162,4,35,'1','1','1','1','0','0','0','2011-11-28 15:37:00',2,NULL,2),
 (163,5,35,'0','0','0','0','0','0','0','2011-11-30 11:17:06',2,NULL,2),
 (164,2,31,'0','0','0','0','0','0','0','2012-02-17 12:31:39',27,NULL,27),
 (165,2,28,'0','0','0','0','0','0','0','2012-02-17 12:31:39',27,NULL,27),
 (166,2,30,'0','0','0','0','0','0','0','2012-02-17 12:31:39',27,NULL,27),
 (167,2,22,'0','1','1','1','0','0','0','2012-02-17 12:31:39',27,NULL,27),
 (168,2,27,'0','0','0','0','0','0','0','2012-02-17 12:31:39',27,NULL,27),
 (169,2,29,'0','0','1','0','0','0','0','2012-02-17 12:31:39',27,NULL,27),
 (170,2,25,'0','0','0','0','0','0','0','2012-02-17 12:31:39',27,NULL,27),
 (171,2,36,'0','0','1','0','0','0','0','2012-02-17 12:31:39',27,NULL,27),
 (172,8,31,'0','0','1','0','0','0','0','2011-10-18 09:10:33',1,NULL,1),
 (173,8,7,'0','0','0','0','0','0','0','2011-10-18 09:10:33',1,NULL,1),
 (174,8,28,'0','0','0','0','0','0','0','2011-10-18 09:10:33',1,NULL,1),
 (175,8,4,'0','0','0','0','0','0','0','2011-10-18 09:10:33',1,NULL,1),
 (176,8,30,'0','0','1','0','0','0','0','2011-10-18 09:10:33',1,NULL,1),
 (177,8,16,'0','0','0','0','0','0','0','2011-10-18 09:10:33',1,NULL,1),
 (178,8,15,'0','0','0','0','0','0','0','2011-10-18 09:10:33',1,NULL,1),
 (179,8,14,'0','0','0','0','0','0','0','2011-10-18 09:10:33',1,NULL,1),
 (180,8,22,'0','0','0','0','0','0','0','2011-10-18 09:10:33',1,NULL,1),
 (181,8,17,'0','0','1','1','0','0','0','2011-10-18 09:10:33',1,NULL,1),
 (182,8,10,'0','0','0','0','0','0','0','2011-10-18 09:10:33',1,NULL,1),
 (183,8,6,'0','0','1','0','0','0','0','2011-10-18 09:10:33',1,NULL,1),
 (184,8,9,'0','0','0','0','0','0','0','2011-10-18 09:10:33',1,NULL,1),
 (185,8,27,'0','0','0','0','0','0','0','2011-10-18 09:10:33',1,NULL,1),
 (186,8,32,'0','0','1','1','0','0','0','2011-10-18 09:10:33',1,NULL,1),
 (187,8,1,'0','0','0','0','0','0','0','2011-10-18 09:10:33',1,NULL,1),
 (188,8,2,'0','0','0','0','0','0','0','2011-10-18 09:10:33',1,NULL,1),
 (189,8,20,'0','0','1','1','0','0','0','2011-10-18 09:10:33',1,NULL,1),
 (190,8,29,'0','0','1','0','0','0','0','2011-10-18 09:10:33',1,NULL,1),
 (191,8,25,'0','0','1','0','0','0','0','2011-10-18 09:10:33',1,NULL,1),
 (192,8,36,'0','0','0','0','0','0','0','2011-10-18 09:10:33',1,NULL,1),
 (193,8,19,'0','0','1','1','0','0','0','2011-10-18 09:10:33',1,NULL,1),
 (194,8,34,'0','0','1','1','0','0','0','2011-10-18 09:10:33',1,NULL,1),
 (195,8,35,'0','0','0','0','0','0','0','2011-10-18 09:10:33',1,NULL,1),
 (196,8,12,'0','0','0','0','0','0','0','2011-10-18 09:10:33',1,NULL,1),
 (197,8,18,'0','0','0','0','0','0','0','2011-10-18 09:10:33',1,NULL,1),
 (198,8,23,'0','0','0','0','0','0','0','2011-10-18 09:10:33',1,NULL,1),
 (199,8,8,'0','0','0','0','0','0','0','2011-10-18 09:10:33',1,NULL,1),
 (200,8,21,'0','0','1','0','0','0','0','2011-10-18 09:10:33',1,NULL,1),
 (201,8,33,'0','0','0','0','0','0','0','2011-10-18 09:10:33',1,NULL,1),
 (202,8,5,'0','0','0','0','0','0','0','2011-10-18 09:10:33',1,NULL,1),
 (203,8,11,'0','0','0','0','0','0','0','2011-10-18 09:10:33',1,NULL,1),
 (204,8,3,'0','0','0','0','0','0','0','2011-10-18 09:10:33',1,NULL,1),
 (205,8,13,'0','0','0','0','0','0','0','2011-10-18 09:10:33',1,NULL,1),
 (206,1,37,'0','0','1','0','0','0','0','2011-11-28 15:35:40',2,NULL,2),
 (207,3,37,'0','0','1','0','0','0','0','2011-11-16 12:33:31',2,NULL,2),
 (208,3,36,'0','0','0','0','0','0','0','2011-11-16 12:33:31',2,NULL,2),
 (209,3,35,'0','0','0','0','0','0','0','2011-11-16 12:33:31',2,NULL,2),
 (210,2,37,'0','0','1','0','0','0','0','2012-02-17 12:31:39',27,NULL,27),
 (211,5,37,'0','0','1','0','0','0','0','2011-11-30 11:17:06',2,NULL,2),
 (212,4,37,'0','0','1','0','0','0','0','2011-11-28 15:37:00',2,NULL,2),
 (213,1,38,'0','0','1','0','0','0','0','2011-11-28 15:35:40',2,NULL,2),
 (214,4,38,'0','0','1','0','0','0','0','2011-11-28 15:37:00',2,NULL,2),
 (215,2,38,'0','0','0','0','0','0','0','2012-02-17 12:31:39',27,NULL,27),
 (216,7,31,'0','0','0','0','0','0','0','2011-11-28 15:13:27',2,NULL,2),
 (217,7,7,'0','0','0','0','0','0','0','2011-11-28 15:13:27',2,NULL,2),
 (218,7,28,'0','0','0','0','0','0','0','2011-11-28 15:13:27',2,NULL,2),
 (219,7,4,'0','0','0','0','0','0','0','2011-11-28 15:13:27',2,NULL,2),
 (220,7,30,'0','0','0','0','0','0','0','2011-11-28 15:13:27',2,NULL,2),
 (221,7,16,'0','0','1','1','0','0','0','2011-11-28 15:13:27',2,NULL,2),
 (222,7,15,'0','0','1','1','0','0','0','2011-11-28 15:13:27',2,NULL,2),
 (223,7,14,'0','0','1','1','0','0','0','2011-11-28 15:13:27',2,NULL,2),
 (224,7,22,'0','0','1','1','0','0','0','2011-11-28 15:13:27',2,NULL,2),
 (225,7,17,'0','0','1','1','0','0','0','2011-11-28 15:13:27',2,NULL,2),
 (226,7,10,'0','0','1','1','0','0','0','2011-11-28 15:13:27',2,NULL,2),
 (227,7,6,'0','0','1','0','0','0','0','2011-11-28 15:13:27',2,NULL,2),
 (228,7,37,'0','0','1','0','0','0','0','2011-11-28 15:13:27',2,NULL,2),
 (229,7,9,'0','0','1','1','0','0','0','2011-11-28 15:13:27',2,NULL,2),
 (230,7,27,'0','0','0','0','0','0','0','2011-11-28 15:13:27',2,NULL,2),
 (231,7,32,'0','0','1','1','0','0','0','2011-11-28 15:13:27',2,NULL,2),
 (232,7,39,'1','1','1','1','1','0','0','2011-11-28 15:13:27',2,NULL,2),
 (233,7,1,'0','0','0','0','0','0','0','2011-11-28 15:13:27',2,NULL,2),
 (234,7,2,'0','0','0','0','0','0','0','2011-11-28 15:13:27',2,NULL,2),
 (235,7,20,'0','0','1','1','0','0','0','2011-11-28 15:13:27',2,NULL,2),
 (236,7,29,'0','0','0','0','0','0','0','2011-11-28 15:13:27',2,NULL,2),
 (237,7,38,'0','0','0','0','0','0','0','2011-11-28 15:13:27',2,NULL,2),
 (238,7,25,'0','0','0','0','0','0','0','2011-11-28 15:13:27',2,NULL,2),
 (239,7,36,'0','0','0','0','0','0','0','2011-11-28 15:13:27',2,NULL,2),
 (240,7,19,'1','1','1','1','1','0','0','2011-11-28 15:13:27',2,NULL,2),
 (241,7,34,'0','0','1','1','0','0','0','2011-11-28 15:13:27',2,NULL,2),
 (242,7,35,'0','0','0','0','0','0','0','2011-11-28 15:13:27',2,NULL,2),
 (243,7,12,'0','0','1','1','0','0','0','2011-11-28 15:13:27',2,NULL,2),
 (244,7,18,'0','0','1','1','0','0','0','2011-11-28 15:13:27',2,NULL,2),
 (245,7,23,'0','0','1','1','0','0','0','2011-11-28 15:13:27',2,NULL,2),
 (246,7,8,'0','0','1','1','0','0','0','2011-11-28 15:13:27',2,NULL,2),
 (247,7,21,'0','0','1','0','0','0','0','2011-11-28 15:13:27',2,NULL,2),
 (248,7,33,'0','0','1','1','0','0','0','2011-11-28 15:13:27',2,NULL,2),
 (249,7,5,'0','0','0','0','0','0','0','2011-11-28 15:13:27',2,NULL,2),
 (250,7,11,'0','0','1','1','0','0','0','2011-11-28 15:13:27',2,NULL,2),
 (251,7,3,'0','1','1','0','0','0','0','2011-11-28 15:13:27',2,NULL,2),
 (252,7,13,'0','0','1','1','0','0','0','2011-11-28 15:13:27',2,NULL,2),
 (253,1,39,'1','1','1','1','1','0','1','2011-11-28 15:35:40',2,NULL,2),
 (254,2,39,'0','1','1','1','0','0','0','2012-02-17 12:31:39',27,NULL,27),
 (255,4,39,'1','1','1','1','1','0','1','2011-11-28 15:37:00',2,NULL,2),
 (256,5,39,'0','0','0','0','0','0','0','2011-11-30 11:17:06',2,NULL,2),
 (257,5,38,'0','0','0','0','0','0','0','2011-11-30 11:17:06',2,NULL,2),
 (258,2,40,'0','1','1','1','0','0','0','2012-02-17 12:31:39',27,NULL,27),
 (259,4,40,'1','1','1','1','1','0','0','2011-12-06 09:29:25',2,NULL,2),
 (260,1,40,'1','1','1','1','1','0','0','2011-12-06 09:32:50',2,NULL,2),
 (261,1,41,'0','0','1','0','0','0','0','2011-11-28 15:35:40',2,NULL,2),
 (262,4,41,'0','0','1','0','0','0','0','2011-11-28 15:35:40',2,NULL,2),
 (263,1,42,'0','0','1','0','0','0','0','2011-11-28 15:35:40',2,NULL,2),
 (264,4,42,'0','0','1','0','0','0','0','2011-11-28 15:35:40',2,NULL,2),
 (265,1,43,'0','0','1','0','0','0','0','2011-11-28 15:35:40',2,NULL,2),
 (266,4,43,'0','0','1','0','0','0','0','2011-11-28 15:35:40',2,NULL,2),
 (267,1,44,'0','0','1','0','0','0','0','2011-11-28 15:35:40',2,NULL,2),
 (268,4,44,'0','0','1','0','0','0','0','2011-11-28 15:35:40',2,NULL,2),
 (269,9,31,'0','0','0','0','0','0','0','2012-01-25 09:42:52',27,NULL,NULL),
 (270,9,7,'0','0','0','0','0','0','0','2012-01-25 09:42:52',27,NULL,NULL),
 (271,9,28,'0','0','0','0','0','0','0','2012-01-25 09:42:52',27,NULL,NULL),
 (272,9,4,'0','0','0','0','0','0','0','2012-01-25 09:42:52',27,NULL,NULL),
 (273,9,30,'0','0','0','0','0','0','0','2012-01-25 09:42:52',27,NULL,NULL),
 (274,9,16,'0','0','0','0','0','0','0','2012-01-25 09:42:52',27,NULL,NULL),
 (275,9,15,'0','0','1','1','0','0','0','2012-01-25 09:42:52',27,NULL,NULL),
 (276,9,14,'0','0','1','1','0','0','0','2012-01-25 09:42:52',27,NULL,NULL),
 (277,9,22,'0','0','1','1','0','0','0','2012-01-25 09:42:52',27,NULL,NULL),
 (278,9,17,'0','0','1','1','0','0','0','2012-01-25 09:42:52',27,NULL,NULL),
 (279,9,10,'0','0','1','1','0','0','0','2012-01-25 09:42:52',27,NULL,NULL),
 (280,9,42,'0','0','0','0','0','0','0','2012-01-25 09:42:52',27,NULL,NULL),
 (281,9,41,'0','0','0','0','0','0','0','2012-01-25 09:42:52',27,NULL,NULL),
 (282,9,6,'0','0','1','0','0','0','0','2012-01-25 09:42:52',27,NULL,NULL),
 (283,9,37,'0','0','1','0','0','0','0','2012-01-25 09:42:52',27,NULL,NULL),
 (284,9,9,'0','0','1','1','0','0','0','2012-01-25 09:42:52',27,NULL,NULL),
 (285,9,27,'0','0','0','0','0','0','0','2012-01-25 09:42:52',27,NULL,NULL),
 (286,9,32,'0','0','1','1','0','0','0','2012-01-25 09:42:52',27,NULL,NULL),
 (287,9,44,'0','0','0','0','0','0','0','2012-01-25 09:42:52',27,NULL,NULL),
 (288,9,43,'0','0','0','0','0','0','0','2012-01-25 09:42:52',27,NULL,NULL),
 (289,9,39,'0','0','1','1','0','0','0','2012-01-25 09:42:52',27,NULL,NULL),
 (290,9,1,'0','0','0','0','0','0','0','2012-01-25 09:42:52',27,NULL,NULL),
 (291,9,2,'0','0','0','0','0','0','0','2012-01-25 09:42:52',27,NULL,NULL),
 (292,9,40,'0','0','0','0','0','0','0','2012-01-25 09:42:52',27,NULL,NULL),
 (293,9,20,'0','0','1','1','0','0','0','2012-01-25 09:42:52',27,NULL,NULL),
 (294,9,29,'0','0','0','0','0','0','0','2012-01-25 09:42:52',27,NULL,NULL),
 (295,9,38,'0','0','0','0','0','0','0','2012-01-25 09:42:52',27,NULL,NULL),
 (296,9,25,'0','0','0','0','0','0','0','2012-01-25 09:42:52',27,NULL,NULL),
 (297,9,36,'0','0','0','0','0','0','0','2012-01-25 09:42:52',27,NULL,NULL),
 (298,9,19,'1','1','1','1','1','0','0','2012-01-25 09:42:52',27,NULL,NULL),
 (299,9,34,'1','1','1','1','1','0','0','2012-01-25 09:42:52',27,NULL,NULL),
 (300,9,35,'0','0','0','0','0','0','0','2012-01-25 09:42:52',27,NULL,NULL),
 (301,9,12,'0','0','1','1','0','0','0','2012-01-25 09:42:52',27,NULL,NULL),
 (302,9,18,'0','0','1','1','0','0','0','2012-01-25 09:42:52',27,NULL,NULL),
 (303,9,23,'0','0','1','1','0','0','0','2012-01-25 09:42:52',27,NULL,NULL),
 (304,9,8,'0','0','1','1','0','0','0','2012-01-25 09:42:52',27,NULL,NULL),
 (305,9,21,'0','0','1','0','0','0','0','2012-01-25 09:42:52',27,NULL,NULL),
 (306,9,33,'0','0','1','1','0','0','0','2012-01-25 09:42:52',27,NULL,NULL),
 (307,9,5,'0','0','0','0','0','0','0','2012-01-25 09:42:52',27,NULL,NULL),
 (308,9,11,'0','0','1','1','0','0','0','2012-01-25 09:42:52',27,NULL,NULL),
 (309,9,3,'0','1','1','0','0','0','0','2012-01-25 09:42:52',27,NULL,NULL),
 (310,9,13,'0','0','1','1','0','0','0','2012-01-25 09:42:52',27,NULL,NULL),
 (311,2,42,'0','0','0','0','0','0','0','2012-02-17 12:31:39',27,NULL,27),
 (312,2,41,'0','0','1','0','0','0','0','2012-02-17 12:31:39',27,NULL,27),
 (313,2,44,'0','0','0','0','0','0','0','2012-02-17 12:31:39',27,NULL,27),
 (314,2,43,'0','0','0','0','0','0','0','2012-02-17 12:31:39',27,NULL,27),
 (315,1,47,'1','1','1','1','1','1','1','2012-02-08 11:17:28',2,NULL,2),
 (316,1,45,'1','1','1','1','1','1','1','2012-02-08 11:17:28',2,NULL,2),
 (317,1,51,'1','1','1','1','1','1','1','2012-02-08 11:17:28',2,NULL,2),
 (318,1,49,'1','1','1','1','1','1','1','2012-02-08 11:17:28',2,NULL,2),
 (319,1,50,'1','1','1','1','1','1','1','2012-02-08 11:17:28',2,NULL,2),
 (320,1,46,'1','1','1','1','1','1','1','2012-02-08 11:17:28',2,NULL,2),
 (321,1,48,'1','1','1','1','1','1','1','2012-02-08 11:17:29',2,NULL,2),
 (322,4,47,'1','1','1','1','1','1','1','2012-02-08 11:18:47',2,NULL,2),
 (323,4,45,'1','1','1','1','1','1','1','2012-02-08 11:18:47',2,NULL,2),
 (324,4,51,'1','1','1','1','1','1','1','2012-02-08 11:18:47',2,NULL,2),
 (325,4,49,'1','1','1','1','1','1','1','2012-02-08 11:18:47',2,NULL,2),
 (326,4,50,'1','1','1','1','1','1','1','2012-02-08 11:18:47',2,NULL,2),
 (327,4,46,'1','1','1','1','1','1','1','2012-02-08 11:18:47',2,NULL,2),
 (328,4,48,'1','1','1','1','1','1','1','2012-02-08 11:18:47',2,NULL,2),
 (329,10,47,'1','1','1','1','1','1','1','2013-05-05 20:42:01',1,NULL,1),
 (330,10,45,'1','1','1','1','1','1','1','2013-05-05 20:42:01',1,NULL,1),
 (331,10,51,'1','1','1','1','1','1','0','2013-05-05 20:42:01',1,NULL,1),
 (332,10,49,'1','1','1','1','1','1','0','2013-05-05 20:42:01',1,NULL,1),
 (333,10,50,'1','1','1','1','1','1','0','2013-05-05 20:42:01',1,NULL,1),
 (334,10,46,'1','1','1','1','1','1','1','2013-05-05 20:42:01',1,NULL,1),
 (335,10,48,'1','1','1','1','1','1','1','2013-05-05 20:42:01',1,NULL,1),
 (336,10,31,'0','0','0','0','0','0','0','2013-05-05 20:42:01',1,NULL,1),
 (337,10,7,'0','0','0','0','0','0','0','2013-05-05 20:42:01',1,NULL,1),
 (338,10,28,'0','0','0','0','0','0','0','2013-05-05 20:42:01',1,NULL,1),
 (339,10,4,'0','0','0','0','0','0','0','2013-05-05 20:42:01',1,NULL,1),
 (340,10,30,'0','0','0','0','0','0','0','2013-05-05 20:42:01',1,NULL,1),
 (341,10,16,'1','1','1','1','1','1','0','2013-05-05 20:42:01',1,NULL,1),
 (342,10,15,'1','1','1','1','1','1','0','2013-05-05 20:42:01',1,NULL,1),
 (343,10,14,'1','1','1','1','1','1','0','2013-05-05 20:42:01',1,NULL,1),
 (344,10,22,'1','1','1','1','0','0','0','2013-05-05 20:42:01',1,NULL,1),
 (345,10,17,'1','1','1','1','1','1','0','2013-05-05 20:42:01',1,NULL,1),
 (346,10,10,'1','1','1','1','1','1','0','2013-05-05 20:42:01',1,NULL,1),
 (347,10,42,'0','0','0','0','0','0','0','2013-05-05 20:42:01',1,NULL,1),
 (348,10,41,'0','0','0','0','0','0','0','2013-05-05 20:42:01',1,NULL,1),
 (349,10,6,'0','0','1','0','0','0','0','2013-05-05 20:42:01',1,NULL,1),
 (350,10,37,'0','0','1','0','0','0','0','2013-05-05 20:42:01',1,NULL,1),
 (351,10,9,'1','1','1','1','1','1','0','2013-05-05 20:42:01',1,NULL,1),
 (352,10,27,'0','0','0','0','0','0','0','2013-05-05 20:42:01',1,NULL,1),
 (353,10,32,'0','0','0','0','0','0','0','2013-05-05 20:42:01',1,NULL,1),
 (354,10,44,'0','0','0','0','0','0','0','2013-05-05 20:42:01',1,NULL,1),
 (355,10,43,'0','0','0','0','0','0','0','2013-05-05 20:42:01',1,NULL,1),
 (356,10,39,'0','0','0','0','0','0','0','2013-05-05 20:42:01',1,NULL,1),
 (357,10,1,'0','0','0','0','0','0','0','2013-05-05 20:42:01',1,NULL,1),
 (358,10,2,'0','0','0','0','0','0','0','2013-05-05 20:42:01',1,NULL,1),
 (359,10,40,'0','0','0','0','0','0','0','2013-05-05 20:42:01',1,NULL,1),
 (360,10,20,'0','0','0','0','0','0','0','2013-05-05 20:42:01',1,NULL,1),
 (361,10,29,'0','0','0','0','0','0','0','2013-05-05 20:42:01',1,NULL,1),
 (362,10,38,'0','0','0','0','0','0','0','2013-05-05 20:42:01',1,NULL,1),
 (363,10,25,'0','0','0','0','0','0','0','2013-05-05 20:42:01',1,NULL,1),
 (364,10,36,'0','0','0','0','0','0','0','2013-05-05 20:42:01',1,NULL,1),
 (365,10,19,'0','0','0','0','0','0','0','2013-05-05 20:42:01',1,NULL,1),
 (366,10,34,'0','0','0','0','0','0','0','2013-05-05 20:42:01',1,NULL,1),
 (367,10,35,'0','0','0','0','0','0','0','2013-05-05 20:42:01',1,NULL,1),
 (368,10,12,'1','1','1','1','1','1','0','2013-05-05 20:42:01',1,NULL,1),
 (369,10,18,'0','0','0','0','0','0','0','2013-05-05 20:42:01',1,NULL,1),
 (370,10,23,'0','0','0','0','0','0','0','2013-05-05 20:42:01',1,NULL,1),
 (371,10,8,'1','1','1','1','1','1','0','2013-05-05 20:42:01',1,NULL,1),
 (372,10,21,'0','0','0','0','0','0','0','2013-05-05 20:42:01',1,NULL,1),
 (373,10,33,'0','0','0','0','0','0','0','2013-05-05 20:42:01',1,NULL,1),
 (374,10,5,'0','0','0','0','0','0','0','2013-05-05 20:42:01',1,NULL,1),
 (375,10,11,'1','1','1','1','1','1','0','2013-05-05 20:42:01',1,NULL,1),
 (376,10,3,'0','1','1','0','0','0','0','2013-05-05 20:42:01',1,NULL,1),
 (377,10,13,'1','1','1','1','1','1','0','2013-05-05 20:42:01',1,NULL,1),
 (378,1,52,'1','1','1','1','1','1','1','2012-01-25 16:52:46',1,NULL,1),
 (379,2,52,'1','1','1','1','1','1','1','2012-01-26 21:37:46',27,NULL,27),
 (380,4,52,'1','1','1','1','1','1','1','2012-01-26 21:37:55',27,NULL,27),
 (381,10,52,'1','1','1','1','1','1','1','2013-05-05 20:42:01',1,NULL,1),
 (382,10,53,'1','1','1','1','1','1','0','2013-05-05 20:42:01',1,NULL,1),
 (383,1,54,'1','1','1','1','1','1','1','2012-01-25 16:52:46',1,NULL,1),
 (384,2,54,'1','1','1','1','1','1','1','2012-01-26 21:37:46',27,NULL,27),
 (385,4,54,'1','1','1','1','1','1','1','2012-01-26 21:37:55',27,NULL,27),
 (386,10,54,'1','1','1','1','1','1','0','2013-05-05 20:42:01',1,NULL,1),
 (387,1,55,'1','1','1','1','1','1','1','2012-01-25 16:52:46',1,NULL,1),
 (388,2,55,'1','1','1','1','1','1','1','2012-01-26 21:37:46',27,NULL,27),
 (389,4,55,'1','1','1','1','1','1','1','2012-01-26 21:37:55',27,NULL,27),
 (390,10,55,'1','1','1','1','1','0','0','2013-05-05 20:42:01',1,NULL,1),
 (391,1,56,'1','1','1','1','1','1','1','2012-01-25 16:52:46',1,NULL,1),
 (392,2,56,'1','1','1','1','1','1','1','2012-01-26 21:37:46',27,NULL,27),
 (393,4,56,'1','1','1','1','1','1','1','2012-01-26 21:37:55',27,NULL,27),
 (394,10,56,'1','1','1','1','1','1','0','2013-05-05 20:42:01',1,NULL,1),
 (395,11,31,'0','0','0','0','0','0','0','2013-05-05 20:42:15',1,NULL,1),
 (396,11,47,'1','1','1','1','1','1','1','2013-05-05 20:42:15',1,NULL,1),
 (397,11,7,'0','0','0','0','0','0','0','2013-05-05 20:42:15',1,NULL,1),
 (398,11,28,'0','0','0','0','0','0','0','2013-05-05 20:42:15',1,NULL,1),
 (399,11,4,'0','0','0','0','0','0','0','2013-05-05 20:42:15',1,NULL,1),
 (400,11,30,'0','0','0','0','0','0','0','2013-05-05 20:42:15',1,NULL,1),
 (401,11,56,'1','1','1','1','1','1','0','2013-05-05 20:42:15',1,NULL,1),
 (402,11,16,'1','1','1','1','1','1','0','2013-05-05 20:42:15',1,NULL,1),
 (403,11,15,'1','1','1','1','1','1','0','2013-05-05 20:42:15',1,NULL,1),
 (404,11,14,'1','1','1','1','1','1','0','2013-05-05 20:42:15',1,NULL,1),
 (405,11,22,'1','1','1','1','0','0','0','2013-05-05 20:42:15',1,NULL,1),
 (406,11,17,'1','1','1','1','1','1','0','2013-05-05 20:42:15',1,NULL,1),
 (407,11,10,'1','1','1','1','1','1','0','2013-05-05 20:42:15',1,NULL,1),
 (408,11,45,'1','1','1','1','1','1','1','2013-05-05 20:42:15',1,NULL,1),
 (409,11,42,'0','0','0','0','0','0','0','2013-05-05 20:42:15',1,NULL,1),
 (410,11,41,'0','0','0','0','0','0','0','2013-05-05 20:42:15',1,NULL,1),
 (411,11,6,'0','0','1','0','0','0','0','2013-05-05 20:42:15',1,NULL,1),
 (412,11,37,'0','0','1','0','0','0','0','2013-05-05 20:42:15',1,NULL,1),
 (413,11,9,'1','1','1','1','1','1','0','2013-05-05 20:42:15',1,NULL,1),
 (414,11,51,'1','1','1','1','1','1','1','2013-05-05 20:42:15',1,NULL,1),
 (415,11,27,'0','0','0','0','0','0','0','2013-05-05 20:42:15',1,NULL,1),
 (416,11,49,'1','1','1','1','1','1','1','2013-05-05 20:42:15',1,NULL,1),
 (417,11,32,'0','0','0','0','0','0','0','2013-05-05 20:42:15',1,NULL,1),
 (418,11,50,'1','1','1','1','1','1','1','2013-05-05 20:42:15',1,NULL,1),
 (419,11,44,'0','0','0','0','0','0','0','2013-05-05 20:42:15',1,NULL,1),
 (420,11,43,'0','0','0','0','0','0','0','2013-05-05 20:42:15',1,NULL,1),
 (421,11,39,'0','0','0','0','0','0','0','2013-05-05 20:42:15',1,NULL,1),
 (422,11,55,'1','1','1','1','1','1','0','2013-05-05 20:42:15',1,NULL,1),
 (423,11,46,'1','1','1','1','1','1','1','2013-05-05 20:42:15',1,NULL,1),
 (424,11,53,'1','1','1','1','1','1','0','2013-05-05 20:42:15',1,NULL,1),
 (425,11,52,'1','1','1','1','1','1','1','2013-05-05 20:42:15',1,NULL,1),
 (426,11,1,'0','0','0','0','0','0','0','2013-05-05 20:42:15',1,NULL,1),
 (427,11,2,'0','0','0','0','0','0','0','2013-05-05 20:42:15',1,NULL,1),
 (428,11,40,'0','0','0','0','0','0','0','2013-05-05 20:42:15',1,NULL,1),
 (429,11,20,'0','0','0','0','0','0','0','2013-05-05 20:42:15',1,NULL,1),
 (430,11,29,'0','0','0','0','0','0','0','2013-05-05 20:42:15',1,NULL,1),
 (431,11,38,'0','0','0','0','0','0','0','2013-05-05 20:42:15',1,NULL,1),
 (432,11,25,'0','0','0','0','0','0','0','2013-05-05 20:42:15',1,NULL,1),
 (433,11,36,'0','0','0','0','0','0','0','2013-05-05 20:42:15',1,NULL,1),
 (434,11,19,'0','0','0','0','0','0','0','2013-05-05 20:42:15',1,NULL,1),
 (435,11,34,'0','0','0','0','0','0','0','2013-05-05 20:42:15',1,NULL,1),
 (436,11,35,'0','0','0','0','0','0','0','2013-05-05 20:42:15',1,NULL,1),
 (437,11,12,'1','1','1','1','1','1','0','2013-05-05 20:42:15',1,NULL,1),
 (438,11,18,'0','0','0','0','0','0','0','2013-05-05 20:42:15',1,NULL,1),
 (439,11,23,'0','0','0','0','0','0','0','2013-05-05 20:42:15',1,NULL,1),
 (440,11,8,'1','1','1','1','1','1','0','2013-05-05 20:42:15',1,NULL,1),
 (441,11,21,'0','0','1','0','0','0','0','2013-05-05 20:42:15',1,NULL,1),
 (442,11,33,'0','0','0','0','0','0','0','2013-05-05 20:42:15',1,NULL,1),
 (443,11,5,'0','0','0','0','0','0','0','2013-05-05 20:42:15',1,NULL,1),
 (444,11,11,'1','1','1','1','1','1','0','2013-05-05 20:42:15',1,NULL,1),
 (445,11,48,'1','1','1','1','1','1','1','2013-05-05 20:42:15',1,NULL,1),
 (446,11,3,'1','1','1','1','1','0','0','2013-05-05 20:42:15',1,NULL,1),
 (447,11,13,'1','1','1','1','1','1','0','2013-05-05 20:42:15',1,NULL,1),
 (448,11,54,'1','1','1','1','1','1','0','2013-05-05 20:42:15',1,NULL,1),
 (449,10,57,'0','0','1','0','0','0','0','2013-05-05 20:42:01',1,NULL,1),
 (450,10,58,'0','0','0','0','0','0','0','2013-05-05 20:42:01',1,NULL,1),
 (451,11,57,'0','0','0','0','0','0','0','2013-05-05 20:42:15',1,NULL,1),
 (452,11,58,'0','0','1','0','0','0','0','2013-05-05 20:42:15',1,NULL,1),
 (453,11,63,'1','1','1','1','1','0','0','2013-05-05 20:42:15',1,NULL,1),
 (454,10,63,'1','1','1','1','1','0','0','2013-05-05 20:42:01',1,NULL,1);
/*!40000 ALTER TABLE `aclpermission` ENABLE KEYS */;


--
-- Definition of table `aclresource`
--

DROP TABLE IF EXISTS `aclresource`;
CREATE TABLE `aclresource` (
  `id` int(11) unsigned NOT NULL AUTO_INCREMENT,
  `name` varchar(50) NOT NULL,
  `description` varchar(255) NOT NULL,
  `create` enum('1','0') NOT NULL DEFAULT '0',
  `edit` enum('1','0') NOT NULL DEFAULT '0',
  `view` enum('1','0') NOT NULL DEFAULT '0',
  `list` enum('1','0') NOT NULL DEFAULT '0',
  `delete` enum('1','0') NOT NULL DEFAULT '0',
  `approve` enum('1','0') NOT NULL DEFAULT '0',
  `export` enum('1','0') NOT NULL DEFAULT '0',
  `datecreated` datetime NOT NULL,
  `createdby` int(11) unsigned NOT NULL,
  `lastupdatedate` datetime DEFAULT NULL,
  `lastupdatedby` int(11) unsigned DEFAULT NULL,
  PRIMARY KEY (`id`),
  KEY `fk_resource_createdby` (`createdby`),
  KEY `fk_resource_lastupdatedby` (`lastupdatedby`),
  CONSTRAINT `fk_resource_createdby` FOREIGN KEY (`createdby`) REFERENCES `useraccount` (`id`) ON DELETE CASCADE ON UPDATE CASCADE,
  CONSTRAINT `fk_resource_lastupdatedby` FOREIGN KEY (`lastupdatedby`) REFERENCES `useraccount` (`id`) ON DELETE CASCADE ON UPDATE CASCADE
) ENGINE=InnoDB AUTO_INCREMENT=64 DEFAULT CHARSET=utf8;

--
-- Dumping data for table `aclresource`
--

/*!40000 ALTER TABLE `aclresource` DISABLE KEYS */;
INSERT INTO `aclresource` (`id`,`name`,`description`,`create`,`edit`,`view`,`list`,`delete`,`approve`,`export`,`datecreated`,`createdby`,`lastupdatedate`,`lastupdatedby`) VALUES 
 (1,'Lookup Type','Look up types','0','0','1','1','0','0','1','2011-01-01 12:00:00',1,NULL,NULL),
 (2,'Lookup Value','Values for the lookup type','1','1','1','1','1','0','1','2011-01-01 12:00:00',1,NULL,NULL),
 (3,'User Account','A user within the application','1','1','1','1','1','0','1','2011-01-01 12:00:00',1,NULL,NULL),
 (4,'Audit Trail','Log of selected transactions within the application','0','0','1','1','0','0','1','2011-01-01 12:00:00',1,NULL,NULL),
 (5,'Role','Actions a member can execute on resources','1','1','1','1','1','0','1','2011-01-01 12:00:00',1,NULL,NULL),
 (6,'Dashboard','user dashboard','0','0','1','0','0','0','0','2011-02-11 13:22:16',1,NULL,NULL),
 (7,'Application Settings','Application Administration','1','1','1','1','0','0','0','2011-03-28 10:45:42',1,NULL,NULL),
 (8,'Region','Regions in Uganda','1','1','1','1','1','0','1','2011-03-28 13:37:09',1,NULL,NULL),
 (9,'District','','1','1','1','1','1','0','1','2011-03-28 13:38:17',1,NULL,NULL),
 (10,'County','','1','1','1','1','1','0','1','2011-03-28 13:45:46',1,NULL,NULL),
 (11,'Subcounty','','1','1','1','1','1','0','1','2011-03-28 13:46:01',1,NULL,NULL),
 (12,'Parish','','1','1','1','1','1','0','1','2011-03-28 13:46:24',1,NULL,NULL),
 (13,'Village','','1','1','1','1','1','0','1','2011-03-28 13:46:38',1,NULL,NULL),
 (14,'Commodity Category','Category for classifying commodities','1','1','1','1','1','0','1','2011-03-28 19:38:57',1,NULL,NULL),
 (15,'Commodity','commodity on which prices are submitted','1','1','1','1','1','0','1','2011-03-28 19:39:26',1,NULL,NULL),
 (16,'Business Directory Category','category within the business directory','1','1','1','1','1','0','1','2011-03-28 19:39:26',1,NULL,NULL),
 (17,'Contact','contact person or organization in business directory','1','1','1','1','1','0','1','2011-03-28 19:39:26',1,NULL,NULL),
 (18,'Price Category','different types of prices that a commodity can have','1','1','1','1','1','0','1','2011-03-28 19:39:26',1,NULL,NULL),
 (19,'Offer','offers to buy and sell commodities','1','1','1','1','1','0','1','2011-03-28 19:39:26',1,NULL,NULL),
 (20,'Market Price','Commodity prices from Markets','1','1','1','1','1','1','1','2011-01-01 12:00:00',1,NULL,NULL),
 (21,'Report','Overview page for the different reports available','0','0','1','0','0','0','0','2011-01-01 12:00:00',1,NULL,NULL),
 (22,'Commodity Unit','units of measure for the different commodities','1','1','1','1','0','0','0','2011-01-01 12:00:00',1,NULL,NULL),
 (23,'Price Source','A source of price information','1','1','1','1','0','0','0','2011-01-01 12:00:00',1,NULL,NULL),
 (25,'Market Prices Report','Market Prices Report','0','0','1','0','0','0','0','2011-04-13 19:07:47',1,NULL,NULL),
 (27,'Expired Offer','Offer whose expiry date has reached','0','1','0','0','0','0','0','2011-04-26 17:09:22',1,NULL,NULL),
 (28,'Approved Price','Commodity prices that have been approved','0','1','0','0','0','0','0','2011-04-26 17:10:18',1,NULL,NULL),
 (29,'Market Price Comparison Report','Graph comparing wholesale and retail commodity prices in different markets over time','0','0','1','0','0','0','0','2011-04-13 19:07:47',1,NULL,NULL),
 (30,'Average Market Prices Summary Report','Graph shoing average wholesale and retail commodity prices in different markets over time','0','0','1','0','0','0','0','2011-04-13 19:07:47',1,NULL,NULL),
 (31,'Aggregated Market Prices Detail Report','Report showing min, max, average and S.D for wholesale and retail commodity prices in different markets over time','0','0','1','0','0','0','0','2011-04-13 19:07:47',1,NULL,NULL),
 (32,'Fuel Price','Fuel prices','1','1','1','1','1','1','1','2011-05-20 12:55:40',1,NULL,NULL),
 (33,'Retail Price','Retail Prices for commodities','1','1','1','1','1','1','1','2011-05-20 12:57:12',1,NULL,NULL),
 (34,'Organic Price','Organic Prices for commodities','1','1','1','1','1','1','1','2011-05-20 12:57:12',1,NULL,NULL),
 (35,'Organisation','','1','1','1','1','1','1','1','2011-10-10 16:30:46',1,NULL,NULL),
 (36,'Multiple Price Sources','Submission of prices from multiple markets','0','0','1','0','0','0','0','2011-10-12 09:51:23',1,NULL,NULL),
 (37,'Data Entry','','0','0','1','0','0','0','0','2011-10-23 15:34:39',1,NULL,NULL),
 (38,'Market Prices Detail Report','','0','0','1','0','0','0','0','2011-10-23 15:34:39',1,NULL,NULL),
 (39,'Input Price','Input Prices for commodities','1','1','1','1','1','1','1','2011-05-20 12:57:12',1,NULL,NULL),
 (40,'Market Analysis Report','weekly market analysis report','1','1','1','1','1','0','0','2011-12-06 09:25:37',1,NULL,NULL),
 (41,'Current Market Prices Report','Report showing the current prices for market commoditites','0','0','1','0','0','0','0','2011-04-13 19:07:47',1,NULL,NULL),
 (42,'Current Fuel Prices Report','Report showing the current prices for fuel','0','0','1','0','0','0','0','2011-04-13 19:07:47',1,NULL,NULL),
 (43,'Historical Market Prices Report','Report showing the historical market prices','0','0','1','0','0','0','0','2011-04-13 19:07:47',1,NULL,NULL),
 (44,'Historical Fuel Prices Report','Report showing the historical fuel prices','0','0','1','0','0','0','0','2011-04-13 19:07:47',1,NULL,NULL),
 (45,'Crop Production','Crop Production Information','1','1','1','1','1','1','1','2012-02-08 10:29:24',1,NULL,NULL),
 (46,'Livestock Production','Livestock Production','1','1','1','1','1','1','1','2012-02-08 10:30:13',1,NULL,NULL),
 (47,'Agricultural Chemical','Agricultural Chemical','1','1','1','1','1','1','1','2012-02-08 10:30:48',1,NULL,NULL),
 (48,'Tourist Attraction','profile of a tourist attraction within a distroct','1','1','1','1','1','1','1','2012-02-08 10:31:33',1,NULL,NULL),
 (49,'Fish Production','Fishing Sector Information','1','1','1','1','1','1','1','2012-02-08 10:31:54',1,NULL,NULL),
 (50,'Handcraft Production','Handcraft Sector Information','1','1','1','1','1','1','1','2012-02-08 10:32:19',1,NULL,NULL),
 (51,'LGMIS Business Directory','District Business Directory','1','1','1','1','1','1','1','2012-02-08 10:32:56',1,NULL,NULL),
 (52,'Location Statistic','The different statistics for locations','1','1','1','1','1','1','1','2012-01-25 16:48:36',1,NULL,NULL),
 (53,'Location Details','The details of a district','1','1','1','1','1','0','1','2012-02-29 14:12:00',1,NULL,NULL),
 (54,'Water Body','The details of a district','1','1','1','1','1','0','1','2012-02-29 14:12:00',1,NULL,NULL),
 (55,'Landing Site','The details of a district','1','1','1','1','1','0','1','2012-02-29 14:12:00',1,NULL,NULL),
 (56,'Boat','The details of a district','1','1','1','1','1','0','1','2012-02-29 14:12:00',1,NULL,NULL),
 (57,'Is District Official','Whether logged in user is a district official','0','0','1','0','0','0','0','2012-02-29 14:12:00',1,NULL,NULL),
 (58,'Setup LGMIS District','Whether logged in user is a lgmis super admin','0','0','1','0','0','0','1','2012-02-29 14:12:00',1,NULL,NULL),
 (63,'Input Production','Information on cost of inputs','1','1','1','1','1','0','0','2013-05-06 01:06:37',1,NULL,NULL);
/*!40000 ALTER TABLE `aclresource` ENABLE KEYS */;


--
-- Definition of table `aclusergroup`
--

DROP TABLE IF EXISTS `aclusergroup`;
CREATE TABLE `aclusergroup` (
  `id` int(11) unsigned NOT NULL AUTO_INCREMENT,
  `groupid` int(11) unsigned NOT NULL,
  `userid` int(11) unsigned DEFAULT NULL,
  PRIMARY KEY (`id`),
  UNIQUE KEY `unique_group_user` (`groupid`,`userid`),
  KEY `fk_aclusergroup_userid` (`userid`),
  CONSTRAINT `fk_aclusergroup_groupid` FOREIGN KEY (`groupid`) REFERENCES `aclgroup` (`id`) ON DELETE CASCADE ON UPDATE CASCADE,
  CONSTRAINT `fk_aclusergroup_userid` FOREIGN KEY (`userid`) REFERENCES `useraccount` (`id`) ON DELETE CASCADE ON UPDATE CASCADE
) ENGINE=InnoDB AUTO_INCREMENT=314 DEFAULT CHARSET=utf8;

--
-- Dumping data for table `aclusergroup`
--

/*!40000 ALTER TABLE `aclusergroup` DISABLE KEYS */;
INSERT INTO `aclusergroup` (`id`,`groupid`,`userid`) VALUES 
 (1,1,1),
 (2,1,2),
 (48,1,47),
 (272,1,300),
 (30,2,30),
 (32,2,31),
 (62,2,60),
 (72,2,70),
 (273,2,300),
 (5,3,5),
 (7,3,7),
 (8,3,8),
 (9,3,9),
 (10,3,10),
 (11,3,11),
 (12,3,12),
 (13,3,13),
 (14,3,14),
 (15,3,15),
 (16,3,16),
 (17,3,17),
 (18,3,18),
 (19,3,19),
 (20,3,20),
 (21,3,21),
 (22,3,22),
 (23,3,23),
 (24,3,24),
 (25,3,25),
 (26,3,26),
 (35,3,34),
 (42,3,41),
 (43,3,42),
 (44,3,43),
 (56,3,54),
 (68,3,66),
 (70,3,68),
 (71,3,69),
 (85,3,82),
 (86,3,83),
 (88,3,84),
 (164,3,192),
 (165,3,193),
 (181,3,209),
 (259,3,287),
 (260,3,288),
 (261,3,289),
 (262,3,290),
 (263,3,291),
 (264,3,292),
 (265,3,293),
 (4,4,4),
 (27,4,27),
 (28,4,28),
 (29,4,29),
 (74,4,30),
 (54,4,44),
 (150,4,145),
 (3,5,3),
 (45,5,44),
 (47,5,46),
 (49,5,48),
 (50,5,49),
 (51,5,50),
 (52,5,51),
 (53,5,52),
 (46,7,45),
 (87,7,83),
 (89,7,84),
 (55,8,53),
 (57,8,55),
 (58,8,56),
 (59,8,57),
 (61,8,59),
 (63,8,61),
 (64,8,62),
 (65,8,63),
 (66,8,64),
 (67,8,65),
 (69,8,67),
 (73,8,71),
 (75,8,72),
 (76,8,73),
 (77,8,74),
 (78,8,75),
 (79,8,76),
 (80,8,77),
 (81,8,78),
 (82,8,79),
 (84,8,81),
 (90,8,85),
 (91,8,86),
 (92,8,87),
 (93,8,88),
 (94,8,89),
 (95,8,90),
 (96,8,91),
 (97,8,92),
 (98,8,93),
 (99,8,94),
 (100,8,95),
 (101,8,96),
 (102,8,97),
 (103,8,98),
 (106,8,101),
 (107,8,102),
 (108,8,103),
 (109,8,104),
 (110,8,105),
 (111,8,106),
 (112,8,107),
 (113,8,108),
 (114,8,109),
 (115,8,110),
 (117,8,112),
 (118,8,113),
 (119,8,114),
 (120,8,115),
 (121,8,116),
 (122,8,117),
 (123,8,118),
 (124,8,119),
 (125,8,120),
 (128,8,123),
 (129,8,124),
 (130,8,125),
 (132,8,127),
 (134,8,129),
 (135,8,130),
 (136,8,131),
 (137,8,132),
 (138,8,133),
 (139,8,134),
 (140,8,135),
 (141,8,136),
 (142,8,137),
 (143,8,138),
 (144,8,139),
 (145,8,140),
 (146,8,141),
 (147,8,142),
 (148,8,143),
 (149,8,144),
 (151,8,146),
 (152,8,147),
 (153,8,148),
 (154,8,149),
 (155,8,150),
 (156,8,151),
 (158,8,186),
 (159,8,187),
 (160,8,188),
 (161,8,189),
 (162,8,190),
 (163,8,191),
 (166,8,194),
 (168,8,196),
 (169,8,197),
 (170,8,198),
 (171,8,199),
 (172,8,200),
 (173,8,201),
 (174,8,202),
 (175,8,203),
 (176,8,204),
 (177,8,205),
 (178,8,206),
 (179,8,207),
 (180,8,208),
 (182,8,210),
 (183,8,211),
 (184,8,212),
 (185,8,213),
 (186,8,214),
 (187,8,215),
 (188,8,216),
 (189,8,217),
 (190,8,218),
 (191,8,219),
 (192,8,220),
 (193,8,221),
 (194,8,222),
 (195,8,223),
 (196,8,224),
 (197,8,225),
 (198,8,226),
 (199,8,227),
 (200,8,228),
 (201,8,229),
 (202,8,230),
 (203,8,231),
 (204,8,232),
 (205,8,233),
 (206,8,234),
 (207,8,235),
 (208,8,236),
 (209,8,237),
 (210,8,238),
 (211,8,239),
 (212,8,240),
 (213,8,241),
 (214,8,242),
 (215,8,243),
 (216,8,244),
 (217,8,245),
 (218,8,246),
 (219,8,247),
 (220,8,248),
 (221,8,249),
 (222,8,250),
 (223,8,251),
 (224,8,252),
 (225,8,253),
 (226,8,254),
 (227,8,255),
 (228,8,256),
 (229,8,257),
 (230,8,258),
 (231,8,259),
 (232,8,260),
 (233,8,261),
 (234,8,262),
 (235,8,263),
 (236,8,264),
 (237,8,265),
 (238,8,266),
 (239,8,267),
 (240,8,268),
 (241,8,269),
 (242,8,270),
 (243,8,271),
 (244,8,272),
 (245,8,273),
 (246,8,274),
 (247,8,275),
 (248,8,276),
 (249,8,277),
 (250,8,278),
 (251,8,279),
 (252,8,280),
 (253,8,281),
 (254,8,282),
 (255,8,283),
 (256,8,284),
 (257,8,285),
 (258,8,286),
 (266,8,294),
 (267,8,295),
 (268,8,296),
 (269,8,297),
 (270,8,298),
 (271,8,299),
 (274,8,301),
 (275,8,302),
 (276,8,303),
 (277,8,304),
 (278,8,305),
 (279,8,306),
 (280,8,307),
 (281,8,308),
 (282,8,309),
 (283,8,310),
 (284,8,311),
 (285,8,312),
 (286,8,313),
 (287,8,314),
 (288,8,315),
 (289,8,316),
 (290,8,317),
 (291,8,318),
 (292,8,319),
 (293,8,320),
 (294,8,321),
 (295,8,322),
 (296,8,323),
 (297,8,324),
 (298,8,325),
 (299,8,326),
 (300,8,327),
 (301,8,328),
 (302,8,329),
 (303,8,330),
 (304,8,331),
 (305,8,332),
 (306,8,333),
 (307,8,334),
 (308,8,335),
 (309,8,336),
 (310,8,337),
 (60,9,58),
 (157,10,185),
 (167,10,195),
 (312,10,339),
 (313,10,340),
 (311,11,338);
/*!40000 ALTER TABLE `aclusergroup` ENABLE KEYS */;


--
-- Definition of table `appconfig`
--

DROP TABLE IF EXISTS `appconfig`;
CREATE TABLE `appconfig` (
  `id` int(11) unsigned NOT NULL AUTO_INCREMENT,
  `section` varchar(50) NOT NULL DEFAULT '',
  `optionname` varchar(50) NOT NULL,
  `description` varchar(255) NOT NULL,
  `optionvalue` varchar(255) DEFAULT '',
  `optiontype` varchar(15) DEFAULT '',
  `active` enum('Y','N') NOT NULL DEFAULT 'Y',
  `datecreated` datetime NOT NULL,
  `createdby` int(11) unsigned NOT NULL,
  `lastupdatedate` datetime DEFAULT NULL,
  `lastupdatedby` int(11) unsigned DEFAULT NULL,
  PRIMARY KEY (`id`),
  KEY `fk_appconfig_createdby` (`createdby`) USING BTREE,
  KEY `fk_appconfig_lastupdatedby` (`lastupdatedby`) USING BTREE,
  CONSTRAINT `fk_appconfig_createdby` FOREIGN KEY (`createdby`) REFERENCES `useraccount` (`id`) ON DELETE CASCADE ON UPDATE CASCADE,
  CONSTRAINT `fk_appconfig_lastupdatedby` FOREIGN KEY (`lastupdatedby`) REFERENCES `useraccount` (`id`) ON DELETE CASCADE ON UPDATE CASCADE
) ENGINE=InnoDB AUTO_INCREMENT=44 DEFAULT CHARSET=utf8;

--
-- Dumping data for table `appconfig`
--

/*!40000 ALTER TABLE `appconfig` DISABLE KEYS */;
INSERT INTO `appconfig` (`id`,`section`,`optionname`,`description`,`optionvalue`,`optiontype`,`active`,`datecreated`,`createdby`,`lastupdatedate`,`lastupdatedby`) VALUES 
 (1,'backup','retentionperiod','','30','int','Y','2011-05-18 08:59:47',1,NULL,NULL),
 (2,'backup','scriptfolder','The path relative to the APPLICATION_PATH variable, use a starting / since the variable is a folder name','/backup/scripts','text','Y','2011-05-18 09:00:12',1,NULL,NULL),
 (3,'backup','usegzip','Whether to use gzip compression or not, options are yes and no','no','text','Y','2011-05-18 09:49:32',1,NULL,NULL),
 (4,'backup','removesqlfile','Remove SQL file after processing, options are yes and no','no','text','Y','2011-05-18 09:50:49',1,NULL,NULL),
 (5,'backup','sendemail','Send backup via email, options are yes and no','no','text','Y','2011-05-18 09:51:20',1,NULL,NULL),
 (6,'currency','defaultsymbol','','Shs','text','Y','2011-05-18 09:51:50',1,NULL,NULL),
 (7,'currency','default','','Shs','text','Y','2011-05-18 09:52:09',1,NULL,NULL),
 (8,'currency','decimalplaces','','0','int','Y','2011-05-18 09:52:35',1,NULL,NULL),
 (9,'currency','mincurrencyvalue','','50','decimal','Y','2011-05-18 09:53:11',1,NULL,NULL),
 (10,'currency','maxcurrencyvalue','','10000000','decimal','Y','2011-05-18 09:53:50',1,NULL,NULL),
 (11,'contact','defaultcontacttype','','1','int','Y','2011-05-18 09:54:16',1,NULL,NULL),
 (12,'dateandtime','shortformat','','d/m/Y','text','Y','2011-05-18 09:54:47',1,NULL,NULL),
 (13,'dateandtime','mediumformat','','M j, Y','text','Y','2011-05-18 09:55:09',1,NULL,NULL),
 (14,'dateandtime','longformat','','l, j F Y','text','Y','2011-05-18 09:55:32',1,NULL,NULL),
 (15,'dateandtime','mysqlformat','','%d/%m/%Y','text','Y','2011-05-18 09:56:03',1,NULL,NULL),
 (16,'dateandtime','mysqlmediumformat','','%b %d, %Y','text','Y','2011-05-18 09:56:35',1,NULL,NULL),
 (17,'dateandtime','mysqldateandtimeformat','','%m/%d/%Y - %H:%i:%s','text','Y','2011-05-18 09:58:56',1,NULL,NULL),
 (18,'dateandtime','javascriptshortformat','','dd/m/yy','text','Y','2011-05-18 10:49:11',1,NULL,NULL),
 (20,'dateandtime','javascriptmediumformat','','M dd, yy','text','Y','2011-05-18 10:50:03',1,NULL,NULL),
 (21,'dateandtime','manyyearsrange','','110','int','Y','2011-05-18 10:51:23',1,NULL,NULL),
 (22,'dateandtime','reportgenerationtimestamp','','l F d, Y h:i:s A e','text','Y','2011-05-18 10:52:27',1,NULL,NULL),
 (23,'dateandtime','audittraildatetimeformat','','d/m/y g:i a','text','Y','2011-05-18 10:53:32',1,NULL,NULL),
 (24,'dateandtime','mindate','The number of years allowed before the current date','9','int','Y','2011-05-18 10:53:51',1,'2012-04-10 11:11:22',27),
 (25,'dateandtime','maxdate','The number of years allowed ahead','1','int','Y','2011-05-18 10:54:10',1,NULL,NULL),
 (26,'menu','configfile','Location of the configuration file','../config/menu.xml','text','Y','2011-05-18 11:04:30',1,NULL,NULL),
 (27,'menu','baselement','The base element for the menu configuration','nav','text','Y','2011-05-18 11:05:01',1,NULL,NULL),
 (28,'pagination','itemsperpage','','10','int','Y','2011-05-18 11:13:05',1,NULL,NULL),
 (29,'password','minlength','Minimum password length','6','int','Y','2011-05-18 11:21:43',1,NULL,NULL),
 (30,'password','maxlength','Maximum length of a password','40','int','Y','2011-05-18 11:33:00',1,NULL,NULL),
 (31,'password','daystoexpire','Number of days before a password expires','90','int','Y','2011-05-18 11:33:34',1,NULL,NULL),
 (32,'price','nullamountsymbol','Symbol for null amounts','---','text','Y','2011-05-18 11:34:24',1,NULL,NULL),
 (33,'backup','databasebackupemail','','notifications@veritracker.com','text','Y','2011-05-18 11:35:04',1,NULL,NULL),
 (34,'contact','mincontactcategories','','10','int','Y','2011-06-06 12:00:00',1,NULL,NULL),
 (35,'organisationdistrict','maximumrows','','10','int','Y','2011-10-23 15:34:39',1,NULL,NULL),
 (37,'logo','allowedformats','Allowed formats for logo','png,jpg,jpeg','text','Y','2011-11-16 16:20:30',1,NULL,NULL),
 (38,'logo','maximumfilesize','Maximum Allowed logo file size in bytes','2000000','int','Y','2011-11-16 16:21:31',1,NULL,NULL),
 (39,'marketpriceanalysisreport','minvolume','The minimum volume currently being used','1','int','Y','2011-11-16 16:20:30',1,NULL,NULL),
 (40,'marketpriceanalysisreport','maxvolume','The maximum volume currently being used','12','int','Y','2011-11-16 16:21:31',1,'2012-06-05 09:40:38',27),
 (41,'locationstatistic','maximumrows','The maximum number of rows for location statistic','10','int','Y','2012-01-26 15:34:01',1,NULL,NULL),
 (42,'locationstatistic','rowsdisplayedfornew','The min number of rows to display for new','4','int','Y','2012-01-26 16:23:59',1,NULL,NULL),
 (43,'lgmis','locations','Locations to be displayed in LGMIS','15,10,24,109,14,47,42,43380,43381,29','text','Y','2012-02-09 14:16:58',1,NULL,NULL);
/*!40000 ALTER TABLE `appconfig` ENABLE KEYS */;


--
-- Definition of table `audittrail`
--

DROP TABLE IF EXISTS `audittrail`;
CREATE TABLE `audittrail` (
  `id` int(11) unsigned NOT NULL AUTO_INCREMENT,
  `userid` int(11) unsigned DEFAULT NULL,
  `transactiontype` varchar(50) NOT NULL,
  `transactiondetails` mediumtext,
  `transactiondate` datetime NOT NULL,
  `executedby` int(11) unsigned DEFAULT NULL,
  `success` enum('N','Y') NOT NULL DEFAULT 'N',
  `browserdetails` varchar(50) DEFAULT NULL,
  PRIMARY KEY (`id`),
  KEY `fk_audittrail_userid` (`userid`),
  KEY `fk_audittrail_transactiontype` (`transactiontype`),
  KEY `fk_audittrail_executedby` (`executedby`),
  CONSTRAINT `fk_audittrail_executedby` FOREIGN KEY (`executedby`) REFERENCES `useraccount` (`id`) ON DELETE CASCADE ON UPDATE CASCADE,
  CONSTRAINT `fk_audittrail_userid` FOREIGN KEY (`userid`) REFERENCES `useraccount` (`id`) ON DELETE CASCADE ON UPDATE CASCADE
) ENGINE=InnoDB AUTO_INCREMENT=39 DEFAULT CHARSET=utf8;

--
-- Dumping data for table `audittrail`
--

/*!40000 ALTER TABLE `audittrail` DISABLE KEYS */;
INSERT INTO `audittrail` (`id`,`userid`,`transactiontype`,`transactiondetails`,`transactiondate`,`executedby`,`success`,`browserdetails`) VALUES 
 (1,NULL,'user.login','Login for user with email \'owino@veritracker.com\' successful','2013-01-15 12:41:34',NULL,'Y','Firefox 18.0 Windows'),
 (2,NULL,'user.login','Login for user with email \'paul@veritracker.com\' failed. Invalid username or password','2013-02-19 14:27:44',NULL,'N','Chrome 24.0.1312.57 Windows'),
 (3,NULL,'user.login','Login for user with email \'lgmis@infotradeuganda.com\' failed. Invalid username or password','2013-03-18 18:22:01',NULL,'N','Chrome 25.0.1364.152 Windows'),
 (4,NULL,'user.login','Login for user with email \'lgmis@fituganda.com\' failed. Invalid username or password','2013-04-08 18:25:54',NULL,'N','Chrome 25.0.1364.172 Windows'),
 (5,NULL,'user.login','Login for user with email \'lgmis@infotradeuganda.com\' failed. Invalid username or password','2013-04-08 18:26:49',NULL,'N','Chrome 25.0.1364.172 Windows'),
 (6,NULL,'user.login','Login for user with email \'lgmis@infotradeuganda.com\' failed. Invalid username or password','2013-04-08 18:28:01',NULL,'N','Chrome 25.0.1364.172 Windows'),
 (7,NULL,'user.login','Login for user with email \'lgmis@infotradeuganda.com\' failed. Invalid username or password','2013-04-08 18:30:42',NULL,'N','Chrome 25.0.1364.172 Windows'),
 (8,NULL,'user.login','Login for user with email \'lgmis@infotradeuganda.com\' failed. Invalid username or password','2013-04-08 18:31:37',NULL,'N','Chrome 25.0.1364.172 Windows'),
 (9,NULL,'user.login','Login for user with email \'lgmis@infotradeuganda.com\' failed. Invalid username or password','2013-04-08 18:33:46',NULL,'N','Chrome 25.0.1364.172 Windows'),
 (10,NULL,'user.login','Login for user with email \'lgmis@infotradeuganda.com\' failed. Invalid username or password','2013-04-08 18:34:00',NULL,'N','Chrome 25.0.1364.172 Windows'),
 (11,NULL,'user.login','Login for user with email \'admin@veritracker.com\' successful','2013-05-02 16:46:25',NULL,'Y','Firefox 12.0 Windows'),
 (12,NULL,'user.login','Login for user with email \'lgmis@infotrade.com\' failed. Invalid username or password','2013-05-02 17:22:00',NULL,'N','Firefox 12.0 Windows'),
 (13,NULL,'user.login','Login for user with email \'lgmis@infotradeuganda.com\' failed. Invalid username or password','2013-05-02 17:23:01',NULL,'N','Firefox 12.0 Windows'),
 (14,NULL,'user.login','Login for user with email \'admin@veritracker.com\' successful','2013-05-02 17:24:52',NULL,'Y','Firefox 12.0 Windows'),
 (15,NULL,'user.login','Login for user with email \'195@veritracker.com\' successful','2013-05-04 20:30:09',NULL,'Y','Firefox 20.0 Windows'),
 (16,NULL,'user.login','Login for user with email \'185@veritracker.com\' successful','2013-05-04 21:19:32',NULL,'Y','Firefox 20.0 Windows'),
 (17,NULL,'user.login','Login for user with email \'admin@veritracker.com\' successful','2013-05-04 22:12:45',NULL,'Y','Firefox 20.0 Windows'),
 (18,NULL,'user.login','Login for user with email \'test1@devmail.infomacorp.com\' failed. Invalid username or password','2013-05-04 22:25:53',NULL,'N','Chrome 26.0.1410.64 Windows'),
 (19,338,'user.recover_password','Password Recovery link for \'test@devmail.infomacorp.com\' sent to \'test@devmail.infomacorp.com\'','2013-05-04 22:26:27',NULL,'Y',NULL),
 (20,NULL,'user.login','Login for user with email \'test@devmail.infomacorp.com\' successful','2013-05-04 22:36:15',NULL,'Y','Chrome 26.0.1410.64 Windows'),
 (21,NULL,'user.login','Login for user with email \'admin@veritracker.com\' successful','2013-05-04 22:37:14',NULL,'Y','Firefox 20.0 Windows'),
 (22,NULL,'user.login','Login for user with email \'test@devmail.infomacorp.com\' successful','2013-05-04 22:38:35',NULL,'Y','Chrome 26.0.1410.64 Windows'),
 (23,NULL,'user.login','Login for user with email \'test@devmail.infomacorp.com\' successful','2013-05-04 22:44:06',NULL,'Y','Chrome 26.0.1410.64 Windows'),
 (24,NULL,'user.login','Login for user with email \'test@devmail.infomacorp.com\' successful','2013-05-04 22:55:39',NULL,'Y','Chrome 26.0.1410.64 Windows'),
 (25,NULL,'user.login','Login for user with email \'test@devmail.infomacorp.com\' successful','2013-05-04 23:23:30',NULL,'Y','Chrome 26.0.1410.64 Windows'),
 (26,NULL,'user.login','Login for user with email \'test@devmail.infomacorp.com\' successful','2013-05-05 16:01:55',NULL,'Y','Firefox 20.0 Windows'),
 (27,NULL,'user.login','Login for user with email \'test2@devmail.infomacorp.com\' successful','2013-05-05 16:06:20',NULL,'Y','Chrome 26.0.1410.64 Windows'),
 (28,NULL,'user.login','Login for user with email \'admin@veritracker.com\' successful','2013-05-05 16:35:07',NULL,'Y','Safari 5.1.7 Windows'),
 (29,NULL,'user.login','Login for user with email \'admin@veritracker.com\' successful','2013-05-05 17:07:39',NULL,'Y','Safari 5.1.7 Windows'),
 (30,NULL,'user.login','Login for user with email \'test@devmail.infomacorp.com\' successful','2013-05-05 17:45:11',NULL,'Y','Firefox 20.0 Windows'),
 (31,NULL,'user.login','Login for user with email \'test5@devmail.infomacorp.com\' successful','2013-05-05 17:48:21',NULL,'Y','Safari 5.1.7 Windows'),
 (32,NULL,'user.login','Login for user with email \'test5@devmail.infomacorp.com\' successful','2013-05-05 17:49:04',NULL,'Y','Safari 5.1.7 Windows'),
 (33,NULL,'user.login','Login for user with email \'test5@devmail.infomacorp.com\' successful','2013-05-05 18:03:14',NULL,'Y','Chrome 26.0.1410.64 Windows'),
 (34,NULL,'user.login','Login for user with email \'test@devmail.infomacorp.com\' successful','2013-05-05 18:16:56',NULL,'Y','Safari 5.1.7 Windows'),
 (35,NULL,'user.login','Login for user with email \'admin@veritracker.com\' successful','2013-05-05 18:17:33',NULL,'Y','Safari 5.1.7 Windows'),
 (36,NULL,'user.login','Login for user with email \'test@devmail.infomacorp.com\' successful','2013-05-05 18:54:25',NULL,'Y','Safari 5.1.7 Windows'),
 (37,NULL,'user.login','Login for user with email \'admin@veritracker.com\' successful','2013-05-05 20:41:01',NULL,'Y','Safari 5.1.7 Windows'),
 (38,NULL,'user.login','Login for user with email \'test5@devmail.infomacorp.com\' successful','2013-05-05 22:06:10',NULL,'Y','Firefox 20.0 Windows');
/*!40000 ALTER TABLE `audittrail` ENABLE KEYS */;


--
-- Definition of table `boat`
--

DROP TABLE IF EXISTS `boat`;
CREATE TABLE `boat` (
  `id` int(11) unsigned NOT NULL AUTO_INCREMENT,
  `name` varchar(50) CHARACTER SET latin1 NOT NULL,
  `regno` varchar(15) CHARACTER SET latin1 NOT NULL,
  `description` varchar(500) CHARACTER SET latin1 DEFAULT NULL,
  `owner` varchar(255) CHARACTER SET latin1 DEFAULT NULL,
  `type` char(1) CHARACTER SET latin1 NOT NULL,
  `landingsiteid` int(11) unsigned NOT NULL,
  `datecreated` datetime NOT NULL,
  `createdby` int(11) unsigned NOT NULL,
  `lastupdatedate` datetime DEFAULT NULL,
  `lastupdatedby` int(11) unsigned DEFAULT NULL,
  PRIMARY KEY (`id`),
  KEY `fk_boat_createdby` (`createdby`),
  KEY `fk_boat_lastupdatedby` (`lastupdatedby`),
  KEY `fk_boat_landingsiteid` (`landingsiteid`),
  CONSTRAINT `fk_boat_createdby` FOREIGN KEY (`createdby`) REFERENCES `useraccount` (`id`) ON DELETE CASCADE ON UPDATE CASCADE,
  CONSTRAINT `fk_boat_landingsiteid` FOREIGN KEY (`landingsiteid`) REFERENCES `landingsite` (`id`) ON DELETE CASCADE ON UPDATE CASCADE,
  CONSTRAINT `fk_boat_lastupdatedby` FOREIGN KEY (`lastupdatedby`) REFERENCES `useraccount` (`id`) ON DELETE CASCADE ON UPDATE CASCADE
) ENGINE=InnoDB AUTO_INCREMENT=4 DEFAULT CHARSET=utf8;

--
-- Dumping data for table `boat`
--

/*!40000 ALTER TABLE `boat` DISABLE KEYS */;
INSERT INTO `boat` (`id`,`name`,`regno`,`description`,`owner`,`type`,`landingsiteid`,`datecreated`,`createdby`,`lastupdatedate`,`lastupdatedby`) VALUES 
 (1,'KIYO-B','UBT12',NULL,'Isaac','P',1,'2012-03-07 17:34:06',1,NULL,NULL),
 (2,'MATF','UAG451','','Matugga Fisheries','S',1,'2012-03-13 10:09:21',2,'2012-03-13 10:09:42',2),
 (3,'KISSA','UAK879','','Joseph Mussa','P',1,'2012-03-13 10:12:41',2,NULL,NULL);
/*!40000 ALTER TABLE `boat` ENABLE KEYS */;


--
-- Definition of table `businessdirectorycategory`
--

DROP TABLE IF EXISTS `businessdirectorycategory`;
CREATE TABLE `businessdirectorycategory` (
  `id` int(10) unsigned NOT NULL AUTO_INCREMENT,
  `name` varchar(150) NOT NULL,
  `description` varchar(500) DEFAULT '',
  `parentid` int(11) unsigned DEFAULT NULL,
  `datecreated` datetime NOT NULL,
  `createdby` int(11) unsigned DEFAULT NULL,
  `lastupdatedate` datetime DEFAULT NULL,
  `lastupdatedby` int(11) unsigned DEFAULT NULL,
  PRIMARY KEY (`id`),
  UNIQUE KEY `unique_business_directory_category_name` (`name`),
  KEY `fk_business_directory_category_createdby` (`createdby`),
  KEY `fk_business_directory_category_lastupdatedby` (`lastupdatedby`),
  CONSTRAINT `fk_business_directory_createdby` FOREIGN KEY (`createdby`) REFERENCES `useraccount` (`id`) ON DELETE CASCADE ON UPDATE CASCADE,
  CONSTRAINT `fk_business_directory_lastupdatedby` FOREIGN KEY (`lastupdatedby`) REFERENCES `useraccount` (`id`) ON DELETE CASCADE ON UPDATE CASCADE
) ENGINE=InnoDB AUTO_INCREMENT=12 DEFAULT CHARSET=utf8;

--
-- Dumping data for table `businessdirectorycategory`
--

/*!40000 ALTER TABLE `businessdirectorycategory` DISABLE KEYS */;
INSERT INTO `businessdirectorycategory` (`id`,`name`,`description`,`parentid`,`datecreated`,`createdby`,`lastupdatedate`,`lastupdatedby`) VALUES 
 (1,'Transport','',NULL,'2011-04-05 13:05:27',1,'2011-04-05 13:06:00',1),
 (2,'Market','',NULL,'2011-04-05 13:06:56',1,NULL,NULL),
 (3,'Super Market','',NULL,'2011-04-05 13:06:56',1,NULL,NULL),
 (4,'Fuel Station','',NULL,'2011-04-05 13:06:56',1,NULL,NULL),
 (5,'Retail','',NULL,'2011-04-05 13:06:56',1,NULL,NULL),
 (6,'Whole Saler','',NULL,'2011-04-05 13:06:56',1,NULL,NULL),
 (7,'Support Staff','',NULL,'2011-04-05 13:06:56',1,NULL,NULL),
 (8,'Farmer','',NULL,'2011-04-05 13:06:56',1,NULL,NULL),
 (9,'Health Centres','',NULL,'2011-06-01 15:19:00',27,NULL,NULL),
 (10,'photography','',NULL,'2011-08-04 10:47:35',1,NULL,NULL),
 (11,'Subsistance','sdfdsfsfsdfsfsf',8,'2013-05-05 18:29:35',340,NULL,NULL);
/*!40000 ALTER TABLE `businessdirectorycategory` ENABLE KEYS */;


--
-- Definition of table `commodity`
--

DROP TABLE IF EXISTS `commodity`;
CREATE TABLE `commodity` (
  `id` int(10) unsigned NOT NULL AUTO_INCREMENT,
  `name` varchar(150) NOT NULL,
  `unitid` int(10) unsigned DEFAULT NULL,
  `description` varchar(500) DEFAULT '',
  `parentid` int(11) unsigned DEFAULT NULL,
  `datecreated` datetime NOT NULL,
  `createdby` int(11) unsigned NOT NULL,
  `lastupdatedate` datetime DEFAULT NULL,
  `lastupdatedby` int(11) unsigned DEFAULT NULL,
  `categoryid` int(10) unsigned NOT NULL,
  `minprice` int(11) DEFAULT NULL,
  `maxprice` int(11) DEFAULT NULL,
  `image` varchar(255) DEFAULT NULL,
  PRIMARY KEY (`id`),
  UNIQUE KEY `unique_commodity_name_parent` (`name`,`parentid`),
  KEY `fk_commodity_createdby` (`createdby`),
  KEY `fk_commodity_lastupdatedby` (`lastupdatedby`),
  KEY `fk_commodity_category` (`categoryid`),
  KEY `fk_commodity_unit` (`unitid`),
  CONSTRAINT `fk_commodity_category` FOREIGN KEY (`categoryid`) REFERENCES `commoditycategory` (`id`) ON DELETE CASCADE ON UPDATE CASCADE,
  CONSTRAINT `fk_commodity_createdby` FOREIGN KEY (`createdby`) REFERENCES `useraccount` (`id`) ON DELETE CASCADE ON UPDATE CASCADE,
  CONSTRAINT `fk_commodity_lastupdatedby` FOREIGN KEY (`lastupdatedby`) REFERENCES `useraccount` (`id`) ON DELETE SET NULL ON UPDATE CASCADE,
  CONSTRAINT `fk_commodity_unit` FOREIGN KEY (`unitid`) REFERENCES `commodityunit` (`id`) ON DELETE CASCADE ON UPDATE CASCADE
) ENGINE=InnoDB AUTO_INCREMENT=185 DEFAULT CHARSET=utf8;

--
-- Dumping data for table `commodity`
--

/*!40000 ALTER TABLE `commodity` DISABLE KEYS */;
INSERT INTO `commodity` (`id`,`name`,`unitid`,`description`,`parentid`,`datecreated`,`createdby`,`lastupdatedate`,`lastupdatedby`,`categoryid`,`minprice`,`maxprice`,`image`) VALUES 
 (1,'Matooke (kg)',5,' Matooke is susceptible to diseases including banana bunchy top virus, black sigatoka, cordana musae, cordana johnstonii, and cylindrocarpon musaue.\r\n Principal areas of matooke production in Uganda include\r\nMasaka, Rakai, Bushenyi, Mbarara, and Ntugamo districts.\r\n',NULL,'2011-03-28 21:29:01',1,'2012-03-01 16:10:44',27,3,200,1700,NULL),
 (2,'Cow Peas',5,' Also known as Vigna munguiculata, Imare, Emaret, Empindi, and\r\nNgor.\r\n Diseases affecting the crop include scab, ascochyta blight, and cowpea anthracnose.\r\n Cow Peas are most commonly produced in the districts of Tororo, Soroti, Nebbi, Moyo, Mbale, Luwero, Lira, Kumi, Kotido, Kitgum, Gulu, Arua, and Apac.\r\n',NULL,'2011-03-28 21:29:01',1,'2012-03-01 16:00:49',27,8,2000,4000,NULL),
 (3,'Soya Beans',5,' Also known as soya (soya glycine max) or soy.\r\n Soya bean is susceptible to diseases including: bacterial pustle.\r\n The crop is most commonly produced in the distiricts of Iganga, Kamuli, Pallisa, Tororo, and Lira.\r\n',NULL,'2011-03-28 21:29:01',1,'2012-03-01 16:15:38',27,8,1100,2500,NULL),
 (4,'Groundnuts',5,' Also known as peanut, earthnut, monkey nut, and goober pea.\r\n Diseases affecting groundnuts include aphis craccivora, fungal leaf spots.\r\n Groundnuts are produced all over Uganda, but most commonly in Apac, Arua, Gulu, Iganga, Kitgum, Kumi, Lira, Mbale, Mbarara, Nebbi, Soroti, and Tororo.\r\n',NULL,'2011-03-28 21:29:01',1,'2012-03-01 16:05:52',27,9,1700,3000,NULL),
 (5,'Agwedde Beans',5,' Diseases include bacterial blight, halo blight, angular leaf spot,\r\nrust, floury leaf spot, ascochyta blight, and root rot.\r\n',NULL,'2011-03-28 21:29:01',1,'2012-03-01 16:02:11',27,8,2000,3000,NULL),
 (6,'Maize Grain',5,' Also known as mielie, mealie, corn, or field corn.\r\n Maize is susceptible to diseases including corn smut or common smut, Maize dwarf mosaic virus, Stewarts wilt, common rust, Gosss Wilt (Clavibacter michiganese), and grey leaf spot.\r\n The crop is most commonly produced in Kapchorwa, Iganga, Masindi, Mbale, Mubende, Kasese, Kamuli, Jinja And Kabarole districts.\r\n',NULL,'2011-03-28 21:29:01',1,'2012-03-01 16:09:20',27,1,300,1200,NULL),
 (7,'Maize Flour',5,' Also known as mielie, mealie, corn, or field corn.\r\n Maize is susceptible to diseases including corn smut or common smut, Maize dwarf mosaic virus, Stewarts wilt, common rust, Gosss Wilt (Clavibacter michiganese), and grey leaf spot.\r\n The crop is most commonly produced in Kapchorwa, Iganga, Masindi, Mbale, Mubende, Kasese, Kamuli, Jinja And Kabarole districts.\r\n',NULL,'2011-03-28 21:29:01',1,'2012-03-01 16:08:55',27,1,800,1200,NULL),
 (8,'Millet Grain',5,' Also known as finger millet, pearl millet, foxtail millet, proso millet,\r\ncommon millet, broom corn millet, hog millet, and white millet.\r\n The crop is most commonly produced in the Apac, Lira, Gulu, Kitgum, Iganga, Kamuli, Kumi, Soroti And Tororo districts of Uganda.\r\n',NULL,'2011-03-28 21:29:01',1,'2012-03-01 16:11:35',27,1,600,1500,NULL),
 (9,'Millet Flour',5,' Also known as finger millet, pearl millet, foxtail millet, proso millet,\r\ncommon millet, broom corn millet, hog millet, and white millet.\r\n The crop is most commonly produced in the Apac, Lira, Gulu, Kitgum, Iganga, Kamuli, Kumi, Soroti And Tororo districts of Uganda.\r\n',8,'2011-03-28 21:29:01',1,'2012-03-01 16:11:26',27,1,1300,3000,NULL),
 (10,'Sorghum Grain',5,' Also known as sorghum Bicolor L.\r\n Sorghum is susceptible to diseases including: anthracnose, leaf blight grain mold, smuts, and striga.\r\n The crop is most commonly produced in the districts of Kumi, Soroti, Pallisa, Katakwi, Moroto, Kotido, Rukungiri, and Kisoro.\r\n',NULL,'2011-03-28 21:29:01',1,'2012-03-01 16:15:27',27,1,300,1800,NULL),
 (11,'Sorghum Flour',5,' Also known as sorghum Bicolor L.\r\n Sorghum is susceptible to diseases including: anthracnose, leaf blight grain mold, smuts, and striga.\r\n The crop is most commonly produced in the districts of Kumi, Soroti, Pallisa, Katakwi, Moroto, Kotido, Rukungiri, and Kisoro.\r\n',NULL,'2011-03-28 21:29:01',1,'2012-03-01 16:15:18',27,1,500,2500,NULL),
 (12,'Apple Bananas',5,'Also known as sukali ndizi, bananito, manzana banana,\r\nladyfinger banana, and stubby banana.\r\n  The apple banana is susceptible to diseases including: Panama disease, banana weevils, nematodes, and leaf spots.\r\n  The crop is produced across Eastern, Western, and Central Uganda. The highest production districts are Bushenyi, Mbarara, Masaka, and Rakai.\r\n',NULL,'2011-03-28 21:29:01',1,'2012-03-01 15:56:02',27,11,2000,4000,NULL),
 (13,'Simsim',5,' Also known as sesame, Ikanyum, Nino, Nyim, Entungo, and\r\nAmachande\r\n Simsim is susceptible to diseases including: cylindrosporium sesame, powdery mildew, Verticillium dahlia and fusarium oxysporium\r\n The crop is most commonly produced in the districts of Apac, Lira, Gulu, Kitgum, Arua, Kotido, Nebbi, Kaberamaido, Soroti, Moyo, Iganga, Kamuli, Masindi in Uganda.\r\n',NULL,'2011-03-28 21:29:01',1,'2012-03-01 16:15:09',27,1,2100,3500,NULL),
 (14,'Kayiso Rice',5,' Rice pests include weeds, pathogens, insects, rodents, and birds. Diseases include rice ragged stunt, sheath blight, tungro, and\r\nrice blast.\r\n Districts in Uganda that produce rice include Apac, Pallisa, Lira, Tororo, Kamwenge, Bugiri, Jinja, and Iganga.\r\n',NULL,'2011-03-28 21:29:01',1,'2012-03-01 16:12:55',27,1,1200,2300,NULL),
 (15,'Sunflower',5,' Also known as Sunflower Helianthus annus L.\r\n Sunflower is susceptible to diseases including: virus leaf mottles,\r\nleaf spot and rust, head rot, bacterial stem canker, wilt, stalk rot.\r\n The crop is most commonly produced in the districts of Apac, Lira, Kapchorwa, Kitgum, Kotido, Gulu, Kumi, Moroto, and Kasese.\r\n',NULL,'2011-03-28 21:29:01',1,'2012-03-01 16:15:47',27,24,240,1100,NULL),
 (16,'Unprocessed Honey',5,' There are more than 70,000 beekeepers in Uganda.\r\n Other beehive products include beeswax, propolis, pollen, venom, and royal jelly.\r\n The districts of Uganda with the highest numbers of beekeepers are Kitgum, Gulu, Arua, Nebbi, Soroti, Luwero, Masaka, Hoima, Kasese, Bushenyi, Kabale, Rukungiri, and Bundibugyo.\r\n',NULL,'2011-03-28 21:29:01',1,'2012-03-01 16:07:56',27,5,3000,8000,NULL),
 (17,'Exotic Eggs',2,' Exotic eggs are produced from exotic chicken breeds including the Australorp, Barnevelders, and Rhode Island Red.\r\n Diseases affecting exotic chickens include Newcastle, fowl cholera, coccidiosis, and pullorum disease.\r\n Exotic eggs are produced in all parts of Uganda.\r\n',NULL,'2011-03-28 21:29:01',1,'2012-03-01 16:03:15',27,7,4500,9000,NULL),
 (18,'Local Eggs',2,' Local eggs are produced from breeds of chicken that are indigenous to Uganda, and are found in many homes across the country\r\n Diseases affecting these local chickens include Newcastle, fowl cholera, coccidiosis, and pullorum disease.\r\n Local eggs can be found in all districts of the country.\r\n',NULL,'2011-03-28 21:29:01',1,'2012-03-01 16:03:28',27,7,6000,13000,NULL),
 (19,'Exotic Chicken',3,' Breeds include the Australorp, Barnevelders, and Rhode Island\r\nRed.\r\n Diseases include Newcastle, fowl cholera, coccidiosis, and pullorum disease.\r\n Exotic birds are kept in poultry farms in all parts of Uganda.\r\n',NULL,'2011-03-28 21:29:01',1,'2012-03-01 16:01:11',27,7,8000,15000,NULL),
 (20,'Local Chicken',3,' Local chickens are found in many homes in Uganda and are believed to number approximately 20 million in total.\r\n Diseases include Newcastle, fowl cholera, coccidiosis, and pullorum disease.\r\n Local chicken can be found in all districts of Uganda.\r\n',NULL,'2011-03-28 21:29:01',1,'2012-03-01 16:00:08',27,7,8200,25000,NULL),
 (21,'Turkey',3,' Turkey is produced on a very small scale in most parts of Uganda. Currently there is no data available on quantities and locations of turkey production\r\n Diseases affecting Turkeys are similar to those affecting other poultry, including Newcastle, fowl cholera, coccidiosis, and pullorum disease.\r\n\r\n',NULL,'2011-03-28 21:29:01',1,'2012-03-01 16:16:36',27,7,8000,60000,NULL),
 (22,'Beef',5,' Beef production in Uganda uses predominantly indigenous breeds (approximately 95%).\r\n The Ugandan cattle corridor stretches from Ntungamo in the West across the country to Kotido in the Northeast, taking in the districts of Ntungamo, Mbarara, Rakai, Kabarole, Mubende, Mpigi, Kiboga, Luwero, Apac, Lira, Soroti, Kumi, Mbale, Moroto, and Kotido.\r\n',NULL,'2011-03-28 21:29:01',1,'2012-03-01 15:58:00',27,5,5000,10000,NULL),
 (23,'Cavendish (Bogoya)',5,'Also known as musa acuminata, musa nana, and musa sinensis.\r\n Cavendish is susceptible to diseases including Panama disease, tropical race 4, and black sigatoka.\r\n Cavendish is the most widely consumed and widely exported banana cultivar in the world, but production levels in Uganda are low by comparison with the apple banana. Cavendish production is mainly concentrated in Western and Eastern Uganda, the traditional banana-growing heartlands of the country.\r\n',NULL,'2011-03-28 21:29:01',1,'2012-03-01 15:54:02',27,11,4000,7000,NULL),
 (24,'Goat Meat',5,' The population of goats in Uganda is estimated at approximately\r\n4 million.\r\n Breeds of goat in Uganda include the small East African goat, the Mubende goat, and the Kigezi goat.\r\n Goats are kept in all districts of Uganda.\r\n',NULL,'2011-03-28 21:29:01',1,'2012-03-01 16:05:25',27,5,4000,9000,NULL),
 (25,'Nile Perch',5,' There are two species of Nile Perch in Uganda: Lates macrophthalmus and Lates niloticus.\r\n The species are native to Lake Albert, and the Albert Nile. They are also now found in Lake Victoria, and Lake Kyoga.\r\n',NULL,'2011-03-28 21:29:01',1,'2012-03-01 16:04:43',27,2,4400,20000,NULL),
 (26,'Tilapia',1,' Also known as Tilapiines and Ngege.\r\n The most commercially important and widely available fish in\r\nUganda.\r\n Various species sourced from Lakes Victoria, Kyoga, Albert, Edward, George, and other smaller bodies of water in Uganda.\r\n',NULL,'2011-03-28 21:29:01',1,'2012-03-01 16:04:58',27,2,3500,11000,NULL),
 (27,'Milk',6,' Ugandans consume approximately 28 liters per capita, per year.\r\n Overgrazing and environmental pollution are perceived to be two major threats to dairy production in Uganda.\r\n Areas of significant production include the Karamoja region and\r\nthe districts of Nakasongolo, Bundibugyo, Masaka, and Mbarara.\r\n',NULL,'2011-03-28 21:29:01',1,'2012-03-01 16:11:01',27,5,500,1200,NULL),
 (28,'Processed Honey',5,'There are more than 70,000 beekeepers in Uganda.\r\nOther beehive products include beeswax, propolis, pollen, venom, and royal jelly.\r\nThe districts of Uganda with the highest numbers of beekeepers are Kitgum, Gulu, Arua, Nebbi, Soroti, Luwero, Masaka, Hoima, Kasese, Bushenyi, Kabale, Rukungiri, and Bundibugyo.\r\n',NULL,'2011-03-28 21:29:01',1,'2012-03-01 16:07:24',27,5,4000,14000,NULL),
 (29,'Nambale Beans',5,' Diseases include bacterial blight, halo blight, angular leaf spot,\r\nrust, floury leaf spot, ascochyta blight, and root rot.\r\n Nambale beans are most commonly produced in Mbale, Masaka, Rakai, Luwero, Wakiso, Mukono, Mbarara, Ntungamo districts.\r\n',NULL,'2011-03-28 21:29:01',1,'2012-03-01 16:03:57',27,8,1200,2200,NULL),
 (31,'Upland Rice',5,' Rice pests include weeds, pathogens, insects, rodents, and birds. Diseases include rice ragged stunt, sheath blight, tungro, and\r\nrice blast.\r\n Districts in Uganda that produce rice include Apac, Pallisa, Lira, Tororo, Kamwenge, Bugiri, Jinja, and Iganga.\r\n',NULL,'2011-03-28 21:29:01',1,'2012-03-01 16:14:55',27,1,1200,2000,NULL),
 (32,'Super Rice',5,' Rice pests include weeds, pathogens, insects, rodents, and birds. Diseases include rice ragged stunt, sheath blight, tungro, and\r\nrice blast.\r\n Districts in Uganda that produce rice include Apac, Pallisa, Lira, Tororo, Kamwenge, Bugiri, Jinja, and Iganga.\r\n',NULL,'2011-03-28 21:29:01',1,'2012-03-01 16:14:46',27,1,NULL,NULL,NULL),
 (34,'Irish Potatoes',5,' Also know as common potatoes or white potatoes.\r\n The Irish potato is susceptible to diseases including: rhizoctonia, sclerotinia, black leg, powdery mildew, powdery scab, leafroll virus, and purple top.\r\n The crop is most commonly produced in the Kisoro, Mbarara, Kasese, Kabalore, Mbale, Kapchorwa and Kabale districts of Uganda.\r\n',NULL,'2011-03-28 21:29:01',1,'2012-03-01 16:08:30',27,6,500,1500,NULL),
 (35,'Unprocessed Tea',5,'',NULL,'2011-03-28 21:29:01',1,'2011-09-09 12:36:52',27,10,1500,5000,NULL),
 (36,'Unprocessed Cotton',5,'',NULL,'2011-03-28 21:29:01',1,'2011-09-09 12:34:32',27,10,NULL,NULL,NULL),
 (37,'White fleshed Sweet Potatoes',5,' Also locally known as lumonde sweet potatoes (Pomoe batatas).\r\n\r\n The crop is most commonly produced in the districts of Teso, Lango, Acholi, Masaka, Rakai, Kalangala, Jinja, Mayuge, Bugiri, Busia, Mpigi, and Mukono.\r\n',55,'2011-03-28 21:29:01',1,'2012-03-01 16:16:09',27,6,200,3000,NULL),
 (38,'Unprocessed Vanilla',5,' The most prominent areas in Uganda for Vanilla cultivation include the lake crescent (Mukono District) and the Western Rift Valley. Production has also extended to Bundibugyo, Mbale, Iganga, Jinja, Masaka, Mpigi, Kiboga, Mubende, and Kabarole districts.',NULL,'2011-03-28 21:29:01',1,'2012-03-01 16:16:45',27,10,2800,3500,NULL),
 (39,'Orange Fleshed Sweet Potatoes',5,' Also locally known as lumonde sweet potatoes (Pomoe batatas).\r\n The sweet potato is susceptible to diseases including: Alternariosis, anthracnose and blight, Phomsis leaf spot, fusarium wilt\r\n The crop is most commonly produced in the districts of Teso, Lango, Acholi, Masaka, Rakai, Kalangala, Jinja, Mayuge, Bugiri, Busia, Mpigi, and Mukono.\r\n',37,'2011-03-28 21:29:01',1,'2012-03-01 16:16:18',27,6,300,1500,NULL),
 (40,'Pork',5,' There are no indigenous pig breeds in Uganda. All breeds have been introduced from other countries.\r\n Diseases affecting pigs in Uganda include African swine fever, helminthosis, scabies, and mange.\r\n Pigs are most commonly kept in the Western and Central regions of Uganda, especially in Hoima and Masindi districts.\r\n',NULL,'2011-03-28 21:29:01',1,'2012-03-01 16:12:27',27,5,3500,6000,NULL),
 (41,'Pineapple',1,' Also known as pia, pine cone, anan, and anaasa.\r\n Pineapples are subject to a variety of diseases, the most serious of which is wilt disease vectored by mealbugs. Others include pink disease, bacterial heart rot, and anthracnose.\r\n Areas of pineapple cultivation in Uganda include Luwero and\r\nKayunga districts\r\n',NULL,'2011-03-28 21:29:01',1,'2012-03-01 16:12:37',27,11,600,4500,NULL),
 (43,'Fresh Cassava',5,'Also known as manihot esculenta, yucca, manioc, and mandioca.\r\n Cassava is susceptible to diseases including blight, stem rot, wilt, stem gall, leaf spot, anthracnose, armillaria root rot, cassava ash, rust, and superelongation.\r\n In Uganda, cassava is mainly produced in Mbale, Iganga, Apac, Kamuli, Lira, Tororo, and Kumi.\r\n',NULL,'2011-03-28 21:29:01',1,'2012-03-01 15:59:34',27,6,120,1600,NULL),
 (44,'Cassava Flour',5,'\r\n Also known as manihot esculenta, yucca, manioc, and mandioca.\r\n Cassava is susceptible to diseases including blight, stem rot, wilt, stem gall, leaf spot, anthracnose, armillaria root rot, cassava ash, rust, and superelongation.\r\n In Uganda, cassava is mainly produced in Mbale, Iganga, Apac, Kamuli, Lira, Tororo, and Kumi.\r\n	Cassava flour has a wide range of uses, including bread and\r\nbaked goods.\r\n',NULL,'2011-03-28 21:29:01',1,'2012-03-01 15:57:27',27,6,1000,2000,NULL),
 (45,'Sun Dried Cassava',5,'',NULL,'2011-03-28 21:29:01',1,'2012-02-03 17:20:27',27,6,150,1700,NULL),
 (46,'Dry Fermented Cassava',5,' Also known as manihot esculenta, yucca, manioc, and mandioca.\r\n Cassava is susceptible to diseases including blight, stem rot, wilt, stem gall, leaf spot, anthracnose, armillaria root rot, cassava ash, rust, and superelongation.\r\n In Uganda, cassava is mainly produced in Mbale, Iganga, Apac, Kamuli, Lira, Tororo, and Kumi.\r\n Cassava is fermented to remove various toxic elements such as cyanide.\r\n',NULL,'2011-03-28 21:29:01',1,'2012-03-01 15:57:10',27,6,1200,2000,NULL),
 (47,'Yellow Beans',5,' Part of the phaseolus vulgaris family of species.\r\n Diseases include bacterial blight, halo blight, angular leaf spot,\r\nrust, floury leaf spot, ascochyta blight, and root rot.\r\n Principal districts of production include Kabale, Kapchorwa, Mbale, Apac, and Lira. Hoima, Jinja, Kamuli, and Rakai also produce a substantial quantity.\r\n',NULL,'2011-03-28 21:29:01',1,'2012-03-01 16:03:46',27,8,1200,2400,NULL),
 (54,'Cucumber',5,'',NULL,'2011-04-04 14:03:07',1,'2012-02-03 16:50:49',27,25,NULL,NULL,NULL),
 (55,'Sweet Potato',5,'',NULL,'2011-04-04 14:04:11',1,'2011-09-09 12:33:47',27,6,NULL,NULL,NULL),
 (57,'Coffee (Arabica)',5,'The main coffee species are Arabica and Robusta, accounting for approximately 99% of the worlds production.\r\nCommon diseases affecting coffee in Uganda include leaf rust, coffee berry disease, and coffee wilt disease.\r\nAreas of coffee cultivation in Uganda include Mbale, Kapchorwa, Arua, Mbarara, Rukungiri, Mukono, Mpigi, Masaka, Mubende, Kamuli, Iganga, Jinja, and Kisoro districts.\r\n',NULL,'2011-04-04 14:06:13',1,'2012-03-01 16:00:31',27,10,3500,10000,NULL),
 (64,'Banana',9,'',NULL,'2011-04-14 12:22:30',1,'2012-02-03 16:06:18',27,11,2000,NULL,NULL),
 (68,'Water melon',5,'',NULL,'2011-04-14 12:24:56',1,NULL,NULL,11,4000,NULL,NULL),
 (69,'Passion fruits',5,'',NULL,'2011-04-14 12:25:42',1,NULL,NULL,11,4000,NULL,NULL),
 (70,'Pumpkins',5,'',NULL,'2011-04-14 12:26:19',1,NULL,NULL,11,3000,NULL,NULL),
 (72,'Tomatoes',5,'',NULL,'2011-04-14 12:27:31',1,'2012-02-03 16:43:39',27,11,NULL,NULL,NULL),
 (73,'Strawberries',5,'',NULL,'2011-04-14 12:28:14',1,NULL,NULL,11,14000,NULL,NULL),
 (74,'Goose berries',5,'',NULL,'2011-04-14 12:28:47',1,NULL,NULL,11,14000,NULL,NULL),
 (94,'Coffee (Robusta)',5,'The main coffee species are Arabica and Robusta, accounting for approximately 99% of the worlds production.\r\nCommon diseases affecting coffee in Uganda include leaf rust, coffee berry disease, and coffee wilt disease.\r\nAreas of coffee cultivation in Uganda include Mbale, Kapchorwa, Arua, Mbarara, Rukungiri, Mukono, Mpigi, Masaka, Mubende, Kamuli, Iganga, Jinja, and Kisoro districts.\r\n',NULL,'2011-04-15 13:47:56',1,'2012-03-01 16:00:36',27,10,NULL,NULL,NULL),
 (95,'Petro',6,'Petroleum Oil ',NULL,'2011-05-23 10:20:35',1,NULL,NULL,4,3000,4000,NULL),
 (96,'Kerosene',6,'Kerosene Oil',NULL,'2011-05-23 10:21:47',1,NULL,NULL,4,2500,4000,NULL),
 (97,'Diesel',6,'Diesel Oil',NULL,'2011-05-23 10:27:55',1,NULL,NULL,4,3000,4000,NULL),
 (110,'Parsley',5,'',NULL,'2011-05-24 16:14:14',1,NULL,NULL,13,1000,NULL,NULL),
 (112,'Spring onions',5,'',NULL,'2011-05-24 16:18:25',1,NULL,NULL,13,1000,NULL,NULL),
 (113,'Rosemary',5,'',NULL,'2011-05-24 16:20:38',1,NULL,NULL,13,1000,NULL,NULL),
 (114,'Cow Ghee',13,'',NULL,'2011-05-24 16:21:46',1,'2012-02-03 17:06:28',27,14,NULL,NULL,NULL),
 (115,'Mint Leaves',5,'',NULL,'2011-05-24 16:22:42',1,NULL,NULL,13,1500,NULL,NULL),
 (116,'Ginger',5,'',NULL,'2011-05-24 16:28:54',1,'2011-09-09 12:11:48',27,13,4500,NULL,NULL),
 (120,'Peanut butter',5,'',NULL,'2011-05-24 16:45:59',1,NULL,NULL,14,3500,NULL,NULL),
 (121,'Garlic',15,'',NULL,'2011-05-24 16:47:36',1,'2012-02-03 17:11:14',27,13,NULL,NULL,NULL),
 (124,'Powdered mukene',5,'',NULL,'2011-05-24 16:54:53',1,NULL,NULL,14,3500,NULL,NULL),
 (125,'Bbuga',11,'',NULL,'2011-05-24 16:56:01',1,'2012-02-03 16:36:57',27,25,NULL,NULL,NULL),
 (126,'Beetroot',5,'',NULL,'2011-05-24 16:56:44',1,'2012-02-03 16:52:21',27,25,NULL,NULL,NULL),
 (128,'Katunkuma Powder',5,'',NULL,'2011-05-24 17:01:48',1,'2011-05-24 17:02:02',1,14,3500,NULL,NULL),
 (129,'Moringa root powder',5,'',NULL,'2011-05-24 17:03:32',1,NULL,NULL,14,3000,NULL,NULL),
 (131,'Spinach',11,'',NULL,'2011-05-24 17:05:46',1,'2012-02-03 16:24:05',27,25,NULL,NULL,NULL),
 (137,'Sunflower oil',6,'',NULL,'2011-05-24 17:14:01',1,'2011-09-09 12:33:19',27,14,16000,NULL,NULL),
 (138,'Dodo',11,'',NULL,'2011-05-24 17:19:19',1,'2012-02-03 17:09:55',27,25,NULL,NULL,NULL),
 (139,'Pineapples',5,'',NULL,'2011-05-24 17:20:08',1,NULL,NULL,17,2500,NULL,NULL),
 (141,'Jack fruit',5,'',NULL,'2011-05-24 17:22:25',1,NULL,NULL,17,3000,NULL,NULL),
 (142,'Papaya',5,'',NULL,'2011-05-24 17:23:37',1,NULL,NULL,11,2500,NULL,NULL),
 (143,'Mango',5,'',NULL,'2011-05-24 17:30:27',1,NULL,NULL,17,3000,NULL,NULL),
 (144,'Coffee Beans',13,'',NULL,'2011-05-24 17:31:54',1,'2012-02-03 17:04:19',27,14,NULL,NULL,NULL),
 (145,'French Beans',5,'',NULL,'2011-05-24 17:33:15',1,'2012-02-03 16:42:46',27,25,NULL,NULL,NULL),
 (155,'Vanilla beans',5,'',NULL,'2011-05-24 17:47:06',1,NULL,NULL,18,15000,36000,NULL),
 (156,'Matooke',4,' Matooke is susceptible to diseases including banana bunchy top virus, black sigatoka, cordana musae, cordana johnstonii, and cylindrocarpon musaue.\r\n Principal areas of matooke production in Uganda include\r\nMasaka, Rakai, Bushenyi, Mbarara, and Ntugamo districts.\r\n',NULL,'2011-08-22 18:18:53',30,'2012-03-01 16:10:40',27,3,NULL,NULL,NULL),
 (157,'Bread',5,'',NULL,'2011-09-09 13:18:27',27,NULL,NULL,19,1000,11200,NULL),
 (159,'COMPLEX FERTILIZER [NPK] NPK 17 17 17',5,'',NULL,'2011-11-21 10:58:17',2,'2011-11-28 13:33:02',2,20,NULL,NULL,NULL),
 (160,'LIQUID FERTILIZER [NPK] NPK 20 20 20',5,'',NULL,'2011-11-21 10:59:02',2,'2011-11-28 13:32:57',2,20,NULL,NULL,NULL),
 (161,'PHOSPHATE FERTILIZER [P] DAP 18 46 0',5,'',NULL,'2011-11-21 10:59:34',2,'2011-11-28 13:34:10',2,20,NULL,NULL,NULL),
 (162,'COMPLEX FERTILIZER [NPK] NPK 25 5 5 + 5S',5,'',NULL,'2011-11-21 11:00:03',2,'2011-11-28 13:33:06',2,20,NULL,NULL,NULL),
 (163,'NITROGEN FERTILIZER [N] CAN 26 0 0',5,'',NULL,'2011-11-21 11:00:30',2,'2011-11-28 13:34:06',2,20,NULL,NULL,NULL),
 (164,'Herbicide 2,4-d Amine (720 G/l Sl)',5,'',NULL,'2011-11-21 10:58:17',2,'2011-11-28 14:09:21',2,23,NULL,NULL,NULL),
 (165,'Herbicide Glyphosate (360 G/l Or 480 G/l Ipa)',5,'',NULL,'2011-11-21 10:58:17',2,'2011-11-28 14:10:34',2,23,NULL,NULL,NULL),
 (166,'Fungicide Mancozeb (80% Wp)',5,'',NULL,'2011-11-21 10:58:17',2,'2011-11-28 14:08:50',2,23,NULL,NULL,NULL),
 (167,'Fungicide Metalaxyl (40 G/kg)+ Mancozeb (640 G/kg)',5,'',NULL,'2011-11-21 10:58:17',2,'2011-11-28 14:09:04',2,23,NULL,NULL,NULL),
 (168,'Fungicide Copper Hydroxide (eq 50% Wp)',5,'',NULL,'2011-11-21 10:58:17',2,'2011-11-28 14:08:43',2,23,NULL,NULL,NULL),
 (169,'Insecticide Cypermethrin (50 G/l)',5,'',NULL,'2011-11-21 10:58:17',2,'2011-11-28 13:32:35',2,23,NULL,NULL,NULL),
 (170,'Insecticide Dimethoate (400 G/l Ec)',5,'',NULL,'2011-11-21 10:58:17',2,'2011-11-28 13:32:48',2,23,NULL,NULL,NULL),
 (171,'Maize Seeds (opv)',5,'',NULL,'2011-11-21 11:00:30',2,NULL,NULL,20,NULL,NULL,NULL),
 (172,'Maize Seeds (hybrid)',5,'',NULL,'2011-11-21 11:00:30',2,'2011-11-28 14:24:06',2,24,NULL,NULL,NULL),
 (173,'Bean Seeds',5,'',NULL,'2011-11-21 11:00:30',2,'2011-11-28 14:23:56',2,24,NULL,NULL,NULL),
 (174,'Rice Seeds',5,'',NULL,'2011-11-21 11:00:30',2,'2011-11-28 14:24:21',2,24,NULL,NULL,NULL),
 (175,'Mats',1,'',NULL,'2012-03-05 22:40:30',2,'2012-03-06 06:45:16',2,26,NULL,NULL,NULL),
 (176,'Baskets',NULL,'',NULL,'2012-03-06 06:46:31',2,NULL,NULL,26,NULL,NULL,NULL),
 (177,'Mputa',NULL,'',NULL,'2012-03-08 12:47:00',2,NULL,NULL,2,NULL,NULL,NULL),
 (178,'Ngege',NULL,'',NULL,'2012-03-08 12:49:46',2,NULL,NULL,2,NULL,NULL,NULL),
 (179,'Mukene',NULL,'Also known as Silver Fish, Mukene  can be found in Lake Victoria, Lake Kyoga and Lake Nabugabo.',NULL,'2012-03-08 12:50:59',2,'2012-03-15 13:14:07',27,2,NULL,NULL,NULL),
 (180,'Mamba',NULL,'',NULL,'2012-03-08 12:51:43',2,NULL,NULL,2,NULL,NULL,NULL),
 (181,'Male',NULL,'',NULL,'2012-03-08 12:52:30',2,NULL,NULL,2,NULL,NULL,NULL),
 (182,'Other Tilapia',NULL,'',NULL,'2012-03-08 12:54:29',2,NULL,NULL,2,NULL,NULL,NULL),
 (183,'Other Fish',NULL,'',NULL,'2012-03-08 12:54:37',2,NULL,NULL,2,NULL,NULL,NULL),
 (184,'Guava',5,'',NULL,'2012-04-04 09:18:49',27,NULL,NULL,11,NULL,NULL,NULL);
/*!40000 ALTER TABLE `commodity` ENABLE KEYS */;


--
-- Definition of table `commoditycategory`
--

DROP TABLE IF EXISTS `commoditycategory`;
CREATE TABLE `commoditycategory` (
  `id` int(10) unsigned NOT NULL AUTO_INCREMENT,
  `name` varchar(150) NOT NULL,
  `description` varchar(500) DEFAULT '',
  `parentid` int(11) unsigned DEFAULT NULL,
  `datecreated` datetime NOT NULL,
  `createdby` int(11) unsigned NOT NULL,
  `lastupdatedate` datetime DEFAULT NULL,
  `lastupdatedby` int(11) unsigned DEFAULT NULL,
  PRIMARY KEY (`id`),
  UNIQUE KEY `unique_commodity_category_name` (`name`),
  KEY `fk_commodity_category_createdby` (`createdby`),
  KEY `fk_commodity_category_lastupdatedby` (`lastupdatedby`),
  CONSTRAINT `fk_commodity_category_createdby` FOREIGN KEY (`createdby`) REFERENCES `useraccount` (`id`) ON DELETE CASCADE ON UPDATE CASCADE,
  CONSTRAINT `fk_commodity_category_lastupdatedby` FOREIGN KEY (`lastupdatedby`) REFERENCES `useraccount` (`id`) ON DELETE CASCADE ON UPDATE CASCADE
) ENGINE=InnoDB AUTO_INCREMENT=27 DEFAULT CHARSET=utf8;

--
-- Dumping data for table `commoditycategory`
--

/*!40000 ALTER TABLE `commoditycategory` DISABLE KEYS */;
INSERT INTO `commoditycategory` (`id`,`name`,`description`,`parentid`,`datecreated`,`createdby`,`lastupdatedate`,`lastupdatedby`) VALUES 
 (1,'Cereals',NULL,NULL,'2011-03-28 19:32:33',1,NULL,NULL),
 (2,'Fish',NULL,NULL,'2011-03-28 19:32:33',1,NULL,NULL),
 (3,'Plantains',NULL,NULL,'2011-03-28 19:32:33',1,NULL,NULL),
 (4,'Fuel',NULL,NULL,'2011-03-28 19:32:33',1,NULL,NULL),
 (5,'Animal Products',NULL,NULL,'2011-03-28 19:32:33',1,NULL,NULL),
 (6,'Root Crops',NULL,NULL,'2011-03-28 19:32:33',1,NULL,NULL),
 (7,'Poultry Products',NULL,NULL,'2011-03-28 19:32:33',1,NULL,NULL),
 (8,'Pulses',NULL,NULL,'2011-03-28 19:32:33',1,NULL,NULL),
 (9,'Oil Seeds',NULL,NULL,'2011-03-28 19:32:33',1,NULL,NULL),
 (10,'Traditional Cash Crops',NULL,NULL,'2011-03-28 19:32:33',1,NULL,NULL),
 (11,'Fruits',NULL,NULL,'2011-03-28 19:32:33',1,NULL,NULL),
 (13,'Spices','',NULL,'2011-04-06 12:08:14',1,NULL,NULL),
 (14,'Processed Products','',NULL,'2011-04-06 12:10:32',1,NULL,NULL),
 (17,'Dried fruits','',NULL,'2011-05-24 17:18:15',1,NULL,NULL),
 (18,'Processed Spices','',NULL,'2011-05-24 17:34:24',1,NULL,NULL),
 (19,'Groceries','',NULL,'2011-09-09 12:01:41',27,NULL,NULL),
 (20,'Fertilizers','',NULL,'2011-09-16 23:48:21',27,NULL,NULL),
 (23,'Pesticide','',NULL,'2011-09-16 23:48:21',27,NULL,NULL),
 (24,'Seeds','Seeds',NULL,'2011-11-28 14:12:43',2,NULL,NULL),
 (25,'Fresh Vegetables','',NULL,'2012-02-03 16:22:25',27,NULL,NULL),
 (26,'Handicrafts','',NULL,'2012-03-05 21:30:58',2,'2012-03-05 21:45:56',2);
/*!40000 ALTER TABLE `commoditycategory` ENABLE KEYS */;


--
-- Definition of table `commoditypricecategory`
--

DROP TABLE IF EXISTS `commoditypricecategory`;
CREATE TABLE `commoditypricecategory` (
  `id` int(10) unsigned NOT NULL AUTO_INCREMENT,
  `commodityid` int(11) unsigned DEFAULT NULL,
  `pricecategoryid` int(11) unsigned NOT NULL,
  PRIMARY KEY (`id`),
  UNIQUE KEY `unique_commodity_price_category` (`pricecategoryid`,`commodityid`),
  KEY `fk_commoditypricecategory_commodity` (`commodityid`),
  KEY `fk_commoditypricecategory_pricecategory` (`pricecategoryid`),
  CONSTRAINT `fk_commoditypricecategory_commodity` FOREIGN KEY (`commodityid`) REFERENCES `commodity` (`id`) ON DELETE CASCADE ON UPDATE CASCADE,
  CONSTRAINT `fk_commoditypricecategory_pricecategory` FOREIGN KEY (`pricecategoryid`) REFERENCES `pricecategory` (`id`) ON DELETE CASCADE ON UPDATE CASCADE
) ENGINE=InnoDB AUTO_INCREMENT=320 DEFAULT CHARSET=utf8;

--
-- Dumping data for table `commoditypricecategory`
--

/*!40000 ALTER TABLE `commoditypricecategory` DISABLE KEYS */;
INSERT INTO `commoditypricecategory` (`id`,`commodityid`,`pricecategoryid`) VALUES 
 (37,1,1),
 (148,2,1),
 (130,3,1),
 (71,18,1),
 (77,28,1),
 (87,32,1),
 (117,41,1),
 (58,45,1),
 (262,157,1),
 (9,1,2),
 (1,2,2),
 (38,3,2),
 (74,4,2),
 (14,5,2),
 (33,6,2),
 (4,7,2),
 (35,8,2),
 (106,9,2),
 (127,10,2),
 (124,11,2),
 (21,12,2),
 (121,13,2),
 (84,14,2),
 (279,15,2),
 (79,16,2),
 (2,17,2),
 (70,18,2),
 (60,19,2),
 (34,20,2),
 (138,21,2),
 (46,22,2),
 (32,23,2),
 (7,24,2),
 (28,25,2),
 (13,26,2),
 (103,27,2),
 (30,28,2),
 (12,29,2),
 (26,31,2),
 (24,32,2),
 (40,34,2),
 (141,35,2),
 (191,36,2),
 (16,37,2),
 (23,38,2),
 (19,39,2),
 (118,40,2),
 (115,41,2),
 (55,43,2),
 (49,44,2),
 (39,45,2),
 (52,46,2),
 (11,47,2),
 (10,57,2),
 (186,94,2),
 (260,156,2),
 (63,20,3),
 (82,34,3),
 (116,41,3),
 (20,54,3),
 (3,55,3),
 (154,64,3),
 (158,68,3),
 (159,69,3),
 (160,70,3),
 (162,72,3),
 (163,73,3),
 (164,74,3),
 (213,110,3),
 (215,112,3),
 (216,113,3),
 (217,114,3),
 (218,115,3),
 (219,116,3),
 (224,120,3),
 (225,121,3),
 (228,124,3),
 (229,125,3),
 (230,126,3),
 (232,128,3),
 (233,129,3),
 (235,131,3),
 (241,137,3),
 (242,138,3),
 (243,139,3),
 (245,141,3),
 (246,142,3),
 (247,143,3),
 (248,144,3),
 (249,145,3),
 (259,155,3),
 (289,184,3),
 (197,95,4),
 (198,96,4),
 (199,97,4),
 (31,15,5),
 (270,159,5),
 (269,160,5),
 (275,161,5),
 (271,162,5),
 (274,163,5),
 (265,164,5),
 (266,165,5),
 (273,166,5),
 (264,167,5),
 (272,168,5),
 (267,169,5),
 (268,170,5),
 (277,172,5),
 (276,173,5),
 (278,174,5),
 (290,15,6),
 (291,159,6),
 (292,160,6),
 (293,161,6),
 (294,162,6),
 (295,163,6),
 (296,164,6),
 (297,165,6),
 (298,166,6),
 (299,167,6),
 (300,168,6),
 (301,169,6),
 (302,170,6),
 (303,172,6),
 (304,173,6),
 (305,174,6),
 (310,4,7),
 (307,6,7),
 (309,13,7),
 (311,14,7),
 (308,29,7),
 (313,31,7),
 (312,32,7),
 (314,43,7),
 (306,94,7),
 (315,156,7),
 (319,178,7),
 (316,19,8),
 (317,20,8),
 (318,22,8),
 (280,175,9),
 (281,176,9),
 (282,177,10),
 (283,178,10),
 (284,179,10),
 (285,180,10),
 (286,181,10),
 (287,182,10),
 (288,183,10);
/*!40000 ALTER TABLE `commoditypricecategory` ENABLE KEYS */;


--
-- Definition of table `commodityunit`
--

DROP TABLE IF EXISTS `commodityunit`;
CREATE TABLE `commodityunit` (
  `id` int(10) unsigned NOT NULL AUTO_INCREMENT,
  `description` varchar(255) NOT NULL,
  `name` varchar(10) NOT NULL,
  `datecreated` datetime NOT NULL,
  `createdby` int(11) unsigned NOT NULL,
  `lastupdatedate` datetime DEFAULT NULL,
  `lastupdatedby` int(11) unsigned DEFAULT NULL,
  `type` tinyint(4) unsigned DEFAULT NULL,
  PRIMARY KEY (`id`),
  UNIQUE KEY `unique_unit_name` (`name`),
  KEY `fk_commodity_unit_createdby` (`createdby`),
  KEY `fk_commodity_unit_lastupdatedby` (`lastupdatedby`),
  CONSTRAINT `fk_commodity_unit_createdby` FOREIGN KEY (`createdby`) REFERENCES `useraccount` (`id`) ON DELETE CASCADE ON UPDATE CASCADE,
  CONSTRAINT `fk_commodity_unit_lastupdatedby` FOREIGN KEY (`lastupdatedby`) REFERENCES `useraccount` (`id`) ON DELETE CASCADE ON UPDATE CASCADE
) ENGINE=InnoDB AUTO_INCREMENT=28 DEFAULT CHARSET=utf8;

--
-- Dumping data for table `commodityunit`
--

/*!40000 ALTER TABLE `commodityunit` DISABLE KEYS */;
INSERT INTO `commodityunit` (`id`,`description`,`name`,`datecreated`,`createdby`,`lastupdatedate`,`lastupdatedby`,`type`) VALUES 
 (1,'','whole','2011-04-04 14:56:22',1,NULL,NULL,1),
 (2,'','tray','2011-04-04 14:56:22',1,NULL,NULL,1),
 (3,'','bird','2011-04-04 14:56:22',1,'2011-05-31 15:21:36',29,1),
 (4,'','bunch','2011-04-04 14:56:22',1,NULL,NULL,1),
 (5,'','Kg','2011-04-04 14:56:22',1,NULL,NULL,1),
 (6,'','Litre','2011-04-04 14:56:22',1,NULL,NULL,1),
 (7,'','gram','2011-09-09 12:26:50',27,NULL,NULL,1),
 (8,'','ml','2011-09-09 12:46:04',27,NULL,NULL,1),
 (9,'','Cluster','2012-02-03 15:53:50',27,NULL,NULL,1),
 (10,'','head','2012-02-03 15:54:45',27,NULL,NULL,1),
 (11,'','bundle','2012-02-03 15:55:33',27,NULL,NULL,1),
 (12,'','tin','2012-02-03 15:57:49',27,NULL,NULL,1),
 (13,'500 Grams','500g','2012-02-03 16:01:01',27,NULL,NULL,1),
 (14,'100 Grams','100g','2012-02-03 16:04:17',27,NULL,NULL,1),
 (15,'','Bulb','2012-02-03 16:04:17',27,NULL,NULL,1),
 (17,'','Items','2012-02-03 16:04:17',1,NULL,NULL,2),
 (18,'','Number','2012-02-03 16:04:17',1,NULL,NULL,2),
 (19,'','Total','2012-02-03 16:04:17',1,NULL,NULL,2),
 (20,'','Count','2012-02-03 16:04:17',1,NULL,NULL,2),
 (21,'','People','2012-02-03 16:04:17',1,NULL,NULL,2),
 (22,'','Shs','2012-02-03 16:04:17',1,NULL,NULL,2),
 (23,'','Seeds','2012-02-03 16:04:17',1,NULL,NULL,3),
 (24,'','Grains','2012-02-03 16:04:17',1,NULL,NULL,3),
 (26,'','Acre','2012-02-03 16:04:17',1,NULL,NULL,4),
 (27,'','Hectare','2012-02-03 16:04:17',1,NULL,NULL,4);
/*!40000 ALTER TABLE `commodityunit` ENABLE KEYS */;


--
-- Definition of table `contact`
--

DROP TABLE IF EXISTS `contact`;
CREATE TABLE `contact` (
  `id` int(10) unsigned NOT NULL AUTO_INCREMENT,
  `salutation` varchar(10) CHARACTER SET latin1 DEFAULT '',
  `gender` enum('M','F') CHARACTER SET utf8 COLLATE utf8_unicode_ci DEFAULT NULL,
  `firstname` varchar(100) CHARACTER SET utf8 DEFAULT '',
  `lastname` varchar(100) CHARACTER SET utf8 DEFAULT '',
  `othernames` varchar(100) CHARACTER SET utf8 DEFAULT '',
  `orgname` varchar(100) CHARACTER SET utf8 DEFAULT '',
  `contactperson` varchar(100) CHARACTER SET utf8 DEFAULT NULL,
  `contacttype` tinyint(11) NOT NULL,
  `phone` varchar(50) CHARACTER SET utf8 NOT NULL,
  `phone2` varchar(50) CHARACTER SET utf8 DEFAULT NULL,
  `email` varchar(255) CHARACTER SET latin1 DEFAULT '',
  `address` varchar(500) CHARACTER SET utf8 NOT NULL,
  `notes` varchar(1000) CHARACTER SET utf8 COLLATE utf8_unicode_ci DEFAULT '',
  `datecreated` datetime NOT NULL,
  `createdby` int(11) unsigned NOT NULL,
  `lastupdatedate` datetime DEFAULT NULL,
  `lastupdatedby` int(11) unsigned DEFAULT NULL,
  `locationid` int(11) unsigned DEFAULT NULL,
  `countyid` int(11) unsigned DEFAULT NULL,
  `subcountyid` int(11) unsigned DEFAULT NULL,
  `idorpassportno` varchar(255) COLLATE latin1_general_ci DEFAULT NULL,
  `driverlicenceno` varchar(255) COLLATE latin1_general_ci DEFAULT NULL,
  `licenceno` varchar(255) COLLATE latin1_general_ci DEFAULT NULL,
  `dateofregistration` date DEFAULT NULL,
  `numberofmale` int(11) unsigned NOT NULL,
  `numberoffemale` int(11) unsigned NOT NULL,
  `businessdescription` mediumtext COLLATE latin1_general_ci,
  `goodsorservicesoffered` mediumtext COLLATE latin1_general_ci,
  `numberofoutlets` int(11) unsigned NOT NULL,
  `wishtoadvertise` tinyint(4) unsigned NOT NULL,
  `goodsorservicetoadvertise` mediumtext COLLATE latin1_general_ci,
  `vatnumber` varchar(255) COLLATE latin1_general_ci DEFAULT NULL,
  `tinnumber` varchar(255) COLLATE latin1_general_ci DEFAULT NULL,
  `categoryid` int(11) unsigned DEFAULT NULL,
  PRIMARY KEY (`id`),
  UNIQUE KEY `fk_contact_unique` (`firstname`,`lastname`,`orgname`),
  KEY `fk_contact_createdby` (`createdby`),
  KEY `fk_contact_lastupdatedby` (`lastupdatedby`),
  KEY `fk_contact_location` (`locationid`),
  KEY `fk_contact_subcounty` (`subcountyid`),
  KEY `fk_contact_categoryid` (`categoryid`),
  KEY `fk_contact_county` (`countyid`),
  CONSTRAINT `fk_contact_county` FOREIGN KEY (`countyid`) REFERENCES `location` (`id`) ON DELETE CASCADE ON UPDATE CASCADE,
  CONSTRAINT `fk_contact_categoryid` FOREIGN KEY (`categoryid`) REFERENCES `commoditycategory` (`id`) ON DELETE CASCADE ON UPDATE CASCADE,
  CONSTRAINT `fk_contact_createdby` FOREIGN KEY (`createdby`) REFERENCES `useraccount` (`id`) ON DELETE CASCADE ON UPDATE CASCADE,
  CONSTRAINT `fk_contact_lastupdatedby` FOREIGN KEY (`lastupdatedby`) REFERENCES `useraccount` (`id`) ON DELETE CASCADE ON UPDATE CASCADE,
  CONSTRAINT `fk_contact_location` FOREIGN KEY (`locationid`) REFERENCES `location` (`id`) ON DELETE CASCADE ON UPDATE CASCADE,
  CONSTRAINT `fk_contact_subcounty` FOREIGN KEY (`subcountyid`) REFERENCES `location` (`id`) ON DELETE CASCADE ON UPDATE CASCADE
) ENGINE=InnoDB AUTO_INCREMENT=213 DEFAULT CHARSET=latin1 COLLATE=latin1_general_ci;

--
-- Dumping data for table `contact`
--

/*!40000 ALTER TABLE `contact` DISABLE KEYS */;
INSERT INTO `contact` (`id`,`salutation`,`gender`,`firstname`,`lastname`,`othernames`,`orgname`,`contactperson`,`contacttype`,`phone`,`phone2`,`email`,`address`,`notes`,`datecreated`,`createdby`,`lastupdatedate`,`lastupdatedby`,`locationid`,`countyid`,`subcountyid`,`idorpassportno`,`driverlicenceno`,`licenceno`,`dateofregistration`,`numberofmale`,`numberoffemale`,`businessdescription`,`goodsorservicesoffered`,`numberofoutlets`,`wishtoadvertise`,`goodsorservicetoadvertise`,`vatnumber`,`tinnumber`,`categoryid`) VALUES 
 (1,'',NULL,'','','','Arua Traders','',3,'256482561236','','','Arua','','2012-03-06 14:41:50',85,NULL,NULL,15,NULL,NULL,NULL,NULL,'','2012-03-01',50,20,'Personal Business','',0,0,NULL,'','',NULL),
 (2,'',NULL,'','','','ALEN & SONS/OOLA BOSCO','',2,'0772835362','','bonadok@yahoo.com','abim','','2012-03-07 10:13:56',27,NULL,NULL,10,NULL,NULL,NULL,NULL,'501','2012-02-07',1,1,'Its a small scale retail business  for survival, changing the environment and development','mix items',3,0,NULL,'','',NULL),
 (3,'',NULL,'','','','MSD ENTREPRISE','',2,'0773338261','','','Abim','','2012-03-07 10:16:57',27,NULL,NULL,10,NULL,NULL,NULL,NULL,'',NULL,0,0,'RETAIL','',3,0,NULL,'','',NULL),
 (4,'',NULL,'','','','OTHI AYADI ENTREPRISES LTD','',2,'07713176935','','','ABIM','','2012-03-07 10:26:03',27,NULL,NULL,10,NULL,NULL,NULL,NULL,'',NULL,15,10,'the business mainly deals in construction, motor vehicle repair and welding','spare parts sale,motor vehicle repair and welding',2,0,NULL,'','',NULL),
 (5,'',NULL,'','','','BONUS & SONS ENTREPRISES','',2,'07713176935','','','ABIM','','2012-03-07 10:28:49',27,NULL,NULL,10,NULL,NULL,NULL,NULL,'',NULL,1,1,'Mainly deals in soft drinks','drinks and other small items',0,0,NULL,'','',NULL),
 (6,'',NULL,'','','','OGWANG OTENO ENTREPRISES','',2,'07713176935','','','ABIM','','2012-03-07 10:33:38',27,NULL,NULL,10,NULL,NULL,NULL,NULL,'',NULL,0,0,'Large scale retail business','sell clothes, shoes and other small items ie. cooking',2,0,NULL,'','',NULL),
 (7,'',NULL,'','','','APANYENE & SONS ENTREPRISES','',2,'0773176935','','','ABIM','','2012-03-07 10:37:02',27,NULL,NULL,10,NULL,NULL,NULL,NULL,'456','2007-08-01',1,1,'SMALL SCALE RETAIL BUSINESS ','phone and battery charging',1,0,NULL,'','',NULL),
 (8,'',NULL,'','','','KAKOR ENTREPRISE','',2,'07713176935','','','ABIM','','2012-03-07 10:39:56',27,NULL,NULL,10,NULL,NULL,NULL,NULL,'','2010-07-22',2,1,'General merchandise','bar, hotel and small items',1,0,NULL,'','',NULL),
 (9,'',NULL,'','','','Q.OCHEN &SON ENTREPRISE','',2,'0773176935','','','ABIM','','2012-03-07 10:43:42',27,NULL,NULL,10,NULL,NULL,NULL,NULL,'404','2009-07-01',2,2,'sells motorcycle spare parts and phone charging','motorcycle repair, spare parts sales and phone charging',1,0,NULL,'','',NULL),
 (10,'',NULL,'','','','AKILI ENTERPRISE','',2,'0775886631','','','ABIM','','2012-03-07 10:45:56',27,NULL,NULL,10,NULL,NULL,NULL,NULL,'','2009-12-19',1,0,'RETAIL','petrol, stationery and soda',3,0,NULL,'','',NULL),
 (11,'',NULL,'','','','JACKSON & SONS','',2,'0774260167','','','ABIM','','2012-03-07 10:48:50',27,NULL,NULL,10,NULL,NULL,NULL,NULL,'','2011-04-05',2,0,'spairs and ox-plough\r\nbicycles','spairs\r\nbicycle repair',3,0,NULL,'','',NULL),
 (12,'',NULL,'','','','KBS ENTREPRISE','',2,'0787456084','','','ABIM','','2012-03-07 10:50:33',27,NULL,NULL,10,NULL,NULL,NULL,NULL,'',NULL,1,0,'beer sale','beers',1,0,NULL,'','',NULL),
 (13,'',NULL,'','','','OKECH & SONS','',2,'0772831355','','alengtus@yahoo.com','abim','','2012-03-07 10:55:37',27,NULL,NULL,10,NULL,NULL,NULL,NULL,'','2012-02-07',2,1,'retail shop deals in mixed merchandise and is stocked according to demand','scholarstic materials\r\nbeverages\r\nplastic shoes\r\nlaundary items\r\nessential items\r\nand local brew behind the shop',0,0,NULL,'','',NULL),
 (14,'',NULL,'','','','DISCOVER & SONS','',2,'0772831355','','alengtus@yahoo.com','ABIM','','2012-03-07 10:59:18',27,NULL,NULL,10,NULL,NULL,NULL,NULL,'','2012-02-07',1,1,'dealers in second clothes and behind it local brew is sold','secondhand clothes\r\nlocal brew',0,0,NULL,'','',NULL),
 (15,'',NULL,'','','','OKUTHAN AND SONS','',2,'0772831355','','alengtus@yahoo.com','ABIM','','2012-03-07 11:02:11',27,NULL,NULL,10,NULL,NULL,NULL,NULL,'','2012-02-07',3,0,'General merchandise','beverages\r\nmatch box\r\nstationery\r\nalcohol\r\nbiscuits',0,0,NULL,'','',NULL),
 (16,'',NULL,'','','','AUIDI AGNES OKECH','',2,'0772831355','','alengtus@yahoo.com','ABIM','','2012-03-07 11:06:12',27,NULL,NULL,10,NULL,NULL,NULL,NULL,'','2012-02-07',0,0,'deals in produce that is exchanged with mixed goods so as to meet the customers demands','produce\r\nessential goods',0,0,NULL,'','',NULL),
 (17,'',NULL,'','','','OCHENG ERASIO','',2,'0772831355','','alengtus@yahoo.com','ABIM','','2012-03-07 11:09:13',27,NULL,NULL,10,NULL,NULL,NULL,NULL,'06','2012-02-07',1,4,'deals in produce whereas behind it there is a local bar','produce\r\nlocal brew',0,0,NULL,'','',NULL),
 (18,'',NULL,'','','','BIGMAN AND SONS','',2,'0772831355','','alengtus@yahoo.com','ABIM','','2012-03-07 11:13:21',27,NULL,NULL,10,NULL,NULL,NULL,NULL,'05','2012-02-07',1,3,'the retail shop deals in produce, clothing and textile but the front part is maintained by one man and the rest run the behind where the produce is.','produce\r\ntextile\r\nand clothing',0,0,NULL,'','',NULL),
 (19,'',NULL,'','','','THE PLACE','',2,'0774492243','','tobysallan@hic.com','ABIM','','2012-03-07 11:16:26',27,NULL,NULL,10,NULL,NULL,NULL,NULL,'','2012-01-12',1,0,'deals in the wolesale of cement','cement',0,0,NULL,'','',NULL),
 (20,'',NULL,'','','','OMOJONG HOUSE','',2,'039244462','','abia.robert@yahoo.com','ABIM','','2012-03-07 11:21:31',27,NULL,NULL,10,NULL,NULL,NULL,NULL,'',NULL,1,2,'provision of office rental services','housing/accomodation\r\noffice space for rent',2,0,NULL,'','',NULL),
 (21,'',NULL,'','','','OTADA HOLDING LTD','',2,'0783417222','','atimtoma@yahoo.com','ABIM','','2012-03-07 11:24:18',27,NULL,NULL,10,NULL,NULL,NULL,NULL,'386','2010-03-03',0,0,'Mobile money services','rendered deposit and withdraw',1,0,NULL,'','',NULL),
 (22,'',NULL,'','','','ABIBOY CHARLES','',2,'0782975327','','','ABIM','','2012-03-07 11:26:18',27,NULL,NULL,10,NULL,NULL,NULL,NULL,'00049','2012-01-11',0,0,'wholesale (BEERS)','BEERS',0,0,NULL,'','',NULL),
 (23,'',NULL,'','','','BABO UNITED TRADERS','',2,'0757514668','','','ABIM','','2012-03-07 11:31:53',27,NULL,NULL,10,NULL,NULL,NULL,NULL,'0044','2011-12-19',3,2,'Dealers in stationery item sales, photocopying, binding, laminating, type setting, rental and car hire services. ','wholesale and retail sales of stationery\r\nphotocopying\r\nlaminating\r\nbinding among others',0,0,NULL,'','',NULL),
 (24,'',NULL,'','','','TRY AGAIN GROCERY','',2,'0774012667','','','ABIM','','2012-03-07 14:26:56',27,NULL,NULL,10,NULL,NULL,NULL,NULL,'00057','2012-01-11',0,0,'Retail shop','essential goods',0,0,NULL,'','',NULL),
 (25,'',NULL,'','','','MIN UKO &SONS','',2,'0772831355','','alengtus@yahoo.com','ABIM','','2012-03-07 14:32:40',27,NULL,NULL,10,NULL,NULL,NULL,NULL,'06','2012-02-06',1,2,'the retail shop offer produce, clothing and textile.\r\nIt also helps Amita prison farm staff to get essential goods to be used at the farm','produce \r\nclothing and textile\r\nessential goods',0,0,NULL,'','',NULL),
 (26,'',NULL,'','','','OKUMU &SONS','',2,'0772831355','','alengtus@yahoo.com','ABIM','','2012-03-07 14:36:57',27,NULL,NULL,10,NULL,NULL,NULL,NULL,'','2011-12-06',0,0,'deals in produce which is brought for exchange with the mixed good in the shop','produce\r\nessential goods',0,0,NULL,'','',NULL),
 (27,'',NULL,'','','','OPUA AND SONS','',2,'0772831355','','alengtus@yahoo.com','ABIM','','2012-03-07 14:41:52',27,NULL,NULL,10,NULL,NULL,NULL,NULL,'','2012-02-06',0,0,'Opua and sons constructed a Disco hall which charges five hundred shillings as entrance fee per person everday','beverages that are sold inside the disco hall',0,0,NULL,'','',NULL),
 (28,'',NULL,'','','','ARYEMO & SONS','',2,'0772831355','','alengtus@yahoo.com','ABIM','','2012-03-07 14:44:37',27,NULL,NULL,10,NULL,NULL,NULL,NULL,'','2012-02-06',3,1,'The shop deals in mixed merchandise ','beverage\r\nproduce\r\nsugar\r\nclothing\r\nbiscuits',0,0,NULL,'','',NULL),
 (29,'',NULL,'','','','OKELLO J. OWILLI','',2,'0772831355','','alengtus@yahoo.com','ABIM','','2012-03-07 14:48:12',27,NULL,NULL,10,NULL,NULL,NULL,NULL,'','2012-02-06',1,1,'The retai shop sells seecondhand clothes plus some brand new clothes whereas on the other hand it also handles beverages','clothing\r\ntextile\r\nbeverages',0,0,NULL,'','',NULL),
 (30,'',NULL,'','','','AMUU &SONS','',2,'0772831355','','alengtus@yahoo.com','ABIM','','2012-03-07 14:50:54',27,NULL,NULL,10,NULL,NULL,NULL,NULL,'','2012-02-06',1,1,'Amuu and sons deals in a variety of general merchandise ','essential goods\r\nbeverages',0,0,NULL,'','',NULL),
 (31,'',NULL,'','','','SAFARI HOTEL','',2,'0771685012','','','ABIM','','2012-03-07 14:53:17',27,NULL,NULL,10,NULL,NULL,NULL,NULL,'','2011-08-25',0,2,'HOTEL','different types of foods',1,0,NULL,'','',NULL),
 (32,'',NULL,'','','','DI-IRWEB ENTREPRISE','',2,'0773176935','','','ABIM','','2012-03-07 14:56:35',27,NULL,NULL,10,NULL,NULL,NULL,NULL,'',NULL,5,2,'construction and supply of furniture','building and construction/supply',1,0,NULL,'','',NULL),
 (33,'',NULL,'','','','THE PRIDE OF ADYAA ENTREPRISES','',2,'0773176935','','','ABIM','','2012-03-07 14:59:29',27,NULL,NULL,10,NULL,NULL,NULL,NULL,'',NULL,2,3,'PIGGERY AND LIVESTOCK KEEPING','Pig supply\r\nmilk supply',1,0,NULL,'','',NULL),
 (34,'',NULL,'','','','KONO ANGE ENTREPRISE','',2,'0773176935','','','ABIM','','2012-03-07 15:03:04',27,NULL,NULL,10,NULL,NULL,NULL,NULL,'','2008-06-13',10,15,'Crop and animal production \r\nbrick making\r\nretail(dealers in general merchandise)','beans \r\nsunflower\r\nbricks',4,0,NULL,'','',NULL),
 (35,'',NULL,'','','','TI KICWINY NALER ENTREPRISE','',2,'07713176935','','','ABIM','','2012-03-07 15:05:17',27,NULL,NULL,10,NULL,NULL,NULL,NULL,'',NULL,6,2,'BAR AND CONSTRUCTION','sellls soft drinks',1,0,NULL,'','',NULL),
 (36,'',NULL,'','','','NYALEE FARM','',2,'0773176935','','','ABIM','','2012-03-07 15:08:26',27,NULL,NULL,10,NULL,NULL,NULL,NULL,'',NULL,8,5,'whole sale and construction','soft drinks\r\nbeers\r\nconstruction',5,0,NULL,'','',NULL),
 (37,'',NULL,'','','','KEC OMIA THAMA','',2,'0775867314/0774933537','','ibradix@yahoo.co.uk','ABIM','','2012-03-07 15:14:43',27,NULL,NULL,10,NULL,NULL,NULL,NULL,'','2011-04-27',13,33,'Commercial farming; planting tree seedlings, growing cash crops like tobacco, cotton among others.\r\nFood staffs like beans, g.nuts,simsim and vegetables like onions, carrots','various types of produce',2,0,NULL,'','',NULL),
 (38,'',NULL,'','','','ALEREK PROGRESSIVE ACADEMY','',2,'0772445440','','dedcompcdo@yahoo.com','ABIM','','2012-03-07 15:23:09',27,NULL,NULL,10,NULL,NULL,NULL,NULL,'ME/22/4154, PSS/A/189','2006-04-18',80,40,'1. Operating a private O and A secondary school\r\n2.operating a hotel industry in Kotido called SKYLINE.\r\n3. Operating appartments for commercials and residentials\r\n4. School constructions','education\r\nlodging,restaurants and bar\r\naccommodation for residentials and sales\r\nconstruction',8,0,NULL,'','',NULL),
 (39,'',NULL,'','','','BEDKIGEN GROUP','',2,'0772835362','','bonadou@yahoo.com','ABIM','','2012-03-07 15:29:02',27,NULL,NULL,10,NULL,NULL,NULL,NULL,'','2009-12-05',3,23,'Crop cultivation for sale and consumption','income generation\r\nfood security',0,0,NULL,'','',NULL),
 (40,'',NULL,'','','','GAA ENTREPRISE','',2,'0772835362','','bonadok@yahoo.com','ABIM','','2012-03-07 15:33:35',27,NULL,NULL,10,NULL,NULL,NULL,NULL,'','2012-02-07',10,15,'home economy consumption and income    \r\ngenerating project','mixed farming',2,0,NULL,'','',NULL),
 (41,'',NULL,'','','','RWOT OMIO FARMER GROUP','',2,'0772835362','','bonadok@yahoo.com','ABIM','','2012-03-07 15:36:54',27,NULL,NULL,10,NULL,NULL,NULL,NULL,'','2012-02-07',6,24,'For home consumption and marketing','growing of beans, sim sim and ground nuts',4,0,NULL,'','',NULL),
 (42,'',NULL,'','','','DOLO AND BROTHER','',2,'0772835362','','bonadok@yahoo.com','ABIM','','2012-03-07 15:39:57',27,NULL,NULL,10,NULL,NULL,NULL,NULL,'892',NULL,62,4,'Engage in crop farming and goat rearing','sales of ground nut, simsim and sorghum',2,0,NULL,'','',NULL),
 (43,'',NULL,'','','','MIOGA GROUP','',2,'0772835362','','bonadok@yahoo.com','ABIM','','2012-03-07 15:42:34',27,NULL,NULL,10,NULL,NULL,NULL,NULL,'',NULL,13,17,'CROP PRODUCTION','Multiplication of improved varieties of crops.\r\nTraining of group members ',0,0,NULL,'','',NULL),
 (44,'',NULL,'','','','ACHENG GRACE','',2,'0772835362','','bonadok@yahoo.com','ABIM','','2012-03-07 15:44:59',27,NULL,NULL,10,NULL,NULL,NULL,NULL,'310','2009-03-12',2,1,'engaging in retail trading business','beverages\r\nsmall items',2,0,NULL,'','',NULL),
 (45,'',NULL,'','','','ONGOR & SONS','',2,'0773176935','','','ABIM','','2012-03-07 15:48:04',27,NULL,NULL,10,NULL,NULL,NULL,NULL,'018','2005-02-18',6,4,'small scale business dealing in mixed commodities and agriculture','beverages\r\nsoap\r\nmaize\r\nbeans\r\nand other essential goods',0,0,NULL,'','',NULL),
 (46,'',NULL,'','','','AMURU YOUTH GROUP','',2,'0777074236','','','AMURU','','2012-03-07 15:55:32',27,NULL,NULL,14,NULL,NULL,NULL,NULL,'','2011-01-03',14,16,'The organization is doing contract work in Amuru district head quarters and also carried out agriculture','community training in agriculture activities',1,0,NULL,'','',NULL),
 (47,'',NULL,'','','','ANYIM PE NEN','',2,'0777320169','','','AMURU','','2012-03-07 15:57:59',27,NULL,NULL,14,NULL,NULL,NULL,NULL,'806','2012-02-03',0,0,'shop business on finishing goods','general merchandise',0,0,NULL,'','',NULL),
 (48,'',NULL,'','','','MEGI-MEGI PORK JOINT','',2,'0778335503','','','AMURU','','2012-03-07 16:00:45',27,NULL,NULL,14,NULL,NULL,NULL,NULL,'046','2011-10-13',0,0,'HOTEL','pork, greens, meat, beans and others',0,0,NULL,'','',NULL),
 (49,'',NULL,'','','','OMACH & SONS','',2,'0777329650','','','AMURU','','2012-03-07 16:04:14',27,NULL,NULL,14,NULL,NULL,NULL,NULL,'1280','2008-02-04',0,0,'Produce, buying and selling','beans, millet, ground nus peas and rice',0,0,NULL,'','',NULL),
 (50,'',NULL,'','','','RYEMO YAMO','',2,'0712248290','','','AMURU','','2012-03-07 16:08:28',27,NULL,NULL,14,NULL,NULL,NULL,NULL,'083','2011-01-26',2,0,'buying and selling of agriculture produce','beans\r\nmillet\r\ng.nuts\r\npeas\r\nrice\r\nand sorghum',0,0,NULL,'','',NULL),
 (51,'',NULL,'','','','KIDEGA','',2,'0777487049','','','AMURU','','2012-03-07 16:10:50',27,NULL,NULL,14,NULL,NULL,NULL,NULL,'589','2011-01-07',0,0,'radio and phone repair','phones and radio spare parts',0,0,NULL,'','',NULL),
 (52,'',NULL,'','','','NGOMLONYO','',2,'0713027811','','','AMURU','','2012-03-07 16:14:14',27,NULL,NULL,14,NULL,NULL,NULL,NULL,'810','2012-02-03',0,0,'Buying and selling of agriculture produce\r\n','beans\r\nsorghum\r\nmillet\r\npeas',0,0,NULL,'','',NULL),
 (53,'',NULL,'','','','AMAL KIMERA','',2,'0753252415','','','AMURU','','2012-03-07 16:18:52',27,NULL,NULL,14,NULL,NULL,NULL,NULL,'452','2011-01-07',1,0,'buying and selling of produce','storage services\r\npeas\r\nsim sim \r\nmillet',0,0,NULL,'','',NULL),
 (54,'',NULL,'','','','YWE WII','',2,'0755523513','','','AMURU','','2012-03-07 16:24:38',27,NULL,NULL,14,NULL,NULL,NULL,NULL,'016','2011-01-31',0,0,'Produce buying and selling','beans\r\nsorghum\r\nmaize\r\nmillet\r\nground nuts\r\nand rice',0,0,NULL,'','',NULL),
 (55,'',NULL,'','','','ODUR EMMANUEL','',2,'0782508807','','','AMURU','','2012-03-07 16:26:51',27,NULL,NULL,14,NULL,NULL,NULL,NULL,'461','2012-01-07',0,0,'Produce buying and selling','beans, peas, maize, rice',0,0,NULL,'','',NULL),
 (56,'',NULL,'','','','PABBO TAILOR SKILLED TRAINING CENTRE','',2,'0778336771','','','AMURU','','2012-03-07 16:31:57',27,NULL,NULL,14,NULL,NULL,NULL,NULL,'4631','2009-02-12',1,2,'Tailoring and garment cutting','tailoring training skill,\r\nall types of fashion',0,0,NULL,'','',NULL),
 (57,'',NULL,'','','','PIT ODONG KI MON','',2,'0782672351','','','AMURU','','2012-03-07 16:36:04',27,NULL,NULL,14,NULL,NULL,NULL,NULL,'826','2012-02-03',3,0,'PRODUCE BUYING AND SELLING','beans\r\nmillet\r\n maize\r\ng.nuts\r\nrice\r\nsorghum and peas',0,0,NULL,'','',NULL),
 (58,'',NULL,'','','','LACAN MAKWOPEICAA','',2,'0785541272','','','AMURU','','2012-03-07 16:40:16',27,NULL,NULL,14,NULL,NULL,NULL,NULL,'573','2011-01-08',0,0,'SALE OF BEEF','BEEF \r\nHIDES & SKINS',0,0,NULL,'','',NULL),
 (59,'',NULL,'','','','WIILOBO WIRE','',2,'0753105926','','','AMURU','','2012-03-07 16:48:09',27,NULL,NULL,14,NULL,NULL,NULL,NULL,'633','2011-12-31',2,0,'whole sale in industrial goods','cement, soaps, sugar, posho, cookingoil',0,0,NULL,'','',NULL),
 (60,'',NULL,'','','','LOK TEK','',2,'0712070468','','','AMURU','','2012-03-07 16:51:52',27,NULL,NULL,14,NULL,NULL,NULL,NULL,'504','2011-01-07',4,0,'trade in finished goods(shop) and transport','beer\r\nsoda\r\nsugar\r\nsoap\r\nsalt\r\nwaragi\r\nand others',0,0,NULL,'','',NULL),
 (61,'',NULL,'','','','OJM ENTREPRISES','',2,'0711771842','','','AMURU','','2012-03-07 16:56:27',27,NULL,NULL,14,NULL,NULL,NULL,NULL,'2229','2012-01-25',1,0,'PHONE SALES AND MONEY EXCHANGE/BANKING','Phones\r\nmoney exchange(m-sente)',0,0,NULL,'','',NULL),
 (62,'',NULL,'','','','OMAC & SONS ','',2,'0782274435','','','AMURU','','2012-03-07 17:00:07',27,NULL,NULL,14,NULL,NULL,NULL,NULL,'833','2012-02-06',1,0,'wholesale in industrial products','waragi\r\nbeer\r\nsoda\r\nsoap\r\nsalt\r\nand others',0,0,NULL,'','',NULL),
 (63,'',NULL,'','','','RWOT AYEMA MIYO','',2,'0782727075/ 0713727075','','','amuru','','2012-03-07 17:05:17',27,NULL,NULL,14,NULL,NULL,NULL,NULL,'505','2011-02-08',0,2,'hotel','all types of dishes',0,0,NULL,'','',NULL),
 (64,'',NULL,'','','','PEYERO','',2,'0779755097','','','AMURU','','2012-03-09 08:10:33',27,NULL,NULL,14,NULL,NULL,NULL,NULL,'583','2010-01-20',0,2,'Hotel and Chinese products','pork\r\ntraditional dishes\r\nand others',0,0,NULL,'','',NULL),
 (65,'',NULL,'','','','KET CWINYI LOCKUP','',2,'0772062146','','','AMURU','','2012-03-09 08:14:39',27,NULL,NULL,14,NULL,NULL,NULL,NULL,'',NULL,1,1,'Dealers in old clothes sales, households and fish farming.','sales of secondhand clothes',0,0,NULL,'','',NULL),
 (66,'',NULL,'','','','KWERI LONYO SUGARCANE GRROWERS','',2,'0777138376','','','AMURU','','2012-03-09 08:19:34',27,NULL,NULL,14,NULL,NULL,NULL,NULL,'',NULL,4,2,'Sugarcane growing and fish farming','sugarcane\r\nfresh fish',0,0,NULL,'','',NULL),
 (67,'',NULL,'','','','CAN PE ROM DRUGSHOP','',2,'0785556943','','','AMURU','','2012-03-09 08:24:40',27,NULL,NULL,14,NULL,NULL,NULL,NULL,'',NULL,1,2,'Giving treatment to the patients and dispensing drugs','dispensary and treatments',0,0,NULL,'','',NULL),
 (68,'',NULL,'','','','TWIGA RESTAURANT ','',2,'0782045019','','','AMURU','','2012-03-09 08:28:54',27,NULL,NULL,14,NULL,NULL,NULL,NULL,'',NULL,2,4,'Cooking and selling refreshments','meat\r\nrefreshments\r\ngood food available in anytime',0,0,NULL,'','',NULL),
 (69,'',NULL,'','','','WOT ANYIIM BAKERY','',2,'0756197262','','','AMURU','','2012-03-09 08:31:23',27,NULL,NULL,14,NULL,NULL,NULL,NULL,'',NULL,3,1,'Normally deals in g.nuts, beans and rice','tea\r\nrefreshments',0,0,NULL,'','',NULL),
 (70,'',NULL,'','','','OMOYA AND SONS LOCKUP','',2,'0777365395','','','AMURU','','2012-03-09 08:35:36',27,NULL,NULL,14,NULL,NULL,NULL,NULL,'',NULL,1,1,'Dealers in bicycle spare parts, beans and g.nuts ','bicycle spare parts',0,0,NULL,'','',NULL),
 (71,'',NULL,'','','','DEG DIC GROUP','',2,'0777985552','','','AMURU','','2012-03-09 08:41:48',27,NULL,NULL,14,NULL,NULL,NULL,NULL,'',NULL,40,30,'Giving out load to our members and saving deposits','giving loans',0,0,NULL,'','',NULL),
 (72,'',NULL,'','','','OPOOLACEN LOCKUP SHOP','',2,'0774730900','','','AMURU','','2012-03-09 08:44:28',27,NULL,NULL,14,NULL,NULL,NULL,NULL,'L053',NULL,4,0,'Showing football matches and movies','wires\r\ncds\r\nmovies',0,0,NULL,'','',NULL),
 (73,'',NULL,'','','','REAL WORLD ENT.','',2,'0777320481','','','AMURU','','2012-03-09 08:47:40',27,NULL,NULL,14,NULL,NULL,NULL,NULL,'',NULL,2,5,'Produce buyer, livestock keeping','milk\r\nbean seeds\r\nrice\r\nand g.nuts',0,0,NULL,'','',NULL),
 (74,'',NULL,'','','','I AM FOR JESUS','',2,'0775014131','','','AMURU','','2012-03-09 08:50:56',27,NULL,NULL,14,NULL,NULL,NULL,NULL,'',NULL,1,0,'Dealing in produce','g.nuts\r\npeas\r\nbeans ',0,0,NULL,'','',NULL),
 (75,'',NULL,'','','','EOJEBIO & SONS BOOKSHOP','',2,'0774351082','','','AMURU','','2012-03-09 08:54:16',27,NULL,NULL,14,NULL,NULL,NULL,NULL,'',NULL,1,1,'EOJEBIO & SONS BOOKSHOP','BOOKS\r\nPENS\r\nINK PADS\r\nDUPLICATING PAPERS among others',0,0,NULL,'','',NULL),
 (76,'',NULL,'','','','LIM MEGA','',2,'0787852474','','','AMURU','','2012-03-09 08:57:42',27,NULL,NULL,14,NULL,NULL,NULL,NULL,'',NULL,3,0,'Animal slatering and brick laying','selling of meat to the public\r\nselling bricks for construction work',0,0,NULL,'','',NULL),
 (77,'',NULL,'','','','ABOKALAM','',2,'0771861832','','','AMURU','','2012-03-09 09:00:59',27,NULL,NULL,14,NULL,NULL,NULL,NULL,'',NULL,0,0,'BUYING PRODUCE','FOOD STUFFS',0,0,NULL,'','',NULL),
 (78,'',NULL,'','','','OTWEE GAS WELDING PLANT','',2,'0788003234','','','AMURU','','2012-03-09 09:05:21',27,NULL,NULL,14,NULL,NULL,NULL,NULL,'',NULL,4,8,'dealers in gas welding and brick laying','supply of bricks for construction\r\nbicycle welding\r\nmotorcycle welding',0,0,NULL,'','',NULL),
 (79,'',NULL,'','','','KANYAKANJA CHEAP STORE','',2,'0775727624','','','AMURU','','2012-03-09 09:07:50',27,NULL,NULL,14,NULL,NULL,NULL,NULL,'',NULL,2,0,'Storing of produce and people could come and buy the produce from the store','millet\r\nbeans\r\ng.nuts\r\npeas',0,0,NULL,'','',NULL),
 (80,'',NULL,'','','','SAVE LIFE HOTEL','',2,'0782320329','','','AMURU','','2012-03-09 09:10:17',27,NULL,NULL,14,NULL,NULL,NULL,NULL,'',NULL,3,4,'Providing food and refreshments','meals\r\ndrinks',0,0,NULL,'','',NULL),
 (81,'',NULL,'','','','GUMPEROM RETAILER','',2,'0774140634','','','AMURU','','2012-03-09 09:13:03',27,NULL,NULL,14,NULL,NULL,NULL,NULL,'218',NULL,2,0,'Clothing and textile shoes','men\\\'s shirts, trousers, shoes and women\\\'s wear\r\nradio and phone accessories',0,0,NULL,'','',NULL),
 (82,'',NULL,'','','','AMURU CETRAL DRUGSHOP','',2,'0782612804','','','AMURU','','2012-03-09 09:47:38',27,NULL,NULL,14,NULL,NULL,NULL,NULL,'1996',NULL,1,1,'Dispensing drugshop','treatment of patients',0,0,NULL,'','',NULL),
 (83,'',NULL,'','','','LANGOLE & SONS','',2,'0788508448','','','AMURU','','2012-03-09 09:50:18',27,NULL,NULL,14,NULL,NULL,NULL,NULL,'409',NULL,0,0,'RETAIL SHOP','all essential products',12,0,NULL,'','',NULL),
 (84,'',NULL,'','','','ABANYA & SONS','',2,'0777339816','','','AMURU','','2012-03-09 09:54:30',27,NULL,NULL,14,NULL,NULL,NULL,NULL,'423',NULL,1,0,'wholesale general stocks, monleet street Amuru kal trading center','power batteries\r\nsoap\r\ncooking oil, table salt,\r\nbiscuits\r\nmineral water',10,0,NULL,'','',NULL),
 (85,'',NULL,'','','','LAKAREBER WEK ONYEE GENERAL SERVICES','',2,'0774072153','','','AMURU','','2012-03-09 09:58:41',27,NULL,NULL,14,NULL,NULL,NULL,NULL,'2707',NULL,1,1,'refreshment room available with cold drinks like sodas, mineral water and beers','beverages',3,0,NULL,'','',NULL),
 (86,'',NULL,'','','','LANKWITE DRUGSHOP','',2,'0775153863','','','AMURU','','2012-03-09 10:02:13',27,NULL,NULL,14,NULL,NULL,NULL,NULL,'2808',NULL,0,0,'DRUGSHOP PRACTITINERS MARKET STREET AMURU KAL TRADING CENTER','MEDICAL HEALTH SERVICES',1,0,NULL,'','',NULL),
 (87,'',NULL,'','','','KWO GWA ENTREPRISES','',2,'077528952','','','AMURU','','2012-03-09 10:08:20',27,NULL,NULL,14,NULL,NULL,NULL,NULL,'2803',NULL,0,0,'SINGLE ROOM, READY MADE CLOTHES, BAGS, SHOES, FOR BOTH MALE AND FEMALE WEAR','SPECIAL DRESSES\r\nPHONE CHARGING\r\nPRODUCE BUYING',3,0,NULL,'','',NULL),
 (88,'',NULL,'','','','TIN MEGA DIKI MEGI','',2,'0775592293','','','AMURU','','2012-03-09 10:14:10',27,NULL,NULL,14,NULL,NULL,NULL,NULL,'288',NULL,6,2,'A double door and strong rooms opposite Amuru ribbe ber saccos, boda boda stage \r\nAMURU KAL TRADING CENTRE','hardware\r\nherbacites\r\nbicycle and motorcycle repair\r\nphone charging',4,0,NULL,'','',NULL),
 (89,'',NULL,'','','','KATO APOWEGI MAK MUKEME','',2,'0779750371','','','AMURU','','2012-03-09 10:18:52',27,NULL,NULL,14,NULL,NULL,NULL,NULL,'238',NULL,1,0,'A RETAIL SHOP , MARKET STREET, AMURU KAL TRADING CENTRE IN GENERAL STOCK DEALERS','scholastic materials\r\nbasic goods\r\nbeverages',11,0,NULL,'','',NULL),
 (90,'',NULL,'','','','PE NONGI LABEDO','',2,'0757684191','','','AMURU','','2012-03-09 10:21:51',27,NULL,NULL,14,NULL,NULL,NULL,NULL,'2824',NULL,0,0,'Refreshment zone market street, Amuru Kal trading centre','pool game\r\nsoda\r\nbeer\r\nproduce dealer',4,0,NULL,'','',NULL),
 (91,'',NULL,'','','','MEGO LONYO DRUGSHOP','',2,'0783097883','','','AMURU','','2012-03-09 10:24:38',27,NULL,NULL,14,NULL,NULL,NULL,NULL,'422',NULL,0,1,'Drugshop practitioner, opposite market gate, market street, Amuru Kal trading center','medical health services',1,0,NULL,'','',NULL),
 (92,'',NULL,'','','','NGOMLOYO BEVERAGES','',2,'0782092503','','','AMURU','','2012-03-09 10:27:35',27,NULL,NULL,14,NULL,NULL,NULL,NULL,'167',NULL,1,0,'Beverages','sodas \r\nclothing and shoes,\r\nradios',0,0,NULL,'','',NULL),
 (93,'',NULL,'','','','PRODUCE BUYING (OKUMN &BROTHERS)','',2,'0779708202','','','AMURU','','2012-03-09 10:31:08',27,NULL,NULL,14,NULL,NULL,NULL,NULL,'',NULL,2,0,'Buying of produce especially agriculture products','purchase of agriculture products mainly in big quantities',3,0,NULL,'','',NULL),
 (94,'',NULL,'','','','OS SUPPLY & PRODUCE STOKE','',2,'0787064716','','','AMURU','','2012-03-09 10:35:05',27,NULL,NULL,14,NULL,NULL,NULL,NULL,'1861',NULL,0,0,'Purchase and supply of agriculture products','supply of agriculture products',2,0,NULL,'','',NULL),
 (95,'',NULL,'','','','Mr. MWAKA ALFRED','',2,'0756198092','','','KITGUM','','2012-03-09 10:40:51',27,NULL,NULL,47,NULL,NULL,NULL,NULL,'013','2011-05-31',1,0,'The business deals in general merchandise and produce buying and selling','assorted groceries\r\nand produce',0,0,NULL,'','',NULL),
 (96,'',NULL,'','','','PIT TEK ENTER','',2,'0756263400','','','KITGUM','','2012-03-09 10:47:38',27,NULL,NULL,47,NULL,NULL,NULL,NULL,'012','2010-12-30',2,0,'the business entity deals in produce buying and selling mostly agricultural products plus farming','provision of agricultural produce during the times of scarcity to the local community through storage facilities',4,0,NULL,'','',NULL),
 (97,'',NULL,'','','','Mr. OJARA AMOS','',2,'039249658','','','KTIGUM','','2012-03-09 10:50:32',27,NULL,NULL,47,NULL,NULL,NULL,NULL,'',NULL,1,0,'The business deals in second hand clothes and also assorted goods','assorted clothes and assorted goods',0,0,NULL,'','',NULL),
 (98,'',NULL,'','','','LANGALA RAMO BOO','',2,'0751718826','','','KITGUM','','2012-03-09 10:53:53',27,NULL,NULL,47,NULL,NULL,NULL,NULL,'008','2011-05-30',1,0,'The business deals in beer and soda selling','beer and soda supplies',0,0,NULL,'','',NULL),
 (99,'',NULL,'','','','ADONG BEATRICE','',2,'0784567992','','','KITGUM','','2012-03-09 11:00:59',27,NULL,NULL,47,NULL,NULL,NULL,NULL,'005','2010-12-06',1,1,'the business deals in already made and second hand clothes and also in produce buying and selling\r\n ','assorted ready made clothes and second hand clothes.\r\nAgricultural products',2,0,NULL,'','',NULL),
 (100,'',NULL,'','','','UNYERGIU ENTREPRISES','',2,'0782995581','','','KITGUM','','2012-03-09 11:06:53',27,NULL,NULL,47,NULL,NULL,NULL,NULL,'29416',NULL,0,4,'The entity deals in general merchandise goods and bicycle spares and also repairs\r\ngrinding machine services','groceries assorted items, bicycle spares and repair services and grinding mills services',2,0,NULL,'','',NULL),
 (101,'',NULL,'','','','Mr. OCAYA LIVINGSTONE .A.','',2,'0759997444','','','KITGUM','','2012-03-09 11:11:46',27,NULL,NULL,47,NULL,NULL,NULL,NULL,'006','2011-06-30',1,0,'The business deals in bicycle spares and repairs','bicycle spares and repairs',0,0,NULL,'','',NULL),
 (102,'',NULL,'','','','Mr. ANYWAR PATRICK','',2,'075663294','','','KITGUM','','2012-03-09 11:17:47',27,NULL,NULL,47,NULL,NULL,NULL,NULL,'020','2011-05-30',1,0,'The business deals in general merchandise and assorted goods','assorted',0,0,NULL,'','',NULL),
 (103,'',NULL,'','','','Mr. LAMONY DAVID ATOPSIDE','',2,'0712003421','','','KITGUM','','2012-03-09 11:43:10',27,NULL,NULL,47,NULL,NULL,NULL,NULL,'001','2011-06-30',1,0,'The business deal in general merchandise, depot of beer and soda, and assorted goods.','assorted goods, beer and soda',2,0,NULL,'','',NULL),
 (104,'',NULL,'','','','Mr. OKENY FRACIS ','',2,'077969031','','','KITGUM','','2012-03-09 11:46:08',27,NULL,NULL,47,NULL,NULL,NULL,NULL,'010','2011-05-30',0,0,'The business deals in ready made clothes and assorted goods.','Already made clothes and assorted goods',0,0,NULL,'','',NULL),
 (105,'',NULL,'','','','TUR PEERY','',2,'0756436495','','','KITGUM','','2012-03-09 11:50:09',27,NULL,NULL,47,NULL,NULL,NULL,NULL,'','2009-09-10',0,1,'Retail trade which is still expanding when more goods and services is increased the business is in a permanent structure located along Lamola Gulu highway','soaps, biscuits, local beer,and soda',0,0,NULL,'','',NULL),
 (106,'',NULL,'','','','PUR BER','',2,'0775284791','','','KITGUM','','2012-03-09 11:58:07',27,NULL,NULL,47,NULL,NULL,NULL,NULL,'','2008-08-07',1,1,'RETAIL TRADE ( Tai Ocot village koch parish, Labongo Amida subcounty)','sodas, beers, soap, onion salt, cooking oil and local drinks',0,0,NULL,'','',NULL),
 (107,'',NULL,'','','','OCHOLA ENTREPRISE','',2,'0774886815','','','KITGUM','','2012-03-09 12:01:23',27,NULL,NULL,47,NULL,NULL,NULL,NULL,'','2009-10-10',1,1,'OYURU VILLAGE, AKWURO PARISH, LABONGO AMIDA SUD COUNTY P.O BOX 17- KITGUM (RETAIL TRADE)','SOADS, BEERS, TABLE SALT SUGAR AND BISCUITS',0,0,NULL,'','',NULL),
 (108,'',NULL,'','','','DK ENTREPRISE','',2,'0776800274','','','KITGUM','','2012-03-09 12:25:53',27,NULL,NULL,47,NULL,NULL,NULL,NULL,'','2008-09-11',1,0,'RETAIL TRADE LOCATED AT LAMOLA MAIN MARKET ALONG KITGUM GULU ROAD AND THERE IS FUTURE EXPANSION OF THE BUSINESS','ESSENTIAL GOODS\r\nBEVERAGES\r\nLOCAL BEER',0,0,NULL,'','',NULL),
 (109,'',NULL,'','','','DAMO AYE LONYO','',2,'0782998123','','','KITGUM','','2012-03-09 12:34:48',27,NULL,NULL,47,NULL,NULL,NULL,NULL,'','2010-10-08',1,1,'AKWORO-TECWA  AKWORO PARISH, LABONGO AMIDA SUB COUNTY P.O BOX, 17 KITGUM NEAR SUBCOUNTY HEADQUARTERS (RETAIL TRADE)','BEVERAGES\r\nAIRTIME\r\nBISCUITS SUGAR\r\nAND TABLE SALT',0,0,NULL,'','',NULL),
 (110,'',NULL,'','','','NYEKO KUC','',2,'0787064149','','','KITGUM','','2012-03-09 12:34:56',27,NULL,NULL,47,NULL,NULL,NULL,NULL,'','2010-10-10',0,1,'Hotel with low quality items but there is hope for improvement because the type of food prepared are beans peas and sometime five kilograms of  meat','beans prepared daily\r\npeas also prepared daily\r\nmeat of two kilograms\r\nand sometime simsim',0,0,NULL,'','',NULL),
 (111,'',NULL,'','','','LACAN TUTE','',2,'0777138877','','','KITGUM','','2012-03-09 12:38:38',27,NULL,NULL,47,NULL,NULL,NULL,NULL,'','2010-09-09',0,1,'AKWORO TECWA, AKWORO PARISH , LABONG  AMIDA SUBCOUNTY NEAR SUBCOUNTY HEADQUARTERS (RETAIL TRADE)','BEANS, SIM SIM SMALL FISH, BIG FISH\r\nBEVERAGES',0,0,NULL,'','',NULL),
 (112,'',NULL,'','','','BUSINESS','',2,'0779949565','','','KITGUM','','2012-03-09 12:40:58',27,NULL,NULL,47,NULL,NULL,NULL,NULL,'',NULL,0,0,'RETAIL TRADE OPERATING IN TEMPORARY STRUCTURE','SOAP AND OTHER CONSUMER GOODS ARE SOLD',0,0,NULL,'','',NULL),
 (113,'',NULL,'','','','MATHEW ENTREPRISE','',2,'0785402007','','','KITGUM','','2012-03-09 12:43:11',27,NULL,NULL,47,NULL,NULL,NULL,NULL,'','2009-02-04',1,0,'RETAIL TRADE IN A TEMPORARY STRUCTURE LOCATED AT LAMILA MAIN MARKET','ESSENTIAL GOODS',0,0,NULL,'','',NULL),
 (114,'',NULL,'','','','DRUG SHOP','',2,'0773434864','','','KITGUM','','2012-03-09 12:46:33',27,NULL,NULL,47,NULL,NULL,NULL,NULL,'','2010-09-08',1,1,'THE BUSINESS IS LOCATED AT LAMOLA TRADING CENTER ALONG  GULU HIGHWAY IN LABONGO AMIDA SUB COUNTY P.O BOX, 17 KITGUM\r\n(RETAIL TRADE)','DRUGS AND GIVING FIRST AID',0,0,NULL,'','',NULL),
 (115,'',NULL,'','','','OMENY YOUNG STAR','',2,'0772582495','','','KITGUM','','2012-03-09 12:49:21',27,NULL,NULL,47,NULL,NULL,NULL,NULL,'4907','2007-02-23',2,0,'SALE OF BICYCLES AND SPARE PARTS(RETAIL)','BICYCLES\r\nSPARE PARTS',0,0,NULL,'','',NULL),
 (116,'',NULL,'','','','KITLAM BEE KEEPERS','',2,'0782155156','','','KITGUM','','2012-03-09 12:54:24',27,NULL,NULL,47,NULL,NULL,NULL,NULL,'864','2011-08-12',2,0,'UNDERTAKE PRODUCTION OF HONEY- BEE PRODUCTS AND MARKETING BEE LIVE PRODUCTS','HONEY\r\nWAX\r\nOTHER PRODUCTS',0,0,NULL,'','',NULL),
 (117,'',NULL,'','','','LANGORO AND FAMILY CO. LTD','',2,'0791129796','','','KITGUM','','2012-03-09 12:58:39',27,NULL,NULL,47,NULL,NULL,NULL,NULL,'',NULL,3,10,'BUSINESS DEVELOPMENT SERVICES','TRAINING\r\nCONSULTANCY SERVICES ON BUSINESS SKILLS',0,0,NULL,'','',NULL),
 (118,'',NULL,'','','','ILFORD PHOTO STUDIO','',2,'0718575857','','','KITGUM','','2012-03-09 13:02:27',27,NULL,NULL,47,NULL,NULL,NULL,NULL,'1417',NULL,1,1,'PHOTOGRAPHY\r\nSALES OF PHOTOGRAPHIC EQUIPMENTS\r\n\r\n','FILMS\r\nBATTERIES\r\nCAMERAS\r\nPHOTO PAPERS\r\nALBUMS',0,0,NULL,'','',NULL),
 (119,'',NULL,'','','','OCHAN ALFRED','',2,'0758306393','','','KITGUM','','2012-03-09 13:05:11',27,NULL,NULL,47,NULL,NULL,NULL,NULL,'264',NULL,0,0,'RETAIL SHOP (COOKING OIL, POSHO, SUGAR)\r\nGENERAL HOME PROVISION','COOKING OIL\r\nPOSHO\r\nSUGAR',0,0,NULL,'','',NULL),
 (120,'',NULL,'','','','MUKWINI ECONOMIC NETWORK','',2,'0772452172','','','KITGUM','','2012-03-09 13:08:40',27,'2012-03-09 13:09:34',27,47,NULL,NULL,NULL,NULL,'152',NULL,4,2,'DISTRIBUTION OF PRODUCTS FROM MUKWANO INDUSTRY AS CHANNEL PARTNER','SALES OF PLASTICS, DETERGENT, LAUNDRY SOAP, BATHING SOAP',4,0,NULL,'','',NULL),
 (121,'',NULL,'','','','RETANA CO. LTD','',2,'0752831555','','retanacompanylimited@yahoo.com','KITGUM','','2012-03-09 13:15:12',27,NULL,NULL,47,NULL,NULL,NULL,NULL,'301','2009-07-06',12,8,'construction of houses, latrines roads and bridges and dams, retail trade of merchandise, supply of agriculture services','construction of houses, latrine, roads,bridges and dams\r\nalso supply of agricultural services',2,0,NULL,'','',NULL),
 (122,'',NULL,'','','','single sun bars and lodges','',2,'0772356435','','','kitgum','','2012-03-09 13:17:51',27,NULL,NULL,47,NULL,NULL,NULL,NULL,'145',NULL,2,3,'provision of accommodation and sales of beers and sodas','sales of drinks\r\nprovision of accomodation',0,0,NULL,'','',NULL),
 (123,'',NULL,'','','','chantal\\\'s grocery','',2,'0787074739','','','kitgum','','2012-03-09 13:20:17',27,NULL,NULL,47,NULL,NULL,NULL,NULL,'',NULL,1,0,'grocery and refreshments','soft drinks\r\nscholastic materials\r\ncosmetics',0,0,NULL,'','',NULL),
 (124,'',NULL,'','','','MUNGU-DIT EQUITY GROCERY','',2,'0775358007','','','KITGUM','','2012-03-09 13:22:49',27,NULL,NULL,47,NULL,NULL,NULL,NULL,'2564',NULL,1,0,'supermarket','tinned foods\r\nbeverages\r\nsugar \r\ntea\r\ncoffee\r\ncosmetics  etc',0,0,NULL,'','',NULL),
 (125,'',NULL,'','','','MAMA ROSE ENTREPRISE','',2,'0756234855','','','KITGUM','','2012-03-09 13:25:46',27,NULL,NULL,47,NULL,NULL,NULL,NULL,'',NULL,2,1,'small scale retail shop that deals in assorted stock and produce store','sweets\r\ncigarrets\r\nbatteries\r\nshoe polish etc',0,0,NULL,'','',NULL),
 (126,'',NULL,'','','','OWINY PRODUCE','',2,'0756148352','','','KITGUM','','2012-03-09 13:27:46',27,NULL,NULL,47,NULL,NULL,NULL,NULL,'10961',NULL,1,1,'PRODUCE STORE','MAIZE, SORGHUM, SIM SIM & BEANS',0,0,NULL,'','',NULL),
 (127,'',NULL,'','','','LIMWELO ENYP','',2,'0753806998','','','KITGUM','','2012-03-09 14:16:13',27,NULL,NULL,47,NULL,NULL,NULL,NULL,'10962',NULL,1,1,'SMALL SCALE SHOP I OROM SUBCOUNTY CENTER','PENS\r\nNOMI\r\nBAKING FLOUR\r\nPARAFIN\r\nBASINS CLOTHES',0,0,NULL,'','',NULL),
 (128,'',NULL,'','','','LUPET ENTREORISES','',2,'0774665788','','','KITGUM','','2012-03-09 14:19:22',27,NULL,NULL,47,NULL,NULL,NULL,NULL,'12322',NULL,1,0,'DEALER IN SMALL SCALE RETAIL SHOP','SODAS\r\nBAKING FLAVOR\r\nBISCUITS\r\nPARAFFIN etc\r\n\r\n',0,0,NULL,'','',NULL),
 (129,'',NULL,'','','','BALA ENTREPRISES','',2,'0782594841','','','KITGUM','','2012-03-09 14:22:37',27,NULL,NULL,47,NULL,NULL,NULL,NULL,'12317',NULL,2,1,'DEALER IN GENERAL MERCHANDISE IN OROM SUBCOUNTY','PETROLEUM JELLY\r\nSWEETS\r\nESSENTIAL GOODS',0,0,NULL,'','',NULL),
 (130,'',NULL,'','','','RWOT AYETWERO','',2,'0775011250','','','KITGUM','','2012-03-09 14:25:01',27,NULL,NULL,47,NULL,NULL,NULL,NULL,'',NULL,0,1,'SERVING COMMUNITIES IN OROM WITH LOCAL ACHOLI DISHES','LOCAL ACHOLI DISHES',0,0,NULL,'','',NULL),
 (131,'',NULL,'','','','LACERE GENERAL  ENTREPRISES','',2,'0774485614','','','KITGUM','','2012-03-09 14:27:32',27,NULL,NULL,47,NULL,NULL,NULL,NULL,'',NULL,1,1,'RETAIL BUSINESS DEALING IN GENERAL MERCHANDISE','ASSORTED ITEMS\r\n(SALT, SODAS, DRUGS, RADIOS etc)',0,0,NULL,'','',NULL),
 (132,'',NULL,'','','','ATIM KI KOMA ENTREPRISE','',2,'0759873492','','','KITGUM','','2012-03-09 14:29:45',27,NULL,NULL,47,NULL,NULL,NULL,NULL,'',NULL,1,1,'DEALERS IN GENERAL MERCHANDISE','DRY CELLS, SWEETS, BISCUITS, CUPS, PLATES SALT, SODA.',0,0,NULL,'','',NULL),
 (133,'',NULL,'','','','WEK GUNYE ENTREPRISE','',2,'0774485619','','','KITGUM','','2012-03-09 14:31:52',27,NULL,NULL,47,NULL,NULL,NULL,NULL,'',NULL,1,1,'SMALL SCALE MERCHANDISE SHOP','SALT, SOAP, JELLIES',0,0,NULL,'','',NULL),
 (134,'',NULL,'','','','SUNDAY\\\'S EATING HOUSE','',2,'0773163030','','','KITGUM','','2012-03-09 14:33:46',27,NULL,NULL,47,NULL,NULL,NULL,NULL,'',NULL,0,2,'SELLING OF COOKED FOOD ITEMS','FOOD\r\nSODA\r\nBEER',0,0,NULL,'','',NULL),
 (135,'',NULL,'','','','GRACE\\\'S EATING HOUSE','',2,'0754685219','','','KITGUM','','2012-03-09 14:35:41',27,NULL,NULL,47,NULL,NULL,NULL,NULL,'',NULL,0,2,'SELLING OF COOKED FOOD','FOOD\r\n SODA\r\nBEER',0,0,NULL,'','',NULL),
 (136,'',NULL,'','','','ROBERT\\\'S RETAIL SHOP','',2,'0773437175','','','KITGUM','','2012-03-09 14:37:49',27,NULL,NULL,47,NULL,NULL,NULL,NULL,'',NULL,0,0,'RETAIL SHOPPING ON SMALL MERCHANDISE','SOAP, CLOTHES, SALT, SWEETS, SODA, BEER',0,0,NULL,'','',NULL),
 (137,'',NULL,'','','','RETAIL SHOP','',2,'078894416','','','KITGUM','','2012-03-09 14:39:33',27,NULL,NULL,47,NULL,NULL,NULL,NULL,'',NULL,1,0,'RETAIL SHOPPING IN SMALL MERCHANDISE','RETAIL',0,0,NULL,'','',NULL),
 (138,'',NULL,'','','','OLUK RETAIL SHOP','',2,'0777361609','','','KITGUM','','2012-03-09 14:42:21',27,NULL,NULL,47,NULL,NULL,NULL,NULL,'',NULL,0,0,'RETAIL SHOP IN SMALL MERCHANDISE','CLOTHES, SOAP, SALT, SUGAR, CANDLE ,PARAFFIN',0,0,NULL,'','',NULL),
 (139,'',NULL,'','','','OJOK MATHEW\\\'S EATING HOUSE','',2,'0777223021','','','KITGUM','','2012-03-09 14:43:56',27,NULL,NULL,47,NULL,NULL,NULL,NULL,'',NULL,1,1,'SELLING OF COOKED FOOD ITEMS','FOOD',0,0,NULL,'','',NULL),
 (140,'',NULL,'','','','MAMA WINNIE','',2,'0756064004','','','KITGUM','','2012-03-09 14:45:58',27,NULL,NULL,47,NULL,NULL,NULL,NULL,'',NULL,1,2,'SERVING CUSTOMERS IN SMALL SCALE RESTAURANT IN OROM SUBCOUNTY','LOCAL ACHOLI DISHES',0,0,NULL,'','',NULL),
 (141,'',NULL,'','','','ZAM ZAM CLINIC','',2,'0772525406','','','ARUA MUNICIPALITY','','2012-03-14 12:01:17',27,NULL,NULL,15,NULL,NULL,NULL,NULL,'12813','2011-04-28',3,3,'Health unit offering preventive and curative services at low costs','general medical consultations, laboratory, x-ray, family planning, HIV counselling an testing, ultra sound services. (both preventive and curative services offered)',0,0,NULL,'','',NULL),
 (142,'',NULL,'','','','TRINITY ANIMAL HEALTH CARE ARUA','',2,'0777285103','','','ARUA MUNICIPALITY','','2012-03-14 12:06:03',27,NULL,NULL,15,NULL,NULL,NULL,NULL,'',NULL,2,1,'Deals in veterinary drugs vaccines, chemicals, supply of improved livestock and veterinary consultancies','advisory services for farmers',2,0,NULL,'','',NULL),
 (143,'',NULL,'','','','ZION AGRO VETERINARY COMPANY LIMITED','',2,'0776827380','','drtabluke@gmail.com','ARUA MUNICIPALITY','','2012-03-14 12:23:10',27,NULL,NULL,15,NULL,NULL,NULL,NULL,'',NULL,1,0,'it deals in animal drugs, agriculture inputs, sale of live animals, animal feeds, fumigation services among others','sale of veterinary drugs, agriculture inputs, live animals, animal feeds and fumigation services',1,0,NULL,'','',NULL),
 (144,'',NULL,'','','','OLYMPIA ALLIED CLINIC','',2,'0772994438','','','ARUA MUNICIPALITY','','2012-03-14 12:31:38',27,NULL,NULL,15,NULL,NULL,NULL,NULL,'',NULL,2,4,'Counselling and testing, consultations, dispensary of drugs','counselling and testing\r\ndispensary of drugs',0,0,NULL,'','',NULL),
 (145,'',NULL,'','','','HEALTH CARE DRUGSHOP','',2,'0701353651','','','ARUA MUNICIPALITY','','2012-03-14 12:34:58',27,NULL,NULL,15,NULL,NULL,NULL,NULL,'90468',NULL,1,2,'Retail  and wholesale','drugs',0,0,NULL,'','',NULL),
 (146,'',NULL,'','','','KAGODO FARMERS LTD(ARUA AGENT SHOP)','',2,'0784638505/0788147600','','onegikl@yahoo.com','ARUA MUNICIPALITY','','2012-03-14 12:43:38',27,NULL,NULL,15,NULL,NULL,NULL,NULL,'',NULL,2,1,'dealers in poultry and animal feeds of all types(broilers and layers, pig feeds and dairy meals), supplies off day old chicks(broilers,layers,local improved breeds)','broiler starter mash, broiler finish mash,  chicken and duck mash,growers mash, layers mash,concentrates of all types and dairy meal',2,0,NULL,'','',NULL),
 (147,'',NULL,'','','','RAFIKI FOOD ENTREPRISE','',2,'0782254038','','','ARUA MUNICIPALITY','','2012-03-14 12:49:20',27,NULL,NULL,15,NULL,NULL,NULL,NULL,'0453','2009-07-08',2,1,'Deals in food ','cassava flour\r\nmaize grain\r\nsim sim\r\n',1,0,NULL,'','',NULL),
 (148,'',NULL,'','','','GOLDEN FURNITURE WOOD WORKS','',2,'0779160098/0782143280','','rasuagu@yahoo.com','ARUA MUNICIPALTY','','2012-03-14 13:03:49',27,NULL,NULL,15,NULL,NULL,NULL,NULL,'0483',NULL,7,4,'we deal in furniture equipment s\r\nlocation: Rhino comp road plot- next to oilwall petrol station','side boards\r\nDecker\r\nsofa sets\r\nkitchen cabinets\r\ndinning tables\r\ndesks\r\nbeds\r\nbenches\r\namong others\r\n',0,0,NULL,'','',NULL),
 (149,'',NULL,'','','','JABCON ENT','',2,'0772649217','','dabwone@gmail.com','ARUA MUNICIPALITY','','2012-03-14 13:06:36',27,NULL,NULL,15,NULL,NULL,NULL,NULL,'',NULL,1,0,'produce buying and selling','wholesale and retail trade',0,0,NULL,'','',NULL),
 (150,'',NULL,'','','','STUDENTS\\\' BOOK CENTER','',2,'0772526456','','','ARUA MUNICIPALITY','','2012-03-14 13:09:18',27,NULL,NULL,15,NULL,NULL,NULL,NULL,'',NULL,2,1,'Retail in books and stationary','text books\r\nstationary',0,0,NULL,'','',NULL),
 (151,'',NULL,'','','','COMBINE BROTHERS DEALERS IN HARDWARE','',2,'0782810395','','','ARUA MUNICIPALITY','','2012-03-14 13:13:56',27,NULL,NULL,15,NULL,NULL,NULL,NULL,'098',NULL,2,0,'Deals in construction business and is located on plot 13 Duka road Arua hill division','hardware material',0,0,NULL,'','',NULL),
 (152,'',NULL,'','','','AAT WORKSHOP','',2,'0757388994','','','ARUA MUNICIPALITY','','2012-03-14 13:18:46',27,NULL,NULL,15,NULL,NULL,NULL,NULL,'945',NULL,16,0,'AAT is located on Rhino camp road providing capentary/furniture services and training  of un employed youths in market cell Arua Hill division.','furniture\r\nroofing services\r\ntraining',0,0,NULL,'','',NULL),
 (153,'',NULL,'','','','GULF WORKS','',2,'0772883472','','','ARUA MUNICIPALITY','','2012-03-14 13:23:21',27,NULL,NULL,15,NULL,NULL,NULL,NULL,'',NULL,12,0,'Located on Rhino road, Bazaar ward and construction works  Arua Hill division','fabrication of doors, windows, gates and training youths',0,0,NULL,'','',NULL),
 (154,'',NULL,'','','','MINOS GARAGE','',2,'0772540741','','','ARUA MUNICIPALITY','','2012-03-14 13:29:58',27,NULL,NULL,15,NULL,NULL,NULL,NULL,'',NULL,3,0,'welding and fabrication workshop\r\nplot 21/23 Duka road, Arua hill division','metal products and training',0,0,NULL,'','',NULL),
 (155,'',NULL,'','','','CHRIST THE KING PRIMARY SCHOOL','',2,'0782596060','','','ARUA MUNICIPALITY','','2012-03-14 14:32:10',27,NULL,NULL,15,NULL,NULL,NULL,NULL,'','2005-07-07',28,25,'Christ the king kindergarten &promary school is owned by Arua diocese. its a catholic founded and owned. its kindergarten was opened in 1965 and the primary opened in 2000. its located in hospital cell in Arua hill division ','kindergarten and primary education',0,0,NULL,'','',NULL),
 (156,'',NULL,'','','','ELVIS DOCUMENTS','',2,'0774879992','','','ARUA MUNICIPALITY','','2012-03-14 14:35:10',27,NULL,NULL,15,NULL,NULL,NULL,NULL,'',NULL,1,1,'SECRETARIAL SERVICES','photocopying\r\ncomputer training\r\ntype setting\r\nsealing\r\n',0,0,NULL,'','',NULL),
 (157,'',NULL,'','','','ARUA SHOES DEALS ','',2,'0781593949','','','ARUA MUNICIPALITY','','2012-03-14 14:38:28',27,NULL,NULL,15,NULL,NULL,NULL,NULL,'',NULL,2,0,'The business is located along Rhino canp Road opposite Wanirico office','shoes sellimg ',0,0,NULL,'','',NULL),
 (158,'',NULL,'','','','HAMID SHOP','',2,'0772844836','','','ARUA MUNICIPALITY','','2012-03-14 14:47:06',27,NULL,NULL,15,NULL,NULL,NULL,NULL,'',NULL,1,1,'Deals in the sales of food itms and the busines is located on plot 21 Rhinocomp road','posho\r\nbeans\r\nrice\r\nsoda',0,0,NULL,'','',NULL),
 (159,'',NULL,'','','','HORTICULTURE & MULTIPURPOSE ','',2,'0775572854','','','ARUA MUNICIPALITY','','2012-03-14 14:53:56',27,NULL,NULL,15,NULL,NULL,NULL,NULL,'',NULL,18,22,'Its located in Arua main market. We deal in agricultural products ie watermelons, cucumber, green paper, g.nuts, spices, onions, tomatoes,beans.','mainly horticulture products',0,0,NULL,'','',NULL),
 (160,'',NULL,'','','','MUNGU YIKO TRADING STORES','',2,'0782395007','','munguyitrader@yahoo.com','ARUA MUNICIPALITY ','','2012-03-14 14:58:07',27,NULL,NULL,15,NULL,NULL,NULL,NULL,'999',NULL,5,0,'Dealers in agriculture inputs, tools, implements and fumigation services','seed distribution, training farmers, fumigation services, demonstration',0,0,NULL,'','',NULL),
 (161,'',NULL,'','','','OBALANGA FABRICATION','',2,'0773245959','','','ARUA MUNICIPALITY','','2012-03-14 15:02:13',27,NULL,NULL,15,NULL,NULL,NULL,NULL,'',NULL,15,0,'Opposite Afro triangle(Adumi road) metal works','free training to any person regardless of tribe, religion\r\ndoors, windows, tank stands,gates, garage doors among others',0,0,NULL,'','',NULL),
 (162,'',NULL,'','','','HOTEL PACIFIC','',2,'0772667314','','','ARUA MUNICIPALITY','','2012-03-14 15:13:07',27,NULL,NULL,15,NULL,NULL,NULL,NULL,'',NULL,20,25,'Hotel Pacific deals in hospitality services.\r\nIt has accommodation of 28self contained rooms, restaurant, bar, conference facilities, entertainment, darts club ','accommodation\r\nrestaurant\r\nbar\r\nconference hall\r\nentertainment',4,0,NULL,'','',NULL),
 (163,'',NULL,'','','','KAMURE PARK HOTEL LTD','',2,'0771665512','','','ARUA MUNICIPALITY','','2012-03-14 15:24:06',27,NULL,NULL,15,NULL,NULL,NULL,NULL,'13021','2010-03-26',4,8,'Hospitality, entertainment and health club','self contained double bed rooms, bar, restaurant with DSTV for sports and other entertainment.\r\nConference hall\r\nHealth club(gym/sauna/steam bath)-contractor supplied',0,0,NULL,'','',NULL),
 (164,'',NULL,'','','','ECO-MUNGUSI FISH FARMING PROJECT','',2,'0751806230','','alfredobedmoth@yahoo.com','ARUA','','2012-03-14 15:29:43',27,NULL,NULL,15,NULL,NULL,NULL,NULL,'',NULL,2,0,'Sale of mature fresh fish,fried fish, training of fish farmers and consultancy and also sale of honey and bananas','fresh fish\r\nfish fry\r\ntraining and consultancy',0,0,NULL,'','',NULL),
 (165,'',NULL,'','','','AMBALA MADE','',2,'0778036952','','','ARUA','','2012-03-14 15:37:40',27,NULL,NULL,15,NULL,NULL,NULL,NULL,'',NULL,4,1,'Hand craft made by hand not much on improved line','chairs\r\nstools',0,0,NULL,'','',NULL),
 (166,'',NULL,'','','','TEA\\\'S GENERAL ENTREPRISE','',2,'0774009337','','','ARUA','','2012-03-15 08:15:29',27,NULL,NULL,15,NULL,NULL,NULL,NULL,'1480','2011-10-26',0,0,'Beer and other beverages','beer\r\nsoda',0,0,NULL,'','',NULL),
 (167,'',NULL,'','','','GOLDEN DAY CARE','',2,'0752070900','','','ARUA','','2012-03-15 08:19:06',27,NULL,NULL,15,NULL,NULL,NULL,NULL,'',NULL,0,0,'Community based nursery school','education',0,0,NULL,'','',NULL),
 (168,'',NULL,'','','','NGUMA GILBERT','',2,'0777396893','','','ARUA','','2012-03-15 08:22:58',27,NULL,NULL,15,NULL,NULL,NULL,NULL,'',NULL,0,0,'Sales of general merchandise','general merchandise',0,0,NULL,'','',NULL),
 (169,'',NULL,'','','','HALL MARK','',2,'0782360161','','','ARUA','','2012-03-15 08:25:39',27,NULL,NULL,15,NULL,NULL,NULL,NULL,'1259','2011-08-02',5,2,'Welding doors, windows, and motorcycle repair','training of youths in welding and motorcycle repair',0,0,NULL,'','',NULL),
 (170,'',NULL,'','','','VURRA PATRIOTIC SACCO ','',2,'0773440475','','','ARUA','','2012-03-15 08:29:44',27,NULL,NULL,15,NULL,NULL,NULL,NULL,'7393/RCS','2005-08-22',2,1,'savings and credit institution','finance for agriculture and business institution',1,0,NULL,'','',NULL),
 (171,'',NULL,'','','','OBA INVESTIMENTS LTD','',2,'0782996793','','','ARUA','','2012-03-15 08:35:15',27,NULL,NULL,15,NULL,NULL,NULL,NULL,'',NULL,1,0,'Metal fabrication and welding, cement productsad for building construction','metal doors/windows, brick ventilators\r\npower roof pan tiles ',1,0,NULL,'','',NULL),
 (172,'',NULL,'','','','UURRA CAPENTARY & JOINERY CENTER','',2,'0782319267','','','ARUA','','2012-03-15 08:38:34',27,NULL,NULL,15,NULL,NULL,NULL,NULL,'',NULL,0,0,'timber selling and timber works','joinery works and carpentry work',0,0,NULL,'','',NULL),
 (173,'',NULL,'','','','UURRA FARMERS SACCO','',2,'0779744449','','','ARUA','','2012-03-15 08:41:52',27,NULL,NULL,15,NULL,NULL,NULL,NULL,'',NULL,1,1,'Provision of savings and credit services','savings and withdraw allowed at any time.\r\ncredit to members who bought share and pay membership',0,0,NULL,'','',NULL),
 (174,'',NULL,'','','','GO-DOWN ENTREPRISE','',2,'0777205166','','','ARUA','','2012-03-15 08:46:35',27,NULL,NULL,15,NULL,NULL,NULL,NULL,'',NULL,0,0,'Grinding mill','grinding cassava to the public',0,0,NULL,'','',NULL),
 (175,'',NULL,'','','','BONDO PAULTRY FARM','',2,'0774629200','','','ARUA','','2012-03-15 08:49:57',27,NULL,NULL,15,NULL,NULL,NULL,NULL,'','2011-06-06',1,1,'Poultry for sale to the public  ','selling chicken to the community and institutions',0,0,NULL,'','',NULL),
 (176,'',NULL,'','','','SKIYA FURNITURE MART','',2,'0785507062','','','ARUA','','2012-03-15 08:53:33',27,NULL,NULL,15,NULL,NULL,NULL,NULL,'',NULL,2,0,'making of various furniture','furniture',0,0,NULL,'','',NULL),
 (177,'',NULL,'','','','LITTLE ANGELNURSERY/ PRIMARY SCHOOL','',2,'0392965960','','','ARUA','','2012-03-15 08:56:08',27,NULL,NULL,15,NULL,NULL,NULL,NULL,'ME/P/5586',NULL,5,11,'provision of education services','teaching services',0,0,NULL,'','',NULL),
 (178,'',NULL,'','','','FRUIT WINE','',2,'0782287345','','','ARUA','','2012-03-15 08:58:15',27,NULL,NULL,15,NULL,NULL,NULL,NULL,'',NULL,1,2,'Fruit wine production and other beverages','fruit wine',0,0,NULL,'','',NULL),
 (179,'',NULL,'','','','ST. DANIEL COMBONI YOUTH CENTER','',2,'0755423595','','','ARUA','','2012-03-15 09:03:13',27,NULL,NULL,15,NULL,NULL,NULL,NULL,'',NULL,2,1,'St. Daniel Comboni youth center is an institution of Arua diocese which is not for profits.\r\nIts a service center for training youth for a holistic life.','life skills\r\nleadership training\r\nretreats',0,0,NULL,'','',NULL),
 (180,'',NULL,'','','','ARUA KOLPING BAKERY','',2,'0782106038','','','ARUA','','2012-03-15 09:06:24',27,NULL,NULL,15,NULL,NULL,NULL,NULL,'',NULL,5,9,'Confectionery, bread, cake, cookies, and other bakery products','bread\r\ncakes\r\ncookies\r\nother confectionery products',0,0,NULL,'','',NULL),
 (181,'',NULL,'','','','SANCTUARY GUEST HOUSE','',2,'0777912764','','','ARUA','','2012-03-15 09:20:25',27,NULL,NULL,15,NULL,NULL,NULL,NULL,'','2008-06-05',4,8,'Rooms for accomodation ,serve meals and drinks','rooms for accommodation serve meals drinks and other beverages',0,0,NULL,'','',NULL),
 (182,'',NULL,'','','','HARMONIOUS TEMPLE','',2,'0753189808','','','ARUA','','2012-03-15 09:23:20',27,NULL,NULL,15,NULL,NULL,NULL,NULL,'',NULL,3,0,'Metal works fabrication and welding','doors\r\nwindows\r\nchairs\r\n& beds',0,0,NULL,'','',NULL),
 (183,'',NULL,'','','','GARDEN VIEW REST','',2,'0775001838','','','ARUA','','2012-03-15 09:30:34',27,NULL,NULL,15,NULL,NULL,NULL,NULL,'1763','2011-07-20',0,0,'Sale of food and beverages','soda\r\nmineral water',0,0,NULL,'','',NULL),
 (184,'',NULL,'','','','FOUNDATION NURSES HOUSE CARE','',2,'0784651025','','','ARUA','','2012-03-15 09:36:33',27,NULL,NULL,15,NULL,NULL,NULL,NULL,'',NULL,0,0,'Providing quality and accessible care to children and male/female adults in form of drugs and advisory services','provides drugs to clients',0,0,NULL,'','',NULL),
 (185,'',NULL,'','','','YAHAYA ABUKALLA','',2,'0788168146','','','ARUA','','2012-03-15 10:16:34',27,NULL,NULL,15,NULL,NULL,NULL,NULL,'',NULL,2,1,'BUYING CASSAVA CHIPS','SALES OF CASSAVA CHIPS',0,0,NULL,'','',NULL),
 (186,'',NULL,'','','','KAZANA KAZANA ','',2,'0772879411','','','ARUA','','2012-03-15 10:18:09',27,NULL,NULL,15,NULL,NULL,NULL,NULL,'',NULL,1,1,'sales of grocery items','grocery items',0,0,NULL,'','',NULL),
 (187,'',NULL,'','','','JANE & DAUGHTERS TAILORING','',2,'0782147290','','','ARUA','','2012-03-15 10:20:14',27,NULL,NULL,15,NULL,NULL,NULL,NULL,'',NULL,0,1,'Tailoring services','tailoring services',0,0,NULL,'','',NULL),
 (188,'',NULL,'','','','CANDIRU DAVID','',2,'0782087030','','','ARUA','','2012-03-15 15:50:44',27,NULL,NULL,15,NULL,NULL,NULL,NULL,'',NULL,1,1,'sale of grocery items','sugar\r\nsalt\r\nstationary\r\ncooking oil\r\n',0,0,NULL,'','',NULL),
 (189,'',NULL,'','','','MUNGUCI RETAIL SHOP','',2,'0786221729','','','ARUA','','2012-03-15 15:53:07',27,NULL,NULL,15,NULL,NULL,NULL,NULL,'',NULL,1,1,'sale of grocery items','sells sugar, salt, stationary among others',0,0,NULL,'','',NULL),
 (190,'',NULL,'','','','OFFALCA SACCO','',2,'0789605958','','','ARUA','','2012-03-15 16:00:30',27,NULL,NULL,15,NULL,NULL,NULL,NULL,'',NULL,5,0,'provision of rural financial services','giving out loans\r\nkeeping of savings, deposits from members\r\ntraining of the community and the general members',0,0,NULL,'','',NULL),
 (191,'',NULL,'','','','ONZIMA SUNDAY','',2,'0782286924','','','ARUA','','2012-03-15 16:02:08',27,NULL,NULL,15,NULL,NULL,NULL,NULL,'',NULL,2,0,'Grinding of maize, millet grains and cassava','grinding services',0,0,NULL,'','',NULL),
 (192,'',NULL,'','','','MUZEE ROBERT','',2,'0792842102','','','ARUA','','2012-03-15 16:03:48',27,NULL,NULL,15,NULL,NULL,NULL,NULL,'',NULL,1,1,'Sale of grocery items','sugar, salt , soap among others',0,0,NULL,'','',NULL),
 (193,'',NULL,'','','','AMAZA ALFRED','',2,'0787673680','','','ARUA','','2012-03-15 16:05:20',27,NULL,NULL,15,NULL,NULL,NULL,NULL,'',NULL,1,0,'Sale of grocery goods','soap, salt, sugar, cooking oil etc',0,0,NULL,'','',NULL),
 (194,'',NULL,'','','','ABIRIGA GASPER','',2,'0777270761','','','ARUA','','2012-03-15 16:08:36',27,NULL,NULL,15,NULL,NULL,NULL,NULL,'',NULL,1,0,'Grocery commodity sales','salt\r\nsugar\r\nsoap\r\netc',0,0,NULL,'','',NULL),
 (195,'',NULL,'','','','MAMBO YA DUNIA','',2,'0773390366','','','ARUA','','2012-03-15 16:10:31',27,NULL,NULL,15,NULL,NULL,NULL,NULL,'',NULL,2,1,'grocery','stationary\r\nparaffin\r\nsoap\r\nsalt\r\n\r\n',0,0,NULL,'','',NULL),
 (196,'',NULL,'','','','AMINA AYIKORU','',2,'0773295906','','','ARUA','','2012-03-15 16:13:13',27,NULL,NULL,15,NULL,NULL,NULL,NULL,'',NULL,0,1,'TAILORING ','tailoring services',0,0,NULL,'','',NULL),
 (197,'',NULL,'','','','AZII LILIMUS','',2,'0773871167','','','ARUA','','2012-03-15 16:15:01',27,NULL,NULL,15,NULL,NULL,NULL,NULL,'',NULL,3,0,'SALES OF BUTCHERY PRODUCTS','COW & GOATS MEAT',0,0,NULL,'','',NULL),
 (198,'',NULL,'','','','ACHIKO ASHER','',2,'0777289333','','','ARUA','','2012-03-15 16:16:15',27,NULL,NULL,15,NULL,NULL,NULL,NULL,'',NULL,1,1,'GENERAL MERCHANDISE','GENERAL MERCHANDISE',0,0,NULL,'','',NULL),
 (199,'',NULL,'','','','ECO MUNGUSI FISH FARMING PROJECT','',2,'0751806230','','','ARUA','','2012-03-15 16:19:33',27,NULL,NULL,15,NULL,NULL,NULL,NULL,'',NULL,2,0,'Sale of mature fresh fish, fish fry, training of fish farmers and consultancy.\r\nsale of honey &bananas','fresh fish\r\nfish fry\r\ntraining &consultancy',0,0,NULL,'','',NULL),
 (200,'',NULL,'','','','JOY KALANDA & SONS','',2,'0774186957','','','ARUA','','2012-03-15 16:22:25',27,NULL,NULL,15,NULL,NULL,NULL,NULL,'',NULL,2,0,'Buying & selling of goods under retail dealings','soap of various type, laundary &other goods like salt',0,0,NULL,'','',NULL),
 (201,'',NULL,'','','','SOLE PROPRIATOR','',2,'0774035585','','','ARUA','','2012-03-15 16:24:27',27,NULL,NULL,15,NULL,NULL,NULL,NULL,'',NULL,2,0,'Selling and buying of various items for retail','basic needs\r\n',0,0,NULL,'','',NULL),
 (202,'',NULL,'','','','OLEAMA MICHEAL','',2,'0774035585','','','ARUA','','2012-03-15 16:27:17',27,NULL,NULL,15,NULL,NULL,NULL,NULL,'',NULL,0,0,'Sale of general merchandise','general merchandise',0,0,NULL,'','',NULL),
 (203,'',NULL,'','','','FERI KENEDY','',2,'0777373116','','','ARUA','','2012-03-15 16:28:18',27,NULL,NULL,15,NULL,NULL,NULL,NULL,'',NULL,2,0,'RETAIL GOODS SALES','soap\r\ncooking oil\r\nsugar etc',0,0,NULL,'','',NULL),
 (204,'',NULL,'','','','DROMA & SONS ENTREPRISES','',2,'0792483493','','','ARUA','','2012-03-15 16:30:16',27,NULL,NULL,15,NULL,NULL,NULL,NULL,'',NULL,0,3,'VARIETY OF BASIC GOODS ARE SOLD','SUGAR\r\nSALT\r\nSOAP\r\nAND OTHERS',0,0,NULL,'','',NULL),
 (205,'',NULL,'','','','ALEKU ISMAIL','',2,'0774362247','','','ARUA','','2012-03-15 16:32:04',27,NULL,NULL,15,NULL,NULL,NULL,NULL,'',NULL,4,0,'Cattle output for sale and trade in items','cattle alone',0,0,NULL,'','',NULL),
 (206,'',NULL,'','','','agaba & sons','',2,'0772866313','','','arua','','2012-03-15 16:34:03',27,NULL,NULL,15,NULL,NULL,NULL,NULL,'',NULL,0,0,'SELLING OF A VARIETY OF BUSINESS ITEMS UNDER RETAIL AND GENERAL MERCHANDISE','soap\r\ndetergent and other various business',0,0,NULL,'','',NULL),
 (207,'',NULL,'','','','MASKINI LEDRA','',2,'0772337725','','','ARUA','','2012-03-15 16:35:22',27,NULL,NULL,15,NULL,NULL,NULL,NULL,'',NULL,2,0,'GENERAL MERCHANDISE','all basic needs are sold',0,0,NULL,'','',NULL),
 (208,'',NULL,'','','','GOD IS GLORIOUS JOTEL','',2,'0779726609','','','ARUA','','2012-03-15 16:37:07',27,NULL,NULL,15,NULL,NULL,NULL,NULL,'',NULL,0,3,'eats and accommodation ','meals and other restaurant services',0,0,NULL,'','',NULL),
 (209,'',NULL,'','','','ADWOLRI ROYE','',2,'0777631346','','','ARUA','','2012-03-15 16:40:06',27,NULL,NULL,15,NULL,NULL,NULL,NULL,'',NULL,2,0,'Buying and selling of all retail goods','soap\r\nsalt\r\n sugar\r\netc',0,0,NULL,'','',NULL),
 (210,'',NULL,'','','','ECOMO GLBERT','',2,'0791858007','','','ARUA','','2012-03-15 16:42:26',27,NULL,NULL,15,NULL,NULL,NULL,NULL,'',NULL,2,0,'Sale of retail goods ','soap\r\nsalt\r\nsugar and many more goods',0,0,NULL,'','',NULL),
 (211,'',NULL,'','','','Shell Masaka','',2,'0712595279','','','anada  aknakd\r\nasldnakl amasdl ada','','2013-05-05 18:21:21',340,NULL,NULL,56,313,1659,NULL,NULL,'',NULL,0,0,'jabskja dk adaadada','',0,0,NULL,'','',4),
 (212,'Dr','M','Kalule','Moses','','',NULL,1,'076522312','','','sdfsfs fd sfdsf s','','2013-05-05 18:22:57',340,'2013-05-05 18:35:55',340,56,313,1662,'','','','2013-05-05',0,0,'sdfsf fs fsdf sf','fsf',0,0,NULL,'','',8);
/*!40000 ALTER TABLE `contact` ENABLE KEYS */;


--
-- Definition of table `contactcategory`
--

DROP TABLE IF EXISTS `contactcategory`;
CREATE TABLE `contactcategory` (
  `id` int(10) unsigned NOT NULL AUTO_INCREMENT,
  `contactid` int(11) unsigned DEFAULT NULL,
  `categoryid` int(11) unsigned NOT NULL,
  PRIMARY KEY (`id`),
  UNIQUE KEY `unique_contact_category` (`contactid`,`categoryid`),
  KEY `fk_contactcategory_contact` (`contactid`),
  KEY `fk_contactcategory_category` (`categoryid`),
  CONSTRAINT `fk_contactcategory_category` FOREIGN KEY (`categoryid`) REFERENCES `businessdirectorycategory` (`id`) ON DELETE CASCADE ON UPDATE CASCADE,
  CONSTRAINT `fk_contactcategory_contact` FOREIGN KEY (`contactid`) REFERENCES `contact` (`id`) ON DELETE CASCADE ON UPDATE CASCADE
) ENGINE=InnoDB AUTO_INCREMENT=404 DEFAULT CHARSET=utf8;

--
-- Dumping data for table `contactcategory`
--

/*!40000 ALTER TABLE `contactcategory` DISABLE KEYS */;
INSERT INTO `contactcategory` (`id`,`contactid`,`categoryid`) VALUES 
 (1,1,3),
 (10,2,1),
 (5,2,2),
 (8,2,3),
 (3,2,4),
 (7,2,5),
 (11,2,6),
 (9,2,7),
 (2,2,8),
 (4,2,9),
 (6,2,10),
 (20,3,1),
 (15,3,2),
 (18,3,3),
 (13,3,4),
 (17,3,5),
 (21,3,6),
 (19,3,7),
 (12,3,8),
 (14,3,9),
 (16,3,10),
 (30,4,1),
 (25,4,2),
 (28,4,3),
 (23,4,4),
 (27,4,5),
 (31,4,6),
 (29,4,7),
 (22,4,8),
 (24,4,9),
 (26,4,10),
 (35,5,2),
 (38,5,3),
 (33,5,4),
 (37,5,5),
 (40,5,6),
 (39,5,7),
 (32,5,8),
 (34,5,9),
 (36,5,10),
 (49,6,1),
 (44,6,2),
 (47,6,3),
 (42,6,4),
 (46,6,5),
 (50,6,6),
 (48,6,7),
 (41,6,8),
 (43,6,9),
 (45,6,10),
 (59,7,1),
 (54,7,2),
 (57,7,3),
 (52,7,4),
 (56,7,5),
 (60,7,6),
 (58,7,7),
 (51,7,8),
 (53,7,9),
 (55,7,10),
 (61,8,5),
 (70,9,1),
 (65,9,2),
 (68,9,3),
 (63,9,4),
 (67,9,5),
 (71,9,6),
 (69,9,7),
 (62,9,8),
 (64,9,9),
 (66,9,10),
 (80,10,1),
 (75,10,2),
 (78,10,3),
 (73,10,4),
 (77,10,5),
 (81,10,6),
 (79,10,7),
 (72,10,8),
 (74,10,9),
 (76,10,10),
 (90,11,1),
 (85,11,2),
 (88,11,3),
 (83,11,4),
 (87,11,5),
 (91,11,6),
 (89,11,7),
 (82,11,8),
 (84,11,9),
 (86,11,10),
 (100,12,1),
 (95,12,2),
 (98,12,3),
 (93,12,4),
 (97,12,5),
 (101,12,6),
 (99,12,7),
 (92,12,8),
 (94,12,9),
 (96,12,10),
 (110,13,1),
 (105,13,2),
 (108,13,3),
 (103,13,4),
 (107,13,5),
 (111,13,6),
 (109,13,7),
 (102,13,8),
 (104,13,9),
 (106,13,10),
 (120,14,1),
 (115,14,2),
 (118,14,3),
 (113,14,4),
 (117,14,5),
 (121,14,6),
 (119,14,7),
 (112,14,8),
 (114,14,9),
 (116,14,10),
 (130,15,1),
 (125,15,2),
 (128,15,3),
 (123,15,4),
 (127,15,5),
 (131,15,6),
 (129,15,7),
 (122,15,8),
 (124,15,9),
 (126,15,10),
 (140,16,1),
 (135,16,2),
 (138,16,3),
 (133,16,4),
 (137,16,5),
 (141,16,6),
 (139,16,7),
 (132,16,8),
 (134,16,9),
 (136,16,10),
 (150,17,1),
 (145,17,2),
 (148,17,3),
 (143,17,4),
 (147,17,5),
 (151,17,6),
 (149,17,7),
 (142,17,8),
 (144,17,9),
 (146,17,10),
 (160,18,1),
 (155,18,2),
 (158,18,3),
 (153,18,4),
 (157,18,5),
 (161,18,6),
 (159,18,7),
 (152,18,8),
 (154,18,9),
 (156,18,10),
 (170,19,1),
 (165,19,2),
 (168,19,3),
 (163,19,4),
 (167,19,5),
 (171,19,6),
 (169,19,7),
 (162,19,8),
 (164,19,9),
 (166,19,10),
 (180,20,1),
 (175,20,2),
 (178,20,3),
 (173,20,4),
 (177,20,5),
 (181,20,6),
 (179,20,7),
 (172,20,8),
 (174,20,9),
 (176,20,10),
 (190,21,1),
 (185,21,2),
 (188,21,3),
 (183,21,4),
 (187,21,5),
 (191,21,6),
 (189,21,7),
 (182,21,8),
 (184,21,9),
 (186,21,10),
 (200,22,1),
 (195,22,2),
 (198,22,3),
 (193,22,4),
 (197,22,5),
 (201,22,6),
 (199,22,7),
 (192,22,8),
 (194,22,9),
 (196,22,10),
 (210,23,1),
 (205,23,2),
 (208,23,3),
 (203,23,4),
 (207,23,5),
 (209,23,7),
 (202,23,8),
 (204,23,9),
 (206,23,10),
 (211,24,5),
 (212,25,5),
 (213,26,5),
 (214,27,5),
 (215,28,5),
 (216,29,5),
 (217,30,5),
 (218,31,5),
 (219,32,5),
 (220,33,5),
 (221,34,5),
 (222,35,5),
 (223,36,5),
 (224,36,6),
 (225,37,5),
 (226,38,5),
 (227,39,5),
 (228,40,5),
 (229,41,5),
 (230,42,5),
 (231,43,5),
 (232,44,5),
 (233,45,5),
 (234,46,5),
 (235,47,5),
 (236,48,5),
 (237,49,5),
 (238,50,5),
 (239,51,5),
 (240,52,5),
 (241,53,5),
 (242,54,5),
 (243,55,5),
 (244,56,5),
 (245,57,5),
 (246,58,5),
 (247,59,5),
 (248,60,5),
 (249,61,5),
 (250,62,5),
 (251,63,5),
 (252,64,5),
 (253,65,5),
 (254,66,5),
 (255,67,5),
 (256,68,5),
 (257,69,5),
 (258,70,5),
 (259,71,5),
 (260,72,5),
 (261,73,5),
 (262,74,5),
 (263,75,5),
 (264,76,5),
 (265,77,5),
 (266,78,5),
 (267,79,5),
 (268,80,5),
 (269,81,5),
 (270,82,5),
 (271,83,5),
 (272,84,5),
 (273,85,5),
 (274,86,5),
 (275,87,5),
 (276,88,5),
 (277,89,5),
 (278,90,5),
 (279,91,5),
 (280,92,5),
 (281,93,5),
 (282,94,5),
 (283,95,5),
 (284,96,5),
 (285,97,5),
 (286,98,5),
 (287,99,5),
 (288,100,5),
 (289,101,5),
 (290,102,5),
 (291,103,5),
 (292,104,5),
 (293,105,5),
 (294,106,5),
 (295,107,5),
 (296,108,5),
 (297,109,5),
 (298,110,5),
 (299,111,5),
 (300,112,5),
 (301,113,5),
 (302,114,5),
 (303,115,5),
 (304,116,5),
 (305,117,5),
 (306,118,5),
 (307,119,5),
 (308,120,5),
 (309,121,5),
 (310,122,5),
 (311,123,5),
 (312,124,5),
 (313,125,5),
 (314,126,5),
 (315,127,5),
 (316,128,5),
 (317,129,5),
 (318,130,5),
 (319,131,5),
 (320,132,5),
 (321,133,5),
 (322,134,5),
 (323,135,5),
 (324,136,5),
 (325,137,5),
 (326,138,5),
 (327,139,5),
 (328,140,5),
 (329,141,9),
 (330,142,8),
 (331,143,8),
 (332,144,9),
 (333,145,9),
 (334,146,8),
 (335,147,8),
 (336,148,5),
 (337,149,8),
 (338,150,5),
 (339,151,5),
 (340,152,5),
 (341,152,6),
 (342,153,5),
 (343,153,6),
 (344,154,5),
 (345,154,6),
 (346,155,7),
 (347,156,5),
 (348,157,5),
 (349,158,5),
 (350,159,8),
 (351,160,8),
 (352,161,5),
 (353,162,5),
 (354,163,5),
 (355,164,8),
 (356,165,5),
 (357,166,5),
 (358,167,5),
 (359,168,5),
 (360,169,5),
 (361,170,5),
 (362,171,5),
 (363,172,5),
 (364,173,5),
 (365,174,8),
 (366,175,8),
 (367,176,5),
 (368,177,5),
 (369,178,8),
 (370,179,5),
 (371,180,5),
 (372,180,6),
 (373,181,5),
 (374,182,5),
 (375,183,5),
 (376,184,9),
 (377,185,5),
 (378,186,5),
 (379,187,5),
 (380,188,5),
 (381,189,5),
 (382,190,5),
 (383,191,5),
 (384,192,5),
 (385,193,5),
 (386,194,5),
 (387,195,5),
 (388,196,5),
 (389,197,5),
 (390,198,5),
 (391,199,8),
 (392,200,5),
 (393,201,5),
 (394,202,5),
 (395,203,5),
 (396,204,5),
 (397,205,8),
 (398,206,5),
 (399,207,5),
 (400,208,5),
 (401,209,5),
 (402,210,5),
 (403,212,11);
/*!40000 ALTER TABLE `contactcategory` ENABLE KEYS */;


--
-- Definition of table `content`
--

DROP TABLE IF EXISTS `content`;
CREATE TABLE `content` (
  `id` int(11) unsigned NOT NULL AUTO_INCREMENT,
  `pagename` varchar(50) NOT NULL,
  `pagetitle` varchar(25) NOT NULL,
  `summary` varchar(1000) DEFAULT NULL,
  `leftcolumnone` blob,
  `leftcolumntwo` blob,
  `leftcolumnthree` blob,
  `rightcolumnone` blob,
  `rightcolumntwo` blob,
  `rightcolumnthree` blob,
  `locationid` int(11) unsigned DEFAULT NULL,
  `ispublished` tinyint(4) unsigned DEFAULT NULL,
  `order` tinyint(4) unsigned DEFAULT NULL,
  `datecreated` datetime NOT NULL,
  `createdby` int(11) unsigned NOT NULL,
  `lastupdatedate` datetime DEFAULT NULL,
  `lastupdatedby` int(11) unsigned DEFAULT NULL,
  PRIMARY KEY (`id`),
  KEY `fk_locationdetail_createdby` (`createdby`),
  KEY `fk_locationdetail_lastupdatedby` (`lastupdatedby`),
  KEY `fk_locationdetail_locationid` (`locationid`) USING BTREE,
  CONSTRAINT `fk_content_createdby` FOREIGN KEY (`createdby`) REFERENCES `useraccount` (`id`) ON DELETE CASCADE ON UPDATE CASCADE,
  CONSTRAINT `fk_content_lastupdatedby` FOREIGN KEY (`lastupdatedby`) REFERENCES `useraccount` (`id`) ON DELETE CASCADE ON UPDATE CASCADE,
  CONSTRAINT `fk_content_locationid` FOREIGN KEY (`locationid`) REFERENCES `location` (`id`) ON DELETE CASCADE ON UPDATE CASCADE
) ENGINE=InnoDB AUTO_INCREMENT=2 DEFAULT CHARSET=utf8;

--
-- Dumping data for table `content`
--

/*!40000 ALTER TABLE `content` DISABLE KEYS */;
INSERT INTO `content` (`id`,`pagename`,`pagetitle`,`summary`,`leftcolumnone`,`leftcolumntwo`,`leftcolumnthree`,`rightcolumnone`,`rightcolumntwo`,`rightcolumnthree`,`locationid`,`ispublished`,`order`,`datecreated`,`createdby`,`lastupdatedate`,`lastupdatedby`) VALUES 
 (1,'Home','Welcome To LGMIS','<h3>Back Ground Information.</h3>\r\nThe Government of Uganda, under the auspices of the United Nations Capital Development Fund (UNCDF) and United Nations Development Programme (UNDP) embarked on the implementation of the Third District Development Programme (DDP-III), of which the main focus is to stimulate Local Economic Development <b>(LED)</b>. <br /><br />\r\n<h3>The Project.</h3>\r\nAs part of the improvement of systems and methodologies in the Local Governments for LED to be effective, UNCDF/UNDP in partnership with the Ministry of Local Government to address',0x746865206761707320616E6420636F6E73747261696E747320696E2074686520736F757263696E672C20636F6C6C656374696F6E2C20616E616C797A696E672C2073746F72696E6720616E6420696E74657270726574696E67206F66206D61726B657420696E666F726D6174696F6E20696E20382070696C6F742064697374726963747320616E6420322070696C6F74206D756E69636970616C697469657320756E64657220746865204444502050726F6772616D6D65206E616D656C792042757369612C204B6179756E67612C204973696E6769726F2C204B697467756D2C20417275612C20416D7572752C204162696D2C204E776F7961206469737472696374732C2041727561206D756E69636970616C69747920616E64204275736961204D756E69636970616C69747920726573706563746976656C792E3C6272202F3E3C6272202F3E0D0A546869732077656273697465206973206120726573756C74206F6620746869732070726F6A656374207468617420696E766F6C76656420446576656C6F706D656E74206F66206120736563746F72206261736564207265706F7274696E672074656D706C6174652073797374656D20746861742077696C6C20696E666F726D2074686520646973747269637473206F6E20706572666F726D616E6365206F6620736563746F727320616E6420696E64696361746F7273206F6620627573696E65737320616E642065636F6E6F6D69632067726F7774682077697468696E2064697374726963742F6D756E69636970616C6974792E3C6272202F3E3C6272202F3E0D0A5468726F7567682074686973207765627369746520796F75206172652061626C6520746F207669657720616E64206361707475726520746865206D6F73742063757272656E74206D61726B657420696E666F726D6174696F6E2066726F6D2074686573652064697374726963747320616E64206D756E69636970616C69746965732E3C6272202F3E3C6272202F3E,NULL,NULL,NULL,NULL,NULL,NULL,1,1,'2012-09-11 10:04:06',1,'2013-05-05 01:14:21',250);
/*!40000 ALTER TABLE `content` ENABLE KEYS */;


--
-- Definition of table `contentimage`
--

DROP TABLE IF EXISTS `contentimage`;
CREATE TABLE `contentimage` (
  `id` int(11) unsigned NOT NULL AUTO_INCREMENT,
  `pageid` int(11) unsigned NOT NULL,
  `filename` varchar(255) NOT NULL,
  `filepath` varchar(500) NOT NULL,
  `captiontitle` varchar(50) DEFAULT NULL,
  `captiondetail` varchar(500) DEFAULT NULL,
  `hascaption` tinyint(4) unsigned DEFAULT NULL,
  `ispublished` tinyint(4) unsigned DEFAULT NULL,
  `order` tinyint(4) unsigned DEFAULT NULL,
  PRIMARY KEY (`id`),
  KEY `fk_contentimage_pageid` (`pageid`),
  CONSTRAINT `fk_contentimage_pageid` FOREIGN KEY (`pageid`) REFERENCES `content` (`id`) ON DELETE CASCADE ON UPDATE CASCADE
) ENGINE=InnoDB AUTO_INCREMENT=7 DEFAULT CHARSET=utf8;

--
-- Dumping data for table `contentimage`
--

/*!40000 ALTER TABLE `contentimage` DISABLE KEYS */;
INSERT INTO `contentimage` (`id`,`pageid`,`filename`,`filepath`,`captiontitle`,`captiondetail`,`hascaption`,`ispublished`,`order`) VALUES 
 (1,1,'image001.jpg','uploads/lgmis/slideshow','Featured 1','The equator. One of uganda\'s tourist attraction sites',0,1,1),
 (2,1,'image002.jpg','uploads/lgmis/slideshow','Featured 2','...',0,1,2),
 (3,1,'image1.jpg','uploads/lgmis/slideshow','Featured One','updated title',0,1,3),
 (4,1,'image2.jpg','uploads/lgmis/slideshow','Featured 4','...',0,1,4),
 (5,1,'image8.jpg','uploads/lgmis/slideshow','Featured 5','...',0,1,5),
 (6,1,'image3.jpg','uploads/lgmis/slideshow','Featured 6','...',0,1,6);
/*!40000 ALTER TABLE `contentimage` ENABLE KEYS */;


--
-- Definition of table `cropproduction`
--

DROP TABLE IF EXISTS `cropproduction`;
CREATE TABLE `cropproduction` (
  `id` int(10) unsigned NOT NULL AUTO_INCREMENT,
  `commodityid` int(11) unsigned NOT NULL,
  `locationid` int(11) unsigned NOT NULL,
  `prodtype` varchar(50) DEFAULT NULL,
  `cost` decimal(10,2) unsigned NOT NULL DEFAULT '0.00',
  `costtype` varchar(50) DEFAULT NULL,
  `yield` decimal(10,2) unsigned NOT NULL DEFAULT '0.00',
  `yieldtype` varchar(50) DEFAULT NULL,
  `unitid` int(11) unsigned DEFAULT NULL,
  `startdate` date NOT NULL,
  `enddate` date NOT NULL,
  `quarter` varchar(15) DEFAULT NULL,
  `datecreated` datetime NOT NULL,
  `createdby` int(11) unsigned NOT NULL,
  `lastupdatedate` datetime DEFAULT NULL,
  `lastupdatedby` int(11) unsigned DEFAULT NULL,
  `datecollected` date NOT NULL,
  `collectedbyid` int(11) unsigned NOT NULL,
  `seedsource` varchar(1000) DEFAULT NULL,
  `comcustom` varchar(255) DEFAULT NULL,
  `comtypecustom` varchar(50) DEFAULT NULL,
  `customprodtype` varchar(50) DEFAULT NULL,
  PRIMARY KEY (`id`),
  KEY `fk_cropproduction_createdby` (`createdby`),
  KEY `fk_cropproduction_lastupdatedby` (`lastupdatedby`),
  KEY `fk_cropproduction_commodity` (`commodityid`),
  KEY `fk_cropproduction_location` (`locationid`),
  KEY `fk_cropproduction_collector` (`collectedbyid`),
  CONSTRAINT `fk_cropproduction_collector` FOREIGN KEY (`collectedbyid`) REFERENCES `useraccount` (`id`) ON DELETE CASCADE ON UPDATE CASCADE,
  CONSTRAINT `fk_cropproduction_commodity` FOREIGN KEY (`commodityid`) REFERENCES `commodity` (`id`) ON DELETE CASCADE ON UPDATE CASCADE,
  CONSTRAINT `fk_cropproduction_createdby` FOREIGN KEY (`createdby`) REFERENCES `useraccount` (`id`) ON DELETE CASCADE ON UPDATE CASCADE,
  CONSTRAINT `fk_cropproduction_lastupdatedby` FOREIGN KEY (`lastupdatedby`) REFERENCES `useraccount` (`id`) ON DELETE CASCADE ON UPDATE CASCADE,
  CONSTRAINT `fk_cropproduction_location` FOREIGN KEY (`locationid`) REFERENCES `location` (`id`) ON DELETE CASCADE ON UPDATE CASCADE
) ENGINE=InnoDB AUTO_INCREMENT=33 DEFAULT CHARSET=utf8;

--
-- Dumping data for table `cropproduction`
--

/*!40000 ALTER TABLE `cropproduction` DISABLE KEYS */;
INSERT INTO `cropproduction` (`id`,`commodityid`,`locationid`,`prodtype`,`cost`,`costtype`,`yield`,`yieldtype`,`unitid`,`startdate`,`enddate`,`quarter`,`datecreated`,`createdby`,`lastupdatedate`,`lastupdatedby`,`datecollected`,`collectedbyid`,`seedsource`,`comcustom`,`comtypecustom`,`customprodtype`) VALUES 
 (1,94,15,NULL,'0.00',NULL,'0.00',NULL,NULL,'2011-10-01','2011-12-31',NULL,'2012-03-19 16:35:22',85,NULL,NULL,'2012-03-12',85,NULL,NULL,NULL,NULL),
 (2,43,15,NULL,'25000.00',NULL,'25.00',NULL,NULL,'2011-10-01','2011-12-31',NULL,'2012-03-19 16:35:22',85,NULL,NULL,'2012-03-12',85,NULL,NULL,NULL,NULL),
 (3,4,15,NULL,'0.00',NULL,'0.00',NULL,NULL,'2011-10-01','2011-12-31',NULL,'2012-03-19 16:35:22',85,NULL,NULL,'2012-03-12',85,NULL,NULL,NULL,NULL),
 (4,14,15,NULL,'0.00',NULL,'0.00',NULL,NULL,'2011-10-01','2011-12-31',NULL,'2012-03-19 16:35:22',85,NULL,NULL,'2012-03-12',85,NULL,NULL,NULL,NULL),
 (5,6,15,NULL,'0.00',NULL,'0.00',NULL,NULL,'2011-10-01','2011-12-31',NULL,'2012-03-19 16:35:22',85,NULL,NULL,'2012-03-12',85,NULL,NULL,NULL,NULL),
 (6,156,15,NULL,'0.00',NULL,'0.00',NULL,NULL,'2011-10-01','2011-12-31',NULL,'2012-03-19 16:35:22',85,NULL,NULL,'2012-03-12',85,NULL,NULL,NULL,NULL),
 (7,29,15,NULL,'0.00',NULL,'0.00',NULL,NULL,'2011-10-01','2011-12-31',NULL,'2012-03-19 16:35:22',85,NULL,NULL,'2012-03-12',85,NULL,NULL,NULL,NULL),
 (8,13,15,NULL,'0.00',NULL,'0.00',NULL,NULL,'2011-10-01','2011-12-31',NULL,'2012-03-19 16:35:22',85,NULL,NULL,'2012-03-12',85,NULL,NULL,NULL,NULL),
 (9,32,15,NULL,'0.00',NULL,'0.00',NULL,NULL,'2011-10-01','2011-12-31',NULL,'2012-03-19 16:35:22',85,NULL,NULL,'2012-03-12',85,NULL,NULL,NULL,NULL),
 (10,31,15,NULL,'0.00',NULL,'0.00',NULL,NULL,'2011-10-01','2011-12-31',NULL,'2012-03-19 16:35:22',85,NULL,NULL,'2012-03-12',85,NULL,NULL,NULL,NULL),
 (22,94,56,'','0.00',NULL,'0.00','',NULL,'2013-04-01','2013-06-30','2013.2','2013-05-05 19:57:20',340,NULL,NULL,'2013-05-06',340,'',NULL,NULL,NULL),
 (23,43,56,'','0.00',NULL,'0.00','',NULL,'2013-04-01','2013-06-30','2013.2','2013-05-05 19:57:20',340,NULL,NULL,'2013-05-06',340,'',NULL,NULL,NULL),
 (24,4,56,'','0.00',NULL,'0.00','',NULL,'2013-04-01','2013-06-30','2013.2','2013-05-05 19:57:20',340,NULL,NULL,'2013-05-06',340,'',NULL,NULL,NULL),
 (25,14,56,'23','500.00',NULL,'360000.00','26',5,'2013-04-01','2013-06-30','2013.2','2013-05-05 19:57:20',340,NULL,NULL,'2013-05-06',340,'dcfgdg gd f',NULL,NULL,NULL),
 (26,6,56,'23','300.00',NULL,'12500.00','26',5,'2013-04-01','2013-06-30','2013.2','2013-05-05 19:57:20',340,NULL,NULL,'2013-05-06',340,'dfg f sfds',NULL,NULL,NULL),
 (27,156,56,'','0.00',NULL,'0.00','',NULL,'2013-04-01','2013-06-30','2013.2','2013-05-05 19:57:20',340,NULL,NULL,'2013-05-06',340,'',NULL,NULL,NULL),
 (28,29,56,'','0.00',NULL,'0.00','',NULL,'2013-04-01','2013-06-30','2013.2','2013-05-05 19:57:20',340,NULL,NULL,'2013-05-06',340,'',NULL,NULL,NULL),
 (29,178,56,'','0.00',NULL,'0.00','',NULL,'2013-04-01','2013-06-30','2013.2','2013-05-05 19:57:20',340,NULL,NULL,'2013-05-06',340,'',NULL,NULL,NULL),
 (30,13,56,'','0.00',NULL,'0.00','',NULL,'2013-04-01','2013-06-30','2013.2','2013-05-05 19:57:20',340,NULL,NULL,'2013-05-06',340,'',NULL,NULL,NULL),
 (31,32,56,'','0.00',NULL,'0.00','',NULL,'2013-04-01','2013-06-30','2013.2','2013-05-05 19:57:20',340,NULL,NULL,'2013-05-06',340,'',NULL,NULL,NULL),
 (32,31,56,'','0.00',NULL,'0.00','',NULL,'2013-04-01','2013-06-30','2013.2','2013-05-05 19:57:20',340,NULL,NULL,'2013-05-06',340,'',NULL,NULL,NULL);
/*!40000 ALTER TABLE `cropproduction` ENABLE KEYS */;


--
-- Definition of table `cropsectorinformation`
--

DROP TABLE IF EXISTS `cropsectorinformation`;
CREATE TABLE `cropsectorinformation` (
  `id` int(10) unsigned NOT NULL AUTO_INCREMENT,
  `commodityid` int(11) unsigned NOT NULL,
  `locationid` int(11) unsigned NOT NULL,
  `seedsource` mediumtext NOT NULL,
  `pests` mediumtext NOT NULL,
  `diseases` mediumtext NOT NULL,
  `creditsource` mediumtext NOT NULL,
  `datecreated` datetime NOT NULL,
  `createdby` int(11) unsigned NOT NULL,
  `lastupdatedate` datetime DEFAULT NULL,
  `lastupdatedby` int(11) unsigned DEFAULT NULL,
  `startdate` date NOT NULL,
  `enddate` date NOT NULL,
  `quarter` varchar(15) DEFAULT NULL,
  `datecollected` date NOT NULL,
  `collectedbyid` int(11) unsigned NOT NULL,
  PRIMARY KEY (`id`),
  KEY `fk_cropsectorinformation_createdby` (`createdby`),
  KEY `fk_cropsectorinformation_lastupdatedby` (`lastupdatedby`),
  KEY `fk_cropsectorinformation_commodity` (`commodityid`),
  KEY `fk_cropsectorinformation_location` (`locationid`),
  CONSTRAINT `fk_cropsectorinformation_commodity` FOREIGN KEY (`commodityid`) REFERENCES `commodity` (`id`) ON DELETE CASCADE ON UPDATE CASCADE,
  CONSTRAINT `fk_cropsectorinformation_createdby` FOREIGN KEY (`createdby`) REFERENCES `useraccount` (`id`) ON DELETE CASCADE ON UPDATE CASCADE,
  CONSTRAINT `fk_cropsectorinformation_lastupdatedby` FOREIGN KEY (`lastupdatedby`) REFERENCES `useraccount` (`id`) ON DELETE CASCADE ON UPDATE CASCADE,
  CONSTRAINT `fk_cropsectorinformation_location` FOREIGN KEY (`locationid`) REFERENCES `location` (`id`) ON DELETE CASCADE ON UPDATE CASCADE
) ENGINE=InnoDB AUTO_INCREMENT=22 DEFAULT CHARSET=utf8;

--
-- Dumping data for table `cropsectorinformation`
--

/*!40000 ALTER TABLE `cropsectorinformation` DISABLE KEYS */;
INSERT INTO `cropsectorinformation` (`id`,`commodityid`,`locationid`,`seedsource`,`pests`,`diseases`,`creditsource`,`datecreated`,`createdby`,`lastupdatedate`,`lastupdatedby`,`startdate`,`enddate`,`quarter`,`datecollected`,`collectedbyid`) VALUES 
 (1,94,15,'','','','','2012-03-19 16:34:53',85,NULL,NULL,'2012-01-01','2012-03-31','2012.1','0000-00-00',85),
 (2,43,15,'Gulu','None','Cassava Mozaic','Centenary Park','2012-03-19 16:34:53',85,NULL,NULL,'2012-01-01','2012-03-31','2012.1','0000-00-00',85),
 (3,4,15,'','','','','2012-03-19 16:34:53',85,NULL,NULL,'2012-01-01','2012-03-31','2012.1','0000-00-00',85),
 (4,14,15,'','','','','2012-03-19 16:34:53',85,NULL,NULL,'2012-01-01','2012-03-31','2012.1','0000-00-00',85),
 (5,6,15,'','','','','2012-03-19 16:34:53',85,NULL,NULL,'2012-01-01','2012-03-31','2012.1','0000-00-00',85),
 (6,156,15,'','','','','2012-03-19 16:34:53',85,NULL,NULL,'2012-01-01','2012-03-31','2012.1','0000-00-00',85),
 (7,29,15,'','','','','2012-03-19 16:34:53',85,NULL,NULL,'2012-01-01','2012-03-31','2012.1','0000-00-00',85),
 (8,13,15,'','','','','2012-03-19 16:34:53',85,NULL,NULL,'2012-01-01','2012-03-31','2012.1','0000-00-00',85),
 (9,32,15,'','','','','2012-03-19 16:34:53',85,NULL,NULL,'2012-01-01','2012-03-31','2012.1','0000-00-00',85),
 (10,31,15,'','','','','2012-03-19 16:34:53',85,NULL,NULL,'2012-01-01','2012-03-31','2012.1','0000-00-00',85),
 (11,94,56,'','cfbfdgfg','gfdg d','','2013-05-05 19:21:15',340,'2013-05-05 20:48:52',NULL,'2013-04-01','2013-06-30','2013.2','2013-05-05',340),
 (12,43,56,'','dgf dg','dfgd g','','2013-05-05 19:21:15',340,'2013-05-05 20:48:52',NULL,'2013-04-01','2013-06-30','2013.2','2013-05-05',340),
 (13,4,56,'','','','','2013-05-05 19:21:15',340,'2013-05-05 20:48:52',NULL,'2013-04-01','2013-06-30','2013.2','2013-05-05',340),
 (14,14,56,'','kiasda','jshdsdfs','','2013-05-05 19:21:15',340,'2013-05-05 20:48:52',NULL,'2013-04-01','2013-06-30','2013.2','2013-05-05',340),
 (15,6,56,'','','','','2013-05-05 19:21:15',340,'2013-05-05 20:48:52',NULL,'2013-04-01','2013-06-30','2013.2','2013-05-05',340),
 (16,156,56,'','','','','2013-05-05 19:21:15',340,'2013-05-05 20:48:52',NULL,'2013-04-01','2013-06-30','2013.2','2013-05-05',340),
 (17,29,56,'','','','','2013-05-05 19:21:15',340,'2013-05-05 20:48:52',NULL,'2013-04-01','2013-06-30','2013.2','2013-05-05',340),
 (18,13,56,'','','','','2013-05-05 19:21:15',340,'2013-05-05 20:48:52',NULL,'2013-04-01','2013-06-30','2013.2','2013-05-05',340),
 (19,32,56,'','','','','2013-05-05 19:21:15',340,'2013-05-05 20:48:52',NULL,'2013-04-01','2013-06-30','2013.2','2013-05-05',340),
 (20,31,56,'','','','','2013-05-05 19:21:15',340,'2013-05-05 20:48:52',NULL,'2013-04-01','2013-06-30','2013.2','2013-05-05',340),
 (21,178,56,'','cvfd dfd f',' fgdggdg','','2013-05-05 19:22:14',340,'2013-05-05 20:48:52',NULL,'2013-04-01','2013-06-30','2013.2','2013-05-05',340);
/*!40000 ALTER TABLE `cropsectorinformation` ENABLE KEYS */;


--
-- Definition of table `fishcatchdetail`
--

DROP TABLE IF EXISTS `fishcatchdetail`;
CREATE TABLE `fishcatchdetail` (
  `id` int(11) unsigned NOT NULL AUTO_INCREMENT,
  `catchsummaryid` int(11) unsigned NOT NULL,
  `boatid` int(11) unsigned NOT NULL,
  `nettype` char(2) CHARACTER SET latin1 NOT NULL,
  `hooksize` decimal(10,1) NOT NULL,
  `hookno` tinyint(3) unsigned NOT NULL,
  `mputaid` int(11) unsigned DEFAULT NULL,
  `mputacount` tinyint(3) unsigned DEFAULT NULL,
  `mputaweight` decimal(10,1) DEFAULT NULL,
  `ngegeid` int(11) unsigned DEFAULT NULL,
  `ngegecount` tinyint(3) unsigned DEFAULT NULL,
  `ngegeweight` decimal(10,1) DEFAULT NULL,
  `mukeneid` int(11) unsigned DEFAULT NULL,
  `mukenecount` tinyint(3) unsigned DEFAULT NULL,
  `mukeneweight` decimal(10,1) DEFAULT NULL,
  `mambaid` int(11) unsigned DEFAULT NULL,
  `mambacount` tinyint(3) unsigned DEFAULT NULL,
  `mambaweight` decimal(10,1) DEFAULT NULL,
  `maleid` int(11) unsigned DEFAULT NULL,
  `malecount` tinyint(3) unsigned DEFAULT NULL,
  `maleweight` decimal(10,1) DEFAULT NULL,
  `othertilapiaid` int(11) unsigned DEFAULT NULL,
  `othertilapiacount` tinyint(3) unsigned DEFAULT NULL,
  `othertilapiaweight` decimal(10,1) DEFAULT NULL,
  `otherid` int(11) unsigned DEFAULT NULL,
  `othercount` tinyint(3) unsigned DEFAULT NULL,
  `otherweight` decimal(10,1) DEFAULT NULL,
  PRIMARY KEY (`id`),
  KEY `fk_fishcatchdetail_catchsummaryid` (`catchsummaryid`),
  KEY `fk_fishcatchdetail_mputaid` (`mputaid`),
  KEY `fk_fishcatchdetail_ngegeid` (`ngegeid`),
  KEY `fk_fishcatchdetail_mukeneid` (`mukeneid`),
  KEY `fk_fishcatchdetail_mambaid` (`mambaid`),
  KEY `fk_fishcatchdetail_maleid` (`maleid`),
  KEY `fk_fishcatchdetail_othertilapiaid` (`othertilapiaid`),
  KEY `fk_fishcatchdetail_otherid` (`otherid`),
  KEY `fk_fishcatchdetail_boatid` (`boatid`),
  CONSTRAINT `fk_fishcatchdetail_boatid` FOREIGN KEY (`boatid`) REFERENCES `boat` (`id`) ON DELETE CASCADE ON UPDATE CASCADE,
  CONSTRAINT `fk_fishcatchdetail_catchsummaryid` FOREIGN KEY (`catchsummaryid`) REFERENCES `fishcatchsummary` (`id`) ON DELETE CASCADE ON UPDATE CASCADE,
  CONSTRAINT `fk_fishcatchdetail_maleid` FOREIGN KEY (`maleid`) REFERENCES `commodity` (`id`) ON DELETE CASCADE ON UPDATE CASCADE,
  CONSTRAINT `fk_fishcatchdetail_mambaid` FOREIGN KEY (`mambaid`) REFERENCES `commodity` (`id`) ON DELETE CASCADE ON UPDATE CASCADE,
  CONSTRAINT `fk_fishcatchdetail_mputaid` FOREIGN KEY (`mputaid`) REFERENCES `commodity` (`id`) ON DELETE CASCADE ON UPDATE CASCADE,
  CONSTRAINT `fk_fishcatchdetail_mukeneid` FOREIGN KEY (`mukeneid`) REFERENCES `commodity` (`id`) ON DELETE CASCADE ON UPDATE CASCADE,
  CONSTRAINT `fk_fishcatchdetail_ngegeid` FOREIGN KEY (`ngegeid`) REFERENCES `commodity` (`id`) ON DELETE CASCADE ON UPDATE CASCADE,
  CONSTRAINT `fk_fishcatchdetail_otherid` FOREIGN KEY (`otherid`) REFERENCES `commodity` (`id`) ON DELETE CASCADE ON UPDATE CASCADE,
  CONSTRAINT `fk_fishcatchdetail_othertilapiaid` FOREIGN KEY (`othertilapiaid`) REFERENCES `commodity` (`id`) ON DELETE CASCADE ON UPDATE CASCADE
) ENGINE=InnoDB AUTO_INCREMENT=19 DEFAULT CHARSET=utf8;

--
-- Dumping data for table `fishcatchdetail`
--

/*!40000 ALTER TABLE `fishcatchdetail` DISABLE KEYS */;
INSERT INTO `fishcatchdetail` (`id`,`catchsummaryid`,`boatid`,`nettype`,`hooksize`,`hookno`,`mputaid`,`mputacount`,`mputaweight`,`ngegeid`,`ngegecount`,`ngegeweight`,`mukeneid`,`mukenecount`,`mukeneweight`,`mambaid`,`mambacount`,`mambaweight`,`maleid`,`malecount`,`maleweight`,`othertilapiaid`,`othertilapiacount`,`othertilapiaweight`,`otherid`,`othercount`,`otherweight`) VALUES 
 (5,2,1,'CN','8.0',20,177,15,'20.0',178,0,'0.0',179,13,'16.0',180,0,'0.0',181,0,'0.0',182,0,'0.0',183,0,'0.0'),
 (6,2,1,'LN','7.0',26,177,0,'0.0',178,20,'30.0',179,0,'0.0',180,0,'0.0',181,12,'20.0',182,0,'0.0',183,0,'0.0'),
 (7,1,1,'GN','8.0',23,177,2,'2.0',178,0,'0.0',179,3,'5.0',180,0,'0.0',181,5,'6.0',182,0,'0.0',183,0,'0.0'),
 (8,1,1,'BS','7.0',25,177,0,'0.0',178,0,'0.0',179,8,'10.0',180,0,'0.0',181,6,'8.0',182,0,'0.0',183,15,'20.0'),
 (9,1,1,'LL','8.0',20,177,0,'0.0',178,12,'20.0',179,0,'0.0',180,3,'6.0',181,0,'0.0',182,10,'15.0',183,0,'0.0'),
 (10,1,2,'GN','7.0',29,177,5,'8.0',178,0,'0.0',179,5,'8.0',180,0,'0.0',181,2,'5.0',182,0,'0.0',183,0,'0.0'),
 (11,1,2,'BS','8.0',25,177,0,'0.0',178,0,'0.0',179,20,'30.0',180,0,'0.0',181,4,'8.0',182,0,'0.0',183,3,'7.0'),
 (12,3,1,'GN','7.0',28,177,1,'2.0',178,11,'17.0',179,0,'0.0',180,0,'0.0',181,0,'0.0',182,0,'0.0',183,1,'1.0'),
 (13,3,3,'GN','7.0',30,177,2,'5.0',178,2,'3.0',179,0,'0.0',180,0,'0.0',181,0,'0.0',182,0,'0.0',183,1,'2.0'),
 (14,4,2,'BS','7.0',2,177,1,'0.0',178,2,'6.0',179,0,'0.0',180,0,'0.0',181,0,'0.0',182,0,'0.0',183,0,'0.0'),
 (15,5,2,'GN','7.0',28,177,1,'2.0',178,1,'1.0',179,2,'3.0',180,1,'6.0',181,1,'5.0',182,0,'0.0',183,0,'0.0'),
 (16,6,2,'BS','7.0',2,177,1,'10.0',178,2,'3.0',179,0,'7.8',180,4,'2.5',181,2,'5.0',182,1,'1.0',183,4,'3.2'),
 (17,7,4,'BS','8.0',4,177,1,'2.5',178,3,'2.3',179,0,'4.8',180,5,'6.0',181,7,'9.4',182,12,'11.9',183,3,'12.7'),
 (18,8,4,'GN','8.0',20,177,22,'40.0',178,3,'5.0',179,4,'6.0',180,5,'7.0',181,6,'8.0',182,0,'0.0',183,0,'0.0');
/*!40000 ALTER TABLE `fishcatchdetail` ENABLE KEYS */;


--
-- Definition of table `fishcatchsummary`
--

DROP TABLE IF EXISTS `fishcatchsummary`;
CREATE TABLE `fishcatchsummary` (
  `id` int(11) unsigned NOT NULL AUTO_INCREMENT,
  `landingsiteid` int(11) unsigned NOT NULL,
  `districtid` int(11) unsigned NOT NULL,
  `daterecorded` date NOT NULL,
  `recordedbyid` int(11) unsigned NOT NULL,
  `createdby` int(11) unsigned NOT NULL,
  `lastupdatedate` datetime DEFAULT NULL,
  `lastupdatedby` int(11) unsigned DEFAULT NULL,
  `datecreated` datetime NOT NULL,
  PRIMARY KEY (`id`),
  UNIQUE KEY `unique_landingsite_daterecorded` (`landingsiteid`,`daterecorded`),
  KEY `fk_fishcatchsummary_lastupdatedby` (`lastupdatedby`),
  KEY `fk_fishcatchsummary_createdby` (`createdby`),
  KEY `fk_fishcatchsummary_districtid` (`districtid`),
  KEY `fk_fishcatchsummary_recordedbyid` (`recordedbyid`),
  CONSTRAINT `fk_fishcatchsummary_createdby` FOREIGN KEY (`createdby`) REFERENCES `useraccount` (`id`) ON DELETE CASCADE ON UPDATE CASCADE,
  CONSTRAINT `fk_fishcatchsummary_districtid` FOREIGN KEY (`districtid`) REFERENCES `location` (`id`) ON DELETE CASCADE ON UPDATE CASCADE,
  CONSTRAINT `fk_fishcatchsummary_landingsiteid` FOREIGN KEY (`landingsiteid`) REFERENCES `landingsite` (`id`) ON DELETE CASCADE ON UPDATE CASCADE,
  CONSTRAINT `fk_fishcatchsummary_lastupdatedby` FOREIGN KEY (`lastupdatedby`) REFERENCES `useraccount` (`id`) ON DELETE CASCADE ON UPDATE CASCADE,
  CONSTRAINT `fk_fishcatchsummary_recordedbyid` FOREIGN KEY (`recordedbyid`) REFERENCES `useraccount` (`id`) ON DELETE CASCADE ON UPDATE CASCADE
) ENGINE=InnoDB AUTO_INCREMENT=9 DEFAULT CHARSET=utf8;

--
-- Dumping data for table `fishcatchsummary`
--

/*!40000 ALTER TABLE `fishcatchsummary` DISABLE KEYS */;
INSERT INTO `fishcatchsummary` (`id`,`landingsiteid`,`districtid`,`daterecorded`,`recordedbyid`,`createdby`,`lastupdatedate`,`lastupdatedby`,`datecreated`) VALUES 
 (1,1,42,'2012-03-01',2,2,'2012-03-13 10:26:25',2,'2012-03-13 09:48:37'),
 (2,1,42,'2012-03-05',2,2,NULL,NULL,'2012-03-13 09:51:15'),
 (3,1,27,'2012-03-18',85,85,NULL,NULL,'2012-03-19 16:31:16'),
 (4,1,10,'2012-03-19',85,85,NULL,NULL,'2012-03-19 16:39:58'),
 (5,1,42,'2012-03-12',85,85,NULL,NULL,'2012-03-20 08:36:19'),
 (6,1,42,'2012-02-29',85,85,NULL,NULL,'2012-03-20 09:31:25'),
 (7,2,15,'2012-02-29',85,85,NULL,NULL,'2012-03-20 09:36:36'),
 (8,1,42,'2012-03-20',27,27,NULL,NULL,'2012-03-20 12:24:23');
/*!40000 ALTER TABLE `fishcatchsummary` ENABLE KEYS */;


--
-- Definition of table `handcraftinformation`
--

DROP TABLE IF EXISTS `handcraftinformation`;
CREATE TABLE `handcraftinformation` (
  `id` int(10) unsigned NOT NULL AUTO_INCREMENT,
  `commodityid` int(11) unsigned NOT NULL,
  `locationid` int(11) unsigned NOT NULL,
  `materialsource` mediumtext NOT NULL,
  `materialtype` mediumtext NOT NULL,
  `market` mediumtext NOT NULL,
  `creditsource` mediumtext NOT NULL,
  `datecreated` datetime NOT NULL,
  `createdby` int(11) unsigned NOT NULL,
  `lastupdatedate` datetime DEFAULT NULL,
  `lastupdatedby` int(11) unsigned DEFAULT NULL,
  `startdate` date NOT NULL,
  `enddate` date NOT NULL,
  `quarter` varchar(15) DEFAULT NULL,
  `datecollected` date DEFAULT NULL,
  `collectedbyid` int(11) unsigned DEFAULT NULL,
  PRIMARY KEY (`id`),
  KEY `fk_handcraftinformation_createdby` (`createdby`),
  KEY `fk_handcraftinformation_lastupdatedby` (`lastupdatedby`),
  KEY `fk_handcraftinformation_commodity` (`commodityid`),
  KEY `fk_handcraftinformation_location` (`locationid`),
  CONSTRAINT `fk_handcraftinformation_commodity` FOREIGN KEY (`commodityid`) REFERENCES `commodity` (`id`) ON DELETE CASCADE ON UPDATE CASCADE,
  CONSTRAINT `fk_handcraftinformation_createdby` FOREIGN KEY (`createdby`) REFERENCES `useraccount` (`id`) ON DELETE CASCADE ON UPDATE CASCADE,
  CONSTRAINT `fk_handcraftinformation_lastupdatedby` FOREIGN KEY (`lastupdatedby`) REFERENCES `useraccount` (`id`) ON DELETE CASCADE ON UPDATE CASCADE,
  CONSTRAINT `fk_handcraftinformation_location` FOREIGN KEY (`locationid`) REFERENCES `location` (`id`) ON DELETE CASCADE ON UPDATE CASCADE
) ENGINE=InnoDB AUTO_INCREMENT=9 DEFAULT CHARSET=utf8;

--
-- Dumping data for table `handcraftinformation`
--

/*!40000 ALTER TABLE `handcraftinformation` DISABLE KEYS */;
INSERT INTO `handcraftinformation` (`id`,`commodityid`,`locationid`,`materialsource`,`materialtype`,`market`,`creditsource`,`datecreated`,`createdby`,`lastupdatedate`,`lastupdatedby`,`startdate`,`enddate`,`quarter`,`datecollected`,`collectedbyid`) VALUES 
 (5,176,15,'Mbarara','Cloth','Arua Market','Pride Micro Finance','2012-03-19 16:41:31',85,NULL,NULL,'0000-00-00','0000-00-00',NULL,'0000-00-00',0),
 (6,175,15,'Soroti','Cloth','Lira Market','Pride Micro Finance','2012-03-19 16:41:31',85,NULL,NULL,'0000-00-00','0000-00-00',NULL,'0000-00-00',0),
 (7,176,56,'bvhvjh','hgvhj','gfhg','hh','2013-05-05 23:35:49',340,NULL,NULL,'2012-07-01','2012-09-30','2012.3','2013-05-05',340),
 (8,175,56,'hygjg','ghvhg','hvh','gcgh','2013-05-05 23:35:49',340,NULL,NULL,'2012-07-01','2012-09-30','2012.3','2013-05-05',340);
/*!40000 ALTER TABLE `handcraftinformation` ENABLE KEYS */;


--
-- Definition of table `handcraftproduction`
--

DROP TABLE IF EXISTS `handcraftproduction`;
CREATE TABLE `handcraftproduction` (
  `id` int(10) unsigned NOT NULL AUTO_INCREMENT,
  `commodityid` int(11) unsigned NOT NULL,
  `locationid` int(11) unsigned NOT NULL,
  `retail` decimal(10,2) unsigned NOT NULL DEFAULT '0.00',
  `wholesale` decimal(10,2) unsigned NOT NULL DEFAULT '0.00',
  `comcustom` varchar(255) DEFAULT NULL,
  `unitid` tinyint(11) unsigned DEFAULT NULL,
  `startdate` date NOT NULL,
  `enddate` date NOT NULL,
  `datecreated` datetime NOT NULL,
  `createdby` int(11) unsigned NOT NULL,
  `lastupdatedate` datetime DEFAULT NULL,
  `lastupdatedby` int(11) unsigned DEFAULT NULL,
  `datecollected` date NOT NULL,
  `collectedbyid` int(11) unsigned NOT NULL,
  `quarter` varchar(15) DEFAULT NULL,
  PRIMARY KEY (`id`),
  KEY `fk_handcraftproduction_createdby` (`createdby`),
  KEY `fk_handcraftproduction_lastupdatedby` (`lastupdatedby`),
  KEY `fk_handcraftproduction_commodity` (`commodityid`),
  KEY `fk_handcraftproduction_location` (`locationid`),
  KEY `fk_handcraftproduction_collector` (`collectedbyid`),
  CONSTRAINT `fk_handcraftproduction_collector` FOREIGN KEY (`collectedbyid`) REFERENCES `useraccount` (`id`) ON DELETE CASCADE ON UPDATE CASCADE,
  CONSTRAINT `fk_handcraftproduction_commodity` FOREIGN KEY (`commodityid`) REFERENCES `commodity` (`id`) ON DELETE CASCADE ON UPDATE CASCADE,
  CONSTRAINT `fk_handcraftproduction_createdby` FOREIGN KEY (`createdby`) REFERENCES `useraccount` (`id`) ON DELETE CASCADE ON UPDATE CASCADE,
  CONSTRAINT `fk_handcraftproduction_lastupdatedby` FOREIGN KEY (`lastupdatedby`) REFERENCES `useraccount` (`id`) ON DELETE CASCADE ON UPDATE CASCADE,
  CONSTRAINT `fk_handcraftproduction_location` FOREIGN KEY (`locationid`) REFERENCES `location` (`id`) ON DELETE CASCADE ON UPDATE CASCADE
) ENGINE=InnoDB AUTO_INCREMENT=9 DEFAULT CHARSET=utf8;

--
-- Dumping data for table `handcraftproduction`
--

/*!40000 ALTER TABLE `handcraftproduction` DISABLE KEYS */;
INSERT INTO `handcraftproduction` (`id`,`commodityid`,`locationid`,`retail`,`wholesale`,`comcustom`,`unitid`,`startdate`,`enddate`,`datecreated`,`createdby`,`lastupdatedate`,`lastupdatedby`,`datecollected`,`collectedbyid`,`quarter`) VALUES 
 (5,176,15,'25000.00','21000.00',NULL,NULL,'2011-10-01','2011-12-31','2012-03-19 17:29:46',85,NULL,NULL,'2012-03-18',85,NULL),
 (6,175,15,'32000.00','25000.00',NULL,NULL,'2011-10-01','2011-12-31','2012-03-19 17:29:46',85,NULL,NULL,'2012-03-18',85,NULL),
 (7,176,56,'4100.00','4000.00',NULL,NULL,'2013-04-01','2013-06-30','2013-05-06 00:20:08',340,NULL,NULL,'2013-05-05',340,'2013.2'),
 (8,175,56,'3000.00','3500.00',NULL,NULL,'2013-04-01','2013-06-30','2013-05-06 00:20:08',340,NULL,NULL,'2013-05-05',340,'2013.2');
/*!40000 ALTER TABLE `handcraftproduction` ENABLE KEYS */;


--
-- Definition of table `landingsite`
--

DROP TABLE IF EXISTS `landingsite`;
CREATE TABLE `landingsite` (
  `id` int(11) unsigned NOT NULL AUTO_INCREMENT,
  `name` varchar(50) CHARACTER SET latin1 NOT NULL,
  `description` varchar(500) CHARACTER SET latin1 DEFAULT NULL,
  `waterbodyid` int(11) unsigned NOT NULL,
  `districtid` int(11) unsigned NOT NULL,
  `subcountyid` int(11) unsigned NOT NULL,
  `parishid` int(11) unsigned NOT NULL,
  `datecreated` datetime NOT NULL,
  `createdby` int(11) unsigned NOT NULL,
  `lastupdatedate` datetime DEFAULT NULL,
  `lastupdatedby` int(11) unsigned DEFAULT NULL,
  PRIMARY KEY (`id`),
  KEY `fk_landingsite_lastupdatedby` (`lastupdatedby`),
  KEY `fk_landingsite_createdby` (`createdby`),
  KEY `fk_landingsite_waterbodyid` (`waterbodyid`),
  KEY `fk_landingsite_districtid` (`districtid`),
  KEY `fk_landingsite_subcountyid` (`subcountyid`),
  KEY `fk_landingsite_parishid` (`parishid`),
  CONSTRAINT `fk_landingsite_createdby` FOREIGN KEY (`createdby`) REFERENCES `useraccount` (`id`) ON DELETE CASCADE ON UPDATE CASCADE,
  CONSTRAINT `fk_landingsite_districtid` FOREIGN KEY (`districtid`) REFERENCES `location` (`id`) ON DELETE CASCADE ON UPDATE CASCADE,
  CONSTRAINT `fk_landingsite_lastupdatedby` FOREIGN KEY (`lastupdatedby`) REFERENCES `useraccount` (`id`) ON DELETE CASCADE ON UPDATE CASCADE,
  CONSTRAINT `fk_landingsite_parishid` FOREIGN KEY (`parishid`) REFERENCES `location` (`id`) ON DELETE CASCADE ON UPDATE CASCADE,
  CONSTRAINT `fk_landingsite_subcountyid` FOREIGN KEY (`subcountyid`) REFERENCES `location` (`id`) ON DELETE CASCADE ON UPDATE CASCADE,
  CONSTRAINT `fk_landingsite_waterbodyid` FOREIGN KEY (`waterbodyid`) REFERENCES `waterbody` (`id`) ON DELETE CASCADE ON UPDATE CASCADE
) ENGINE=InnoDB AUTO_INCREMENT=3 DEFAULT CHARSET=utf8;

--
-- Dumping data for table `landingsite`
--

/*!40000 ALTER TABLE `landingsite` DISABLE KEYS */;
INSERT INTO `landingsite` (`id`,`name`,`description`,`waterbodyid`,`districtid`,`subcountyid`,`parishid`,`datecreated`,`createdby`,`lastupdatedate`,`lastupdatedby`) VALUES 
 (1,'Kawongo',NULL,1,42,1433,8154,'2012-03-07 16:52:16',1,NULL,NULL),
 (2,'Arual Landing Site','',1,15,755,5417,'2012-03-20 09:33:29',85,NULL,NULL);
/*!40000 ALTER TABLE `landingsite` ENABLE KEYS */;


--
-- Definition of table `livestockinformation`
--

DROP TABLE IF EXISTS `livestockinformation`;
CREATE TABLE `livestockinformation` (
  `id` int(10) unsigned NOT NULL AUTO_INCREMENT,
  `commodityid` int(11) unsigned NOT NULL,
  `locationid` int(11) unsigned NOT NULL,
  `breedsource` mediumtext NOT NULL,
  `pests` mediumtext NOT NULL,
  `diseases` mediumtext NOT NULL,
  `creditsource` mediumtext NOT NULL,
  `datecreated` datetime NOT NULL,
  `createdby` int(11) unsigned NOT NULL,
  `lastupdatedate` datetime DEFAULT NULL,
  `lastupdatedby` int(11) unsigned DEFAULT NULL,
  `startdate` date NOT NULL,
  `enddate` date NOT NULL,
  `quarter` varchar(15) DEFAULT NULL,
  `datecollected` date NOT NULL,
  `collectedbyid` int(11) unsigned NOT NULL,
  PRIMARY KEY (`id`),
  KEY `fk_livestockinformation_createdby` (`createdby`),
  KEY `fk_livestockinformation_lastupdatedby` (`lastupdatedby`),
  KEY `fk_livestockinformation_commodity` (`commodityid`),
  KEY `fk_livestockinformation_location` (`locationid`),
  CONSTRAINT `fk_livestockinformation_commodity` FOREIGN KEY (`commodityid`) REFERENCES `commodity` (`id`) ON DELETE CASCADE ON UPDATE CASCADE,
  CONSTRAINT `fk_livestockinformation_createdby` FOREIGN KEY (`createdby`) REFERENCES `useraccount` (`id`) ON DELETE CASCADE ON UPDATE CASCADE,
  CONSTRAINT `fk_livestockinformation_lastupdatedby` FOREIGN KEY (`lastupdatedby`) REFERENCES `useraccount` (`id`) ON DELETE CASCADE ON UPDATE CASCADE,
  CONSTRAINT `fk_livestockinformation_location` FOREIGN KEY (`locationid`) REFERENCES `location` (`id`) ON DELETE CASCADE ON UPDATE CASCADE
) ENGINE=InnoDB AUTO_INCREMENT=10 DEFAULT CHARSET=utf8;

--
-- Dumping data for table `livestockinformation`
--

/*!40000 ALTER TABLE `livestockinformation` DISABLE KEYS */;
INSERT INTO `livestockinformation` (`id`,`commodityid`,`locationid`,`breedsource`,`pests`,`diseases`,`creditsource`,`datecreated`,`createdby`,`lastupdatedate`,`lastupdatedby`,`startdate`,`enddate`,`quarter`,`datecollected`,`collectedbyid`) VALUES 
 (1,22,15,'Lira','None','None','Centenary Bank','2012-03-19 16:37:23',85,NULL,NULL,'2012-01-01','2012-03-31','2012.1','2012-03-19',85),
 (2,19,15,'','','','','2012-03-19 16:37:23',85,NULL,NULL,'2012-01-01','2012-03-31','2012.1','2012-03-19',85),
 (3,20,15,'','','','','2012-03-19 16:37:23',85,NULL,NULL,'2012-01-01','2012-03-31','2012.1','2012-03-19',85),
 (4,22,15,'Lira','None','None','Centenary Bank','2012-03-19 16:40:37',85,NULL,NULL,'2012-01-01','2012-03-31','2012.1','2012-03-19',85),
 (5,19,15,'','','','','2012-03-19 16:40:37',85,NULL,NULL,'2012-01-01','2012-03-31','2012.1','2012-03-19',85),
 (6,20,15,'','','','','2012-03-19 16:40:37',85,NULL,NULL,'2012-01-01','2012-03-31','2012.1','2012-03-19',85),
 (7,22,56,'','cvg df fs','sdf sdfsf ','','2013-05-05 21:35:15',340,NULL,NULL,'2013-04-01','2013-06-30','2013.2','2013-05-05',340),
 (8,19,56,'','s fs dfsf','fs dfsfsf ','','2013-05-05 21:35:15',340,NULL,NULL,'2013-04-01','2013-06-30','2013.2','2013-05-05',340),
 (9,20,56,'','f sfsf','s fsfs fsd ','','2013-05-05 21:35:15',340,NULL,NULL,'2013-04-01','2013-06-30','2013.2','2013-05-05',340);
/*!40000 ALTER TABLE `livestockinformation` ENABLE KEYS */;


--
-- Definition of table `livestockproduction`
--

DROP TABLE IF EXISTS `livestockproduction`;
CREATE TABLE `livestockproduction` (
  `id` int(10) unsigned NOT NULL AUTO_INCREMENT,
  `commodityid` int(11) unsigned NOT NULL,
  `locationid` int(11) unsigned NOT NULL,
  `cost` decimal(10,2) unsigned NOT NULL DEFAULT '0.00',
  `yield` decimal(10,2) unsigned NOT NULL DEFAULT '0.00',
  `startdate` date NOT NULL,
  `enddate` date NOT NULL,
  `datecreated` datetime NOT NULL,
  `createdby` int(11) unsigned NOT NULL,
  `lastupdatedate` datetime DEFAULT NULL,
  `lastupdatedby` int(11) unsigned DEFAULT NULL,
  `datecollected` date NOT NULL,
  `collectedbyid` int(11) unsigned NOT NULL,
  `costtype` varchar(50) DEFAULT NULL,
  `yieldtype` varchar(50) DEFAULT NULL,
  `prodtype` varchar(50) DEFAULT NULL,
  `unitid` int(11) unsigned DEFAULT NULL,
  `quarter` varchar(15) DEFAULT NULL,
  `seedsource` varchar(1000) DEFAULT NULL,
  `comcustom` varchar(255) DEFAULT NULL,
  `comtypecustom` varchar(50) DEFAULT NULL,
  `customprodtype` varchar(50) DEFAULT NULL,
  `customunit` varchar(50) DEFAULT NULL,
  `customyieldtype` varchar(50) DEFAULT NULL,
  PRIMARY KEY (`id`),
  KEY `fk_livestockproduction_createdby` (`createdby`),
  KEY `fk_livestockproduction_lastupdatedby` (`lastupdatedby`),
  KEY `fk_livestockproduction_commodity` (`commodityid`),
  KEY `fk_livestockproduction_location` (`locationid`),
  KEY `fk_livestockproduction_collector` (`collectedbyid`),
  CONSTRAINT `fk_livestockproduction_collector` FOREIGN KEY (`collectedbyid`) REFERENCES `useraccount` (`id`) ON DELETE CASCADE ON UPDATE CASCADE,
  CONSTRAINT `fk_livestockproduction_commodity` FOREIGN KEY (`commodityid`) REFERENCES `commodity` (`id`) ON DELETE CASCADE ON UPDATE CASCADE,
  CONSTRAINT `fk_livestockproduction_createdby` FOREIGN KEY (`createdby`) REFERENCES `useraccount` (`id`) ON DELETE CASCADE ON UPDATE CASCADE,
  CONSTRAINT `fk_livestockproduction_lastupdatedby` FOREIGN KEY (`lastupdatedby`) REFERENCES `useraccount` (`id`) ON DELETE CASCADE ON UPDATE CASCADE,
  CONSTRAINT `fk_livestockproduction_location` FOREIGN KEY (`locationid`) REFERENCES `location` (`id`) ON DELETE CASCADE ON UPDATE CASCADE
) ENGINE=InnoDB AUTO_INCREMENT=7 DEFAULT CHARSET=utf8;

--
-- Dumping data for table `livestockproduction`
--

/*!40000 ALTER TABLE `livestockproduction` DISABLE KEYS */;
INSERT INTO `livestockproduction` (`id`,`commodityid`,`locationid`,`cost`,`yield`,`startdate`,`enddate`,`datecreated`,`createdby`,`lastupdatedate`,`lastupdatedby`,`datecollected`,`collectedbyid`,`costtype`,`yieldtype`,`prodtype`,`unitid`,`quarter`,`seedsource`,`comcustom`,`comtypecustom`,`customprodtype`,`customunit`,`customyieldtype`) VALUES 
 (1,22,15,'250000.00','25000.00','2011-10-01','2011-12-31','2012-03-19 16:38:28',85,NULL,NULL,'2012-03-18',85,NULL,NULL,NULL,NULL,NULL,NULL,NULL,NULL,NULL,NULL,NULL),
 (2,19,15,'0.00','0.00','2011-10-01','2011-12-31','2012-03-19 16:38:28',85,NULL,NULL,'2012-03-18',85,NULL,NULL,NULL,NULL,NULL,NULL,NULL,NULL,NULL,NULL,NULL),
 (3,20,15,'0.00','0.00','2011-10-01','2011-12-31','2012-03-19 16:38:28',85,NULL,NULL,'2012-03-18',85,NULL,NULL,NULL,NULL,NULL,NULL,NULL,NULL,NULL,NULL,NULL),
 (4,22,56,'1000.00','5000.00','2013-04-01','2013-06-30','2013-05-05 21:58:42',340,'2013-05-05 22:08:05',NULL,'2013-05-05',340,NULL,NULL,NULL,5,'2013.2',NULL,NULL,NULL,'Beef','',NULL),
 (5,19,56,'1000.00','5000.00','2013-04-01','2013-06-30','2013-05-05 21:58:42',340,'2013-05-05 22:08:05',NULL,'2013-05-05',340,NULL,NULL,NULL,5,'2013.2',NULL,NULL,NULL,'Meat','',NULL),
 (6,20,56,'1000.00','5000.00','2013-04-01','2013-06-30','2013-05-05 21:58:42',340,'2013-05-05 22:08:05',NULL,'2013-05-05',340,NULL,NULL,NULL,6,'2013.2',NULL,NULL,NULL,'Milk','',NULL);
/*!40000 ALTER TABLE `livestockproduction` ENABLE KEYS */;


--
-- Definition of table `locationdetail`
--

DROP TABLE IF EXISTS `locationdetail`;
CREATE TABLE `locationdetail` (
  `id` int(11) unsigned NOT NULL AUTO_INCREMENT,
  `locationid` int(11) unsigned NOT NULL,
  `summary` mediumtext,
  `businesssector` mediumtext,
  `tourismsector` mediumtext,
  `cropproduction` mediumtext,
  `image` varchar(255) DEFAULT NULL,
  `datecreated` datetime DEFAULT NULL,
  `createdby` int(11) unsigned DEFAULT NULL,
  `lastupdatedate` datetime DEFAULT NULL,
  `lastupdatedby` int(11) unsigned DEFAULT NULL,
  `livestockproduction` mediumtext NOT NULL,
  `handcraftsector` mediumtext NOT NULL,
  `fishproduction` mediumtext NOT NULL,
  `agriculturalinputprices` mediumtext NOT NULL,
  PRIMARY KEY (`id`),
  KEY `fk_locationdetail_createdby` (`createdby`),
  KEY `fk_locationdetail_lastupdatedby` (`lastupdatedby`),
  KEY `fk_locationdetail_location` (`locationid`),
  CONSTRAINT `fk_locationdetail_createdby` FOREIGN KEY (`createdby`) REFERENCES `useraccount` (`id`) ON DELETE CASCADE ON UPDATE CASCADE,
  CONSTRAINT `fk_locationdetail_lastupdatedby` FOREIGN KEY (`lastupdatedby`) REFERENCES `useraccount` (`id`) ON DELETE CASCADE ON UPDATE CASCADE,
  CONSTRAINT `fk_locationdetail_location` FOREIGN KEY (`locationid`) REFERENCES `location` (`id`) ON DELETE CASCADE ON UPDATE CASCADE
) ENGINE=InnoDB AUTO_INCREMENT=13 DEFAULT CHARSET=utf8;

--
-- Dumping data for table `locationdetail`
--

/*!40000 ALTER TABLE `locationdetail` DISABLE KEYS */;
INSERT INTO `locationdetail` (`id`,`locationid`,`summary`,`businesssector`,`tourismsector`,`cropproduction`,`image`,`datecreated`,`createdby`,`lastupdatedate`,`lastupdatedby`,`livestockproduction`,`handcraftsector`,`fishproduction`,`agriculturalinputprices`) VALUES 
 (1,10,'Abim is made up of 23 parishes and 204 vililages. Tourist sites include Nangolibwe forest reserve, Karenga, south of Kidepo valley, Akur and Nyakwal hills. Major economic activities are centered around production of crops including millet, sorghum, pigeon peas, sun flower, potatoes, cow peas, cassava. Abim','The business directory section lists all business enterprises in the district by categorizing them according to the nature of their business. These range from small retail, large retail, manufacturing, construction, merchandize shops, large corporations and others. Details included in the registration include <b>Name, Address, Telephone, Email and Description of Business</b> among other fields.\r\nTo register simply visit your district headquarters with details.\r\n','Explore Uganda\'s natural beauty and tourist attractions that can be found in almost every district in the country. Get to know about national/game parks, falls, rain forests, wildlife safaris, hills and mountains, rivers, lakes, hot springs. Browse to find details about each registered tourist site including <b>Name, Services offered, Prices, Physical Address, Special Packages</b> and <b>Contacts</b> to make reservations and bookings.','Every district in Uganda receives commodities from different sources. In addition to information on where crops come from, this section also gives you information on crop yield, pests and diseases and prices.',NULL,'2012-02-01 23:41:00',1,NULL,NULL,'Livestock production in Uganda contributes 5.2% and 12.7% to total GDP and agricultural GDP respectively. Livestock production has continued to grow, at a rate of over 4% per annum, in response to increasing demand for milk and meat in the local market. Higher rates of growth are envisaged as Government pursues its policies of modernizing and commercializing agriculture. [Source: <a href=\"http://www.foodnet.cgiar.org/scrip/docs&databases/ifpristudies_ug_nonscrip/pdfs/more_reports/Uganda%27s%20livestock%20industry.pdf\" target=\"_blank\">Foodnet</a>]\r\n\r\nTo effectively capture production data, LGMP collects <b>costs of breeds, average milk/eggs produced, source of breeds, diseases</b> and <b>sources of credit</b> for livestock farmers.\r\n','Handicrafts production in Uganda is largely cultural, ethnic and customary sector.  This section lists all registered handcraft shops and dealers categorized by district. Details include <b>description</b> of handcrafts,<b> Prices, Sources of Materials</b> and <b>Sources of Credit.</b> To register simply visit your district headquarters with details.','Uganda produces up to 15 000 tonnes of fish from aquaculture, including production from small-scale fish farmers, emerging commercial fish farmers and stocked community water reservoirs and minor lakes. [Source: <a href=\"http://webcache.googleusercontent.com/search?q=cache:unOS0sxTX6IJ:www.fao.org/fishery/countrysector/naso_uganda/en+fish+production+uganda&cd=1&hl=en&ct=clnk&gl=ug\" target=\"_blank\">FAO</a>].\r\n\r\nTo effectively capture production information, data collection has been expanded to include information on landing sites in uganda, all major types of fish collected, methods, and each boat that plies each fishing area.','Find information on fertilizers, pesticides, seeds and other agricultural inputs. The agricultural input section brings you prices collected from all highlighted districts in the LGMP. '),
 (2,14,'Amuru is bordered by Adjumani on the north, South Sudan to the North East. Amuru crop production is mainly on subsistence basis. Commodities produced include cotton, tobacco, maize, sorghum, sweet potatoes. Tourist sites include the magnetic source of iron ore in Alero sub county at Pitire hill, Kilak Hills, hot springs, waterfalls, Kilak forest reserve, Guruguru hills, missionary station.','The business directory section lists all business enterprises in the district by categorizing them according to the nature of their business. These range from small retail, large retail, manufacturing, construction, merchandize shops, large corporations and others. Details included in the registration include <b>Name, Address, Telephone, Email and Description of Business</b> among other fields.\r\nTo register simply visit your district headquarters with details.\r\n','Explore Uganda\'s natural beauty and tourist attractions that can be found in almost every district in the country. Get to know about national/game parks, falls, rain forests, wildlife safaris, hills and mountains, rivers, lakes, hot springs. Browse to find details about each registered tourist site including <b>Name, Services offered, Prices, Physical Address, Special Packages</b> and <b>Contacts</b> to make reservations and bookings.','Every district in Uganda receives commodities from different sources. In addition to information on where crops come from, this section also gives you information on crop yield, pests and diseases and prices.',NULL,'2012-02-01 23:41:00',1,NULL,NULL,'Livestock production in Uganda contributes 5.2% and 12.7% to total GDP and agricultural GDP respectively. Livestock production has continued to grow, at a rate of over 4% per annum, in response to increasing demand for milk and meat in the local market. Higher rates of growth are envisaged as Government pursues its policies of modernizing and commercializing agriculture. [Source: <a href=\"http://www.foodnet.cgiar.org/scrip/docs&databases/ifpristudies_ug_nonscrip/pdfs/more_reports/Uganda%27s%20livestock%20industry.pdf\" target=\"_blank\">Foodnet</a>]\r\n\r\nTo effectively capture production data, LGMP collects <b>costs of breeds, average milk/eggs produced, source of breeds, diseases</b> and <b>sources of credit</b> for livestock farmers.\r\n','Handicrafts production in Uganda is largely cultural, ethnic and customary sector.  This section lists all registered handcraft shops and dealers categorized by district. Details include <b>description</b> of handcrafts,<b> Prices, Sources of Materials</b> and <b>Sources of Credit.</b> To register simply visit your district headquarters with details.','Uganda produces up to 15 000 tonnes of fish from aquaculture, including production from small-scale fish farmers, emerging commercial fish farmers and stocked community water reservoirs and minor lakes. [Source: <a href=\"http://webcache.googleusercontent.com/search?q=cache:unOS0sxTX6IJ:www.fao.org/fishery/countrysector/naso_uganda/en+fish+production+uganda&cd=1&hl=en&ct=clnk&gl=ug\" target=\"_blank\">FAO</a>].\r\n\r\nTo effectively capture production information, data collection has been expanded to include information on landing sites in uganda, all major types of fish collected, methods, and each boat that plies each fishing area.','Find information on fertilizers, pesticides, seeds and other agricultural inputs. The agricultural input section brings you prices collected from all highlighted districts in the LGMP. '),
 (3,15,'Arua is one of the 116 districts of the Republic of Uganda. It is one of the 21 districts of the Northern Uganda Region; and one of the 7 districts of the West Nile Sub Region. \r\n\r\nArua has the 2nd busiest airport in Uganda after Entebbe International Airport. Like most districts in Uganda, Arua\'s biggest economic activity is agriculture, majorly in maize, ground nuts, beans, millet, sorghum, mangoes, avocado, cassava, etc.\r\n\r\nBanks in Arua include Bank of Africa, Barclays Bank, Crane Bank and Centenary Bank. Arua boasts of 2 campuses - Muni University and Islamic University in Uganda. The main hospital in Arua district is Arua Referral Hospital, a government owned hospital.\r\n\r\nTourism sites in Arua include Kei, Oyii and Miredwa hills, Ambilambe crate lake, Olwewa falls, wildlife reserver at Ajai and Luku forest Reserve. Also Arua boasts of wildlife safaris and over 120 bird species\r\n','The business directory section lists all business enterprises in the district by categorizing them according to the nature of their business. These range from small retail, large retail, manufacturing, construction, merchandize shops, large corporations and others. Details included in the registration include <b>Name, Address, Telephone, Email and Description of Business</b> among other fields.\r\nTo register simply visit your district headquarters with details.\r\n','Explore Uganda\'s natural beauty and tourist attractions that can be found in almost every district in the country. Get to know about national/game parks, falls, rain forests, wildlife safaris, hills and mountains, rivers, lakes, hot springs. Browse to find details about each registered tourist site including <b>Name, Services offered, Prices, Physical Address, Special Packages</b> and <b>Contacts</b> to make reservations and bookings.','Every district in Uganda receives commodities from different sources. In addition to information on where crops come from, this section also gives you information on crop yield, pests and diseases and prices.',NULL,'2012-02-01 23:41:00',1,'2012-03-02 17:55:30',79,'Livestock production in Uganda contributes 5.2% and 12.7% to total GDP and agricultural GDP respectively. Livestock production has continued to grow, at a rate of over 4% per annum, in response to increasing demand for milk and meat in the local market. Higher rates of growth are envisaged as Government pursues its policies of modernizing and commercializing agriculture. [Source: <a href=\"http://www.foodnet.cgiar.org/scrip/docs&databases/ifpristudies_ug_nonscrip/pdfs/more_reports/Uganda%27s%20livestock%20industry.pdf\" target=\"_blank\">Foodnet</a>]\r\n\r\nTo effectively capture production data, LGMP collects <b>costs of breeds, average milk/eggs produced, source of breeds, diseases</b> and <b>sources of credit</b> for livestock farmers.\r\n','Handicrafts production in Uganda is largely cultural, ethnic and customary sector.  This section lists all registered handcraft shops and dealers categorized by district. Details include <b>description</b> of handcrafts,<b> Prices, Sources of Materials</b> and <b>Sources of Credit.</b> To register simply visit your district headquarters with details.','Uganda produces up to 15 000 tonnes of fish from aquaculture, including production from small-scale fish farmers, emerging commercial fish farmers and stocked community water reservoirs and minor lakes. [Source: <a href=\"http://webcache.googleusercontent.com/search?q=cache:unOS0sxTX6IJ:www.fao.org/fishery/countrysector/naso_uganda/en+fish+production+uganda&cd=1&hl=en&ct=clnk&gl=ug\" target=\"_blank\">FAO</a>].\r\n\r\nTo effectively capture production information, data collection has been expanded to include information on landing sites in uganda, all major types of fish collected, methods, and each boat that plies each fishing area.','Find information on fertilizers, pesticides, seeds and other agricultural inputs. The agricultural input section brings you prices collected from all highlighted districts in the LGMP. '),
 (4,24,'Busia district is located in Eastern Uganda bordering Tororo to the North, Kenya to the East and Namayingo District to the South West.\r\n\r\nBusia boasts of 3 major banks, Barclays Bank, Equity Bank and Stanbic. Tourist attractions include Busitema forest which is well known for baboons.\r\n\r\nCommon commodities produced include coffee, cotton, fish, bananas, fish, pineapples, mangoes, maize, beans and groundnuts.\r\n\r\n','The business directory section lists all business enterprises in the district by categorizing them according to the nature of their business. These range from small retail, large retail, manufacturing, construction, merchandize shops, large corporations and others. Details included in the registration include <b>Name, Address, Telephone, Email and Description of Business</b> among other fields.\r\nTo register simply visit your district headquarters with details.\r\n','Explore Uganda\'s natural beauty and tourist attractions that can be found in almost every district in the country. Get to know about national/game parks, falls, rain forests, wildlife safaris, hills and mountains, rivers, lakes, hot springs. Browse to find details about each registered tourist site including <b>Name, Services offered, Prices, Physical Address, Special Packages</b> and <b>Contacts</b> to make reservations and bookings.','Every district in Uganda receives commodities from different sources. In addition to information on where crops come from, this section also gives you information on crop yield, pests and diseases and prices.',NULL,'2012-02-01 23:41:00',1,NULL,NULL,'Livestock production in Uganda contributes 5.2% and 12.7% to total GDP and agricultural GDP respectively. Livestock production has continued to grow, at a rate of over 4% per annum, in response to increasing demand for milk and meat in the local market. Higher rates of growth are envisaged as Government pursues its policies of modernizing and commercializing agriculture. [Source: <a href=\"http://www.foodnet.cgiar.org/scrip/docs&databases/ifpristudies_ug_nonscrip/pdfs/more_reports/Uganda%27s%20livestock%20industry.pdf\" target=\"_blank\">Foodnet</a>]\r\n\r\nTo effectively capture production data, LGMP collects <b>costs of breeds, average milk/eggs produced, source of breeds, diseases</b> and <b>sources of credit</b> for livestock farmers.\r\n','Handicrafts production in Uganda is largely cultural, ethnic and customary sector.  This section lists all registered handcraft shops and dealers categorized by district. Details include <b>description</b> of handcrafts,<b> Prices, Sources of Materials</b> and <b>Sources of Credit.</b> To register simply visit your district headquarters with details.','Uganda produces up to 15 000 tonnes of fish from aquaculture, including production from small-scale fish farmers, emerging commercial fish farmers and stocked community water reservoirs and minor lakes. [Source: <a href=\"http://webcache.googleusercontent.com/search?q=cache:unOS0sxTX6IJ:www.fao.org/fishery/countrysector/naso_uganda/en+fish+production+uganda&cd=1&hl=en&ct=clnk&gl=ug\" target=\"_blank\">FAO</a>].\r\n\r\nTo effectively capture production information, data collection has been expanded to include information on landing sites in uganda, all major types of fish collected, methods, and each boat that plies each fishing area.','Find information on fertilizers, pesticides, seeds and other agricultural inputs. The agricultural input section brings you prices collected from all highlighted districts in the LGMP. '),
 (5,29,'Isingiro is located in South western Uganda and comprises of 2 counties, 12 sub counties, 65 parishes, and 613 villages. The district was curved out of the greater Mbarara district and borders Kiruhura to the north, Rakai to the East, Mbarara and Ntungamo to the West and Tanzania to the south. Crop production includes cassava, sweet potatoes, sorghum and irish potatoes.','The business directory section lists all business enterprises in the district by categorizing them according to the nature of their business. These range from small retail, large retail, manufacturing, construction, merchandize shops, large corporations and others. Details included in the registration include <b>Name, Address, Telephone, Email and Description of Business</b> among other fields.\r\nTo register simply visit your district headquarters with details.\r\n','Explore Uganda\'s natural beauty and tourist attractions that can be found in almost every district in the country. Get to know about national/game parks, falls, rain forests, wildlife safaris, hills and mountains, rivers, lakes, hot springs. Browse to find details about each registered tourist site including <b>Name, Services offered, Prices, Physical Address, Special Packages</b> and <b>Contacts</b> to make reservations and bookings.','Every district in Uganda receives commodities from different sources. In addition to information on where crops come from, this section also gives you information on crop yield, pests and diseases and prices.',NULL,'2012-03-15 12:43:10',1,NULL,NULL,'Livestock production in Uganda contributes 5.2% and 12.7% to total GDP and agricultural GDP respectively. Livestock production has continued to grow, at a rate of over 4% per annum, in response to increasing demand for milk and meat in the local market. Higher rates of growth are envisaged as Government pursues its policies of modernizing and commercializing agriculture. [Source: <a href=\"http://www.foodnet.cgiar.org/scrip/docs&databases/ifpristudies_ug_nonscrip/pdfs/more_reports/Uganda%27s%20livestock%20industry.pdf\" target=\"_blank\">Foodnet</a>]\r\n\r\nTo effectively capture production data, LGMP collects <b>costs of breeds, average milk/eggs produced, source of breeds, diseases</b> and <b>sources of credit</b> for livestock farmers.\r\n','Handicrafts production in Uganda is largely cultural, ethnic and customary sector.  This section lists all registered handcraft shops and dealers categorized by district. Details include <b>description</b> of handcrafts,<b> Prices, Sources of Materials</b> and <b>Sources of Credit.</b> To register simply visit your district headquarters with details.','Uganda produces up to 15 000 tonnes of fish from aquaculture, including production from small-scale fish farmers, emerging commercial fish farmers and stocked community water reservoirs and minor lakes. [Source: <a href=\"http://webcache.googleusercontent.com/search?q=cache:unOS0sxTX6IJ:www.fao.org/fishery/countrysector/naso_uganda/en+fish+production+uganda&cd=1&hl=en&ct=clnk&gl=ug\" target=\"_blank\">FAO</a>].\r\n\r\nTo effectively capture production information, data collection has been expanded to include information on landing sites in uganda, all major types of fish collected, methods, and each boat that plies each fishing area.','Find information on fertilizers, pesticides, seeds and other agricultural inputs. The agricultural input section brings you prices collected from all highlighted districts in the LGMP. '),
 (6,42,'Kayunga is commonly known for production of vanilla, cassava, matooke, maize, millet and most especially pineapples and vanilla who which Kayunga district is one of Uganda\'s leading producer. Banks include Centenary, Equity, Postbank and Stanbic Banks. Tourist attractions include Nile river at Kalangala, caves and forests.','The business directory section lists all business enterprises in the district by categorizing them according to the nature of their business. These range from small retail, large retail, manufacturing, construction, merchandize shops, large corporations and others. Details included in the registration include <b>Name, Address, Telephone, Email and Description of Business</b> among other fields.\r\nTo register simply visit your district headquarters with details.\r\n','Explore Uganda\'s natural beauty and tourist attractions that can be found in almost every district in the country. Get to know about national/game parks, falls, rain forests, wildlife safaris, hills and mountains, rivers, lakes, hot springs. Browse to find details about each registered tourist site including <b>Name, Services offered, Prices, Physical Address, Special Packages</b> and <b>Contacts</b> to make reservations and bookings.','Every district in Uganda receives commodities from different sources. In addition to information on where crops come from, this section also gives you information on crop yield, pests and diseases and prices.',NULL,'2012-02-01 23:41:00',1,NULL,NULL,'Livestock production in Uganda contributes 5.2% and 12.7% to total GDP and agricultural GDP respectively. Livestock production has continued to grow, at a rate of over 4% per annum, in response to increasing demand for milk and meat in the local market. Higher rates of growth are envisaged as Government pursues its policies of modernizing and commercializing agriculture. [Source: <a href=\"http://www.foodnet.cgiar.org/scrip/docs&databases/ifpristudies_ug_nonscrip/pdfs/more_reports/Uganda%27s%20livestock%20industry.pdf\" target=\"_blank\">Foodnet</a>]\r\n\r\nTo effectively capture production data, LGMP collects <b>costs of breeds, average milk/eggs produced, source of breeds, diseases</b> and <b>sources of credit</b> for livestock farmers.\r\n','Handicrafts production in Uganda is largely cultural, ethnic and customary sector.  This section lists all registered handcraft shops and dealers categorized by district. Details include <b>description</b> of handcrafts,<b> Prices, Sources of Materials</b> and <b>Sources of Credit.</b> To register simply visit your district headquarters with details.','Uganda produces up to 15 000 tonnes of fish from aquaculture, including production from small-scale fish farmers, emerging commercial fish farmers and stocked community water reservoirs and minor lakes. [Source: <a href=\"http://webcache.googleusercontent.com/search?q=cache:unOS0sxTX6IJ:www.fao.org/fishery/countrysector/naso_uganda/en+fish+production+uganda&cd=1&hl=en&ct=clnk&gl=ug\" target=\"_blank\">FAO</a>].\r\n\r\nTo effectively capture production information, data collection has been expanded to include information on landing sites in uganda, all major types of fish collected, methods, and each boat that plies each fishing area.','Find information on fertilizers, pesticides, seeds and other agricultural inputs. The agricultural input section brings you prices collected from all highlighted districts in the LGMP. '),
 (7,47,'Kitgum is among the few districts in Uganda that boast of Airports. Banks in Kitgum include Centenary, DFCU and Equity Banks. Kitgum economic activities are centered around production of millet, sorghum, beans, cassava, peas, simsim, cotton and tobocca. Also there is practice of cattle ranching on a small scale.','The business directory section lists all business enterprises in the district by categorizing them according to the nature of their business. These range from small retail, large retail, manufacturing, construction, merchandize shops, large corporations and others. Details included in the registration include <b>Name, Address, Telephone, Email and Description of Business</b> among other fields.\r\nTo register simply visit your district headquarters with details.\r\n','Explore Uganda\'s natural beauty and tourist attractions that can be found in almost every district in the country. Get to know about national/game parks, falls, rain forests, wildlife safaris, hills and mountains, rivers, lakes, hot springs. Browse to find details about each registered tourist site including <b>Name, Services offered, Prices, Physical Address, Special Packages</b> and <b>Contacts</b> to make reservations and bookings.','Every district in Uganda receives commodities from different sources. In addition to information on where crops come from, this section also gives you information on crop yield, pests and diseases and prices.',NULL,'2012-02-01 23:41:00',1,NULL,NULL,'Livestock production in Uganda contributes 5.2% and 12.7% to total GDP and agricultural GDP respectively. Livestock production has continued to grow, at a rate of over 4% per annum, in response to increasing demand for milk and meat in the local market. Higher rates of growth are envisaged as Government pursues its policies of modernizing and commercializing agriculture. [Source: <a href=\"http://www.foodnet.cgiar.org/scrip/docs&databases/ifpristudies_ug_nonscrip/pdfs/more_reports/Uganda%27s%20livestock%20industry.pdf\" target=\"_blank\">Foodnet</a>]\r\n\r\nTo effectively capture production data, LGMP collects <b>costs of breeds, average milk/eggs produced, source of breeds, diseases</b> and <b>sources of credit</b> for livestock farmers.\r\n','Handicrafts production in Uganda is largely cultural, ethnic and customary sector.  This section lists all registered handcraft shops and dealers categorized by district. Details include <b>description</b> of handcrafts,<b> Prices, Sources of Materials</b> and <b>Sources of Credit.</b> To register simply visit your district headquarters with details.','Uganda produces up to 15 000 tonnes of fish from aquaculture, including production from small-scale fish farmers, emerging commercial fish farmers and stocked community water reservoirs and minor lakes. [Source: <a href=\"http://webcache.googleusercontent.com/search?q=cache:unOS0sxTX6IJ:www.fao.org/fishery/countrysector/naso_uganda/en+fish+production+uganda&cd=1&hl=en&ct=clnk&gl=ug\" target=\"_blank\">FAO</a>].\r\n\r\nTo effectively capture production information, data collection has been expanded to include information on landing sites in uganda, all major types of fish collected, methods, and each boat that plies each fishing area.','Find information on fertilizers, pesticides, seeds and other agricultural inputs. The agricultural input section brings you prices collected from all highlighted districts in the LGMP. '),
 (8,109,'Nwoya district borders Amuru district to the north, Gulu to the North East, , Oyam to the east and Masindi to the South. Major tourist attractions include Victoria Nile and Ayago river, Murchison Falls National Park, Paraa Safari Lodge and Chobe Safari lodge and other cultural sites. Major crops produced include maize, finger millet, sorghum, sweet potatoes, cassava and groundnuts.','The business directory section lists all business enterprises in the district by categorizing them according to the nature of their business. These range from small retail, large retail, manufacturing, construction, merchandize shops, large corporations and others. Details included in the registration include <b>Name, Address, Telephone, Email and Description of Business</b> among other fields.\r\nTo register simply visit your district headquarters with details.\r\n','Explore Uganda\'s natural beauty and tourist attractions that can be found in almost every district in the country. Get to know about national/game parks, falls, rain forests, wildlife safaris, hills and mountains, rivers, lakes, hot springs. Browse to find details about each registered tourist site including <b>Name, Services offered, Prices, Physical Address, Special Packages</b> and <b>Contacts</b> to make reservations and bookings.','Every district in Uganda receives commodities from different sources. In addition to information on where crops come from, this section also gives you information on crop yield, pests and diseases and prices.',NULL,'2012-02-01 23:41:00',1,NULL,NULL,'Livestock production in Uganda contributes 5.2% and 12.7% to total GDP and agricultural GDP respectively. Livestock production has continued to grow, at a rate of over 4% per annum, in response to increasing demand for milk and meat in the local market. Higher rates of growth are envisaged as Government pursues its policies of modernizing and commercializing agriculture. [Source: <a href=\"http://www.foodnet.cgiar.org/scrip/docs&databases/ifpristudies_ug_nonscrip/pdfs/more_reports/Uganda%27s%20livestock%20industry.pdf\" target=\"_blank\">Foodnet</a>]\r\n\r\nTo effectively capture production data, LGMP collects <b>costs of breeds, average milk/eggs produced, source of breeds, diseases</b> and <b>sources of credit</b> for livestock farmers.\r\n','Handicrafts production in Uganda is largely cultural, ethnic and customary sector.  This section lists all registered handcraft shops and dealers categorized by district. Details include <b>description</b> of handcrafts,<b> Prices, Sources of Materials</b> and <b>Sources of Credit.</b> To register simply visit your district headquarters with details.','Uganda produces up to 15 000 tonnes of fish from aquaculture, including production from small-scale fish farmers, emerging commercial fish farmers and stocked community water reservoirs and minor lakes. [Source: <a href=\"http://webcache.googleusercontent.com/search?q=cache:unOS0sxTX6IJ:www.fao.org/fishery/countrysector/naso_uganda/en+fish+production+uganda&cd=1&hl=en&ct=clnk&gl=ug\" target=\"_blank\">FAO</a>].\r\n\r\nTo effectively capture production information, data collection has been expanded to include information on landing sites in uganda, all major types of fish collected, methods, and each boat that plies each fishing area.','Find information on fertilizers, pesticides, seeds and other agricultural inputs. The agricultural input section brings you prices collected from all highlighted districts in the LGMP. '),
 (9,43380,'Arua is a town in Arua District, Northern Uganda. An important local commercial centre, it is a base for a large refugee population from Southern Sudan and the Democratic Republic of the Congo and is an aid distribution centre for those nations.\r\n\r\nArua was the capital of the former West Nile Province. However, with the breakup of the province in the 1970s into Arua, Nebbi and Moyo districts, Arua town became the capital of Arua District. Arua town was initially slotted as the proposed capital of Lado Enclave.','The business directory section lists all business enterprises in the district by categorizing them according to the nature of their business. These range from small retail, large retail, manufacturing, construction, merchandize shops, large corporations and others. Details included in the registration include <b>Name, Address, Telephone, Email and Description of Business</b> among other fields.\r\nTo register simply visit your district headquarters with details.\r\n','Explore Uganda\'s natural beauty and tourist attractions that can be found in almost every district in the country. Get to know about national/game parks, falls, rain forests, wildlife safaris, hills and mountains, rivers, lakes, hot springs. Browse to find details about each registered tourist site including <b>Name, Services offered, Prices, Physical Address, Special Packages</b> and <b>Contacts</b> to make reservations and bookings.','Every district in Uganda receives commodities from different sources. In addition to information on where crops come from, this section also gives you information on crop yield, pests and diseases and prices.',NULL,'2012-02-01 23:41:00',1,NULL,NULL,'Livestock production in Uganda contributes 5.2% and 12.7% to total GDP and agricultural GDP respectively. Livestock production has continued to grow, at a rate of over 4% per annum, in response to increasing demand for milk and meat in the local market. Higher rates of growth are envisaged as Government pursues its policies of modernizing and commercializing agriculture. [Source: <a href=\"http://www.foodnet.cgiar.org/scrip/docs&databases/ifpristudies_ug_nonscrip/pdfs/more_reports/Uganda%27s%20livestock%20industry.pdf\" target=\"_blank\">Foodnet</a>]\r\n\r\nTo effectively capture production data, LGMP collects <b>costs of breeds, average milk/eggs produced, source of breeds, diseases</b> and <b>sources of credit</b> for livestock farmers.\r\n','Handicrafts production in Uganda is largely cultural, ethnic and customary sector.  This section lists all registered handcraft shops and dealers categorized by district. Details include <b>description</b> of handcrafts,<b> Prices, Sources of Materials</b> and <b>Sources of Credit.</b> To register simply visit your district headquarters with details.','Uganda produces up to 15 000 tonnes of fish from aquaculture, including production from small-scale fish farmers, emerging commercial fish farmers and stocked community water reservoirs and minor lakes. [Source: <a href=\"http://webcache.googleusercontent.com/search?q=cache:unOS0sxTX6IJ:www.fao.org/fishery/countrysector/naso_uganda/en+fish+production+uganda&cd=1&hl=en&ct=clnk&gl=ug\" target=\"_blank\">FAO</a>].\r\n\r\nTo effectively capture production information, data collection has been expanded to include information on landing sites in uganda, all major types of fish collected, methods, and each boat that plies each fishing area.','Find information on fertilizers, pesticides, seeds and other agricultural inputs. The agricultural input section brings you prices collected from all highlighted districts in the LGMP. '),
 (10,43381,'Busia Municipality is found in Busia district and is divided into 2 divisions - Eastern and Western divisions. This is where the main administrative and commercial centers of Busia district are located. It has a fairly good road network with easy access to the Kenya border market.','The business directory section lists all business enterprises in the district by categorizing them according to the nature of their business. These range from small retail, large retail, manufacturing, construction, merchandize shops, large corporations and others. Details included in the registration include <b>Name, Address, Telephone, Email and Description of Business</b> among other fields.\r\nTo register simply visit your district headquarters with details.\r\n','Explore Uganda\'s natural beauty and tourist attractions that can be found in almost every district in the country. Get to know about national/game parks, falls, rain forests, wildlife safaris, hills and mountains, rivers, lakes, hot springs. Browse to find details about each registered tourist site including <b>Name, Services offered, Prices, Physical Address, Special Packages</b> and <b>Contacts</b> to make reservations and bookings.','Every district in Uganda receives commodities from different sources. In addition to information on where crops come from, this section also gives you information on crop yield, pests and diseases and prices.',NULL,'2012-02-01 23:41:00',1,NULL,NULL,'Livestock production in Uganda contributes 5.2% and 12.7% to total GDP and agricultural GDP respectively. Livestock production has continued to grow, at a rate of over 4% per annum, in response to increasing demand for milk and meat in the local market. Higher rates of growth are envisaged as Government pursues its policies of modernizing and commercializing agriculture. [Source: <a href=\"http://www.foodnet.cgiar.org/scrip/docs&databases/ifpristudies_ug_nonscrip/pdfs/more_reports/Uganda%27s%20livestock%20industry.pdf\" target=\"_blank\">Foodnet</a>]\r\n\r\nTo effectively capture production data, LGMP collects <b>costs of breeds, average milk/eggs produced, source of breeds, diseases</b> and <b>sources of credit</b> for livestock farmers.\r\n','Handicrafts production in Uganda is largely cultural, ethnic and customary sector.  This section lists all registered handcraft shops and dealers categorized by district. Details include <b>description</b> of handcrafts,<b> Prices, Sources of Materials</b> and <b>Sources of Credit.</b> To register simply visit your district headquarters with details.','Uganda produces up to 15 000 tonnes of fish from aquaculture, including production from small-scale fish farmers, emerging commercial fish farmers and stocked community water reservoirs and minor lakes. [Source: <a href=\"http://webcache.googleusercontent.com/search?q=cache:unOS0sxTX6IJ:www.fao.org/fishery/countrysector/naso_uganda/en+fish+production+uganda&cd=1&hl=en&ct=clnk&gl=ug\" target=\"_blank\">FAO</a>].\r\n\r\nTo effectively capture production information, data collection has been expanded to include information on landing sites in uganda, all major types of fish collected, methods, and each boat that plies each fishing area.','Find information on fertilizers, pesticides, seeds and other agricultural inputs. The agricultural input section brings you prices collected from all highlighted districts in the LGMP. '),
 (11,56,'Lorem ipsum dolor sit amet, consectetur adipiscing elit. Sed in elit ipsum, pharetra porttitor turpis. Sed euismod arcu nec arcu venenatis sed ornare odio tincidunt. Donec eget scelerisque leo. Cum sociis natoque penatibus et magnis dis parturient montes, nascetur ridiculus mus. Sed nec eros libero, nec pretium lacus. Suspendisse non ipsum est. Vivamus quam risus, cursus elementum porta a, dignissim in risus.\r\n\r\nPhasellus sit amet lectus lorem. Aliquam massa elit, vestibulum a facilisis et, pulvinar iaculis nibh. Integer pretium malesuada felis et facilisis. Nulla nec enim nisi, a sagittis libero. Cras tristique auctor neque, at laoreet urna hendrerit in. Nulla mollis gravida ipsum eu imperdiet. Quisque non nisl velit, et tempor felis.','Aliquam erat volutpat. Quisque eget elit diam. Ut metus dolor, luctus quis aliquet in, rhoncus at sapien. Proin a urna sit amet augue porttitor aliquam. Vivamus augue purus, luctus ultrices pretium in, tincidunt nec lectus. Pellentesque in velit vel lectus laoreet congue eu sit amet \r\n\r\ndiam. Maecenas massa lacus, consequat et vestibulum eu, viverra non orci. Sed nunc metus, cursus vel fringilla quis, egestas vel metus. Suspendisse pulvinar tellus a felis convallis sed suscipit ipsum ullamcorper. Nunc interdum ante vel ipsum rutrum nec dignissim nisl facilisis. Donec ac ante magna, vel vulputate lectus.','','Nullam sollicitudin, ipsum non lobortis laoreet, massa risus semper urna, sit amet condimentum leo arcu eget erat. Nam condimentum urna dignissim lorem vestibulum blandit. Quisque sed tellus purus, sed adipiscing ante. Maecenas volutpat ultricies mauris eget euismod. Nulla vel viverra odio. Etiam at neque justo, vitae euismod lacus. Cras eleifend mauris at leo rhoncus dignissim.','image_1367759668.jpg','2013-05-05 16:13:27',338,'2013-05-05 19:26:22',340,'','','','This goees to other placess'),
 (12,52,'','','','',NULL,'2013-05-05 17:25:16',339,NULL,NULL,'','','','');
/*!40000 ALTER TABLE `locationdetail` ENABLE KEYS */;


--
-- Definition of table `locationstatistic`
--

DROP TABLE IF EXISTS `locationstatistic`;
CREATE TABLE `locationstatistic` (
  `id` int(10) unsigned NOT NULL AUTO_INCREMENT,
  `locationid` int(10) unsigned NOT NULL,
  `startdate` date NOT NULL,
  `enddate` date NOT NULL,
  `statisticid` int(10) unsigned DEFAULT NULL,
  `customstat` varchar(50) DEFAULT NULL,
  `unitid` int(11) unsigned DEFAULT NULL,
  `customunit` varchar(50) DEFAULT NULL,
  `value` decimal(10,1) unsigned DEFAULT NULL,
  `period` varchar(15) DEFAULT NULL,
  `source` varchar(255) DEFAULT NULL,
  `notes` varchar(1000) DEFAULT NULL,
  `datecreated` datetime NOT NULL,
  `createdby` int(11) unsigned NOT NULL,
  `lastupdatedate` datetime DEFAULT NULL,
  `lastupdatedby` int(11) unsigned DEFAULT NULL,
  PRIMARY KEY (`id`),
  KEY `fk_locationstatistic_location` (`locationid`),
  KEY `unique_locationstatistic_statistic_period` (`startdate`,`enddate`),
  KEY `fk_locationstatistic_createdby` (`createdby`),
  KEY `fk_locationstatistic_lastupdatedby` (`lastupdatedby`),
  KEY `fk_locationstatistic_statisticid` (`statisticid`),
  KEY `fk_commodityunit_unitid` (`unitid`),
  CONSTRAINT `fk_commodityunit_unitid` FOREIGN KEY (`unitid`) REFERENCES `commodityunit` (`id`) ON DELETE CASCADE ON UPDATE CASCADE,
  CONSTRAINT `fk_locationstatistic_createdby` FOREIGN KEY (`createdby`) REFERENCES `useraccount` (`id`) ON DELETE CASCADE ON UPDATE CASCADE,
  CONSTRAINT `fk_locationstatistic_lastupdatedby` FOREIGN KEY (`lastupdatedby`) REFERENCES `useraccount` (`id`) ON DELETE CASCADE ON UPDATE CASCADE,
  CONSTRAINT `fk_locationstatistic_location` FOREIGN KEY (`locationid`) REFERENCES `location` (`id`) ON DELETE CASCADE ON UPDATE CASCADE,
  CONSTRAINT `fk_locationstatistic_statisticid` FOREIGN KEY (`statisticid`) REFERENCES `statistic` (`id`) ON DELETE CASCADE ON UPDATE CASCADE
) ENGINE=InnoDB AUTO_INCREMENT=49 DEFAULT CHARSET=utf8;

--
-- Dumping data for table `locationstatistic`
--

/*!40000 ALTER TABLE `locationstatistic` DISABLE KEYS */;
INSERT INTO `locationstatistic` (`id`,`locationid`,`startdate`,`enddate`,`statisticid`,`customstat`,`unitid`,`customunit`,`value`,`period`,`source`,`notes`,`datecreated`,`createdby`,`lastupdatedate`,`lastupdatedby`) VALUES 
 (3,10,'2011-01-01','2011-12-31',NULL,NULL,NULL,NULL,'10653.0',NULL,NULL,NULL,'2012-03-15 10:51:06',1,NULL,NULL),
 (5,10,'2011-01-01','2011-12-31',NULL,NULL,NULL,NULL,'83700.0',NULL,NULL,NULL,'2012-03-15 11:01:51',1,NULL,NULL),
 (7,10,'2011-01-01','2011-12-31',NULL,NULL,NULL,NULL,'100.0',NULL,NULL,NULL,'2012-03-15 11:20:29',1,NULL,NULL),
 (8,10,'2011-01-01','2011-12-31',NULL,NULL,NULL,NULL,'67.0',NULL,NULL,NULL,'2012-03-15 11:24:28',1,NULL,NULL),
 (10,14,'2011-01-01','2011-12-31',NULL,NULL,NULL,NULL,'242300.0',NULL,NULL,NULL,'2012-03-15 11:34:21',1,NULL,NULL),
 (11,14,'2011-01-01','2011-12-31',NULL,NULL,NULL,NULL,'97.0',NULL,NULL,NULL,'2012-03-15 11:38:28',1,NULL,NULL),
 (12,14,'2011-01-01','2011-12-31',NULL,NULL,NULL,NULL,'19.0',NULL,NULL,NULL,'2012-03-15 11:40:27',1,NULL,NULL),
 (13,14,'2011-01-01','2011-12-31',NULL,NULL,NULL,NULL,'276.8',NULL,NULL,NULL,'2012-03-15 11:42:51',1,NULL,NULL),
 (15,14,'2011-01-01','2011-12-31',NULL,NULL,NULL,NULL,'236.8',NULL,NULL,NULL,'2012-03-15 11:47:20',1,NULL,NULL),
 (16,14,'2011-01-01','2011-12-31',NULL,NULL,NULL,NULL,'9.0',NULL,NULL,NULL,'2012-03-15 11:50:12',1,NULL,NULL),
 (17,15,'2011-01-01','2011-12-31',NULL,NULL,NULL,NULL,'128.0',NULL,NULL,NULL,'2012-03-15 11:54:32',1,NULL,NULL),
 (18,15,'2011-01-01','2011-12-31',NULL,NULL,NULL,NULL,'120.0',NULL,NULL,NULL,'2012-03-15 12:00:42',1,NULL,NULL),
 (19,15,'2011-01-01','2011-12-01',NULL,NULL,NULL,NULL,'4.0',NULL,NULL,NULL,'2012-03-15 12:02:44',1,NULL,NULL),
 (20,24,'2011-01-01','2011-12-31',NULL,NULL,NULL,NULL,'3.0',NULL,NULL,NULL,'2012-03-15 12:07:35',1,NULL,NULL),
 (21,24,'2011-01-01','2011-12-31',NULL,NULL,NULL,NULL,'1.0',NULL,NULL,NULL,'2012-03-15 12:10:16',1,NULL,NULL),
 (23,42,'2011-01-01','2011-12-31',NULL,NULL,NULL,NULL,'3.0',NULL,NULL,NULL,'2012-03-15 12:17:18',1,NULL,NULL),
 (24,42,'2011-01-01','2011-12-31',NULL,NULL,NULL,NULL,'157.0',NULL,NULL,NULL,'2012-03-15 12:21:16',1,NULL,NULL),
 (25,42,'2011-01-01','2011-12-31',NULL,NULL,NULL,NULL,'50.0',NULL,NULL,NULL,'2012-03-15 12:24:44',1,NULL,NULL),
 (27,42,'2011-01-01','2011-12-31',NULL,NULL,NULL,NULL,'100.0',NULL,NULL,NULL,'2012-03-15 12:26:45',1,NULL,NULL),
 (28,47,'2011-01-01','2011-12-31',NULL,NULL,NULL,NULL,'220000.0',NULL,NULL,NULL,'2012-03-15 12:31:06',1,NULL,NULL),
 (29,47,'2011-01-01','2011-12-31',NULL,NULL,NULL,NULL,'200.0',NULL,NULL,NULL,'2012-03-15 12:34:05',1,NULL,NULL),
 (30,109,'2011-01-01','2011-12-31',NULL,NULL,NULL,NULL,'61.0',NULL,NULL,NULL,'2012-03-15 12:36:33',1,NULL,NULL),
 (32,29,'2011-01-01','2011-12-31',NULL,NULL,NULL,NULL,'316025.0',NULL,NULL,NULL,'2012-03-15 12:44:54',1,NULL,NULL),
 (33,29,'2011-01-01','2011-12-31',NULL,NULL,NULL,NULL,'67422.0',NULL,NULL,NULL,'2012-03-15 12:47:48',1,NULL,NULL),
 (34,29,'2011-01-01','2011-12-31',NULL,NULL,NULL,NULL,'4.8',NULL,NULL,NULL,'2012-03-15 12:51:51',1,NULL,NULL),
 (35,43381,'2011-01-01','2011-12-31',NULL,NULL,NULL,NULL,'5.4',NULL,NULL,NULL,'2012-03-15 13:05:40',1,NULL,NULL),
 (36,43381,'2011-01-01','2011-12-31',NULL,NULL,NULL,NULL,'103.2',NULL,NULL,NULL,'2012-03-15 13:08:05',1,NULL,NULL),
 (37,43381,'2011-01-01','2011-12-31',NULL,NULL,NULL,NULL,'45.4',NULL,NULL,NULL,'2012-03-15 13:10:00',1,NULL,NULL),
 (38,43381,'2011-01-01','2011-12-31',NULL,NULL,NULL,NULL,'55.0',NULL,NULL,NULL,'2012-03-15 13:13:21',1,NULL,NULL),
 (39,52,'2013-01-01','2013-03-30',11,'',18,'','3.0',NULL,NULL,NULL,'2013-05-05 16:50:16',339,'2013-05-05 17:20:32',339),
 (40,52,'2013-01-01','2013-03-30',7,'',18,'','5.0',NULL,NULL,NULL,'2013-05-05 16:50:16',339,NULL,NULL),
 (41,52,'2013-01-01','2013-03-31',2,'',21,'','1500.0',NULL,NULL,NULL,'2013-05-05 17:22:34',339,NULL,NULL),
 (42,52,'2013-01-01','2013-03-31',13,'',18,'','1.0',NULL,NULL,NULL,'2013-05-05 17:22:34',339,NULL,NULL),
 (43,52,'2013-01-01','2013-03-31',NULL,'Input Suppliers',18,'','2.0',NULL,NULL,NULL,'2013-05-05 17:22:34',339,NULL,NULL),
 (44,52,'2013-01-01','2013-03-31',20,'',NULL,'Years','40.0',NULL,NULL,NULL,'2013-05-05 17:22:34',339,NULL,NULL),
 (45,56,'2013-01-01','2013-03-31',5,'',18,'','2.0',NULL,NULL,NULL,'2013-05-05 18:05:27',340,NULL,NULL),
 (46,56,'2013-01-01','2013-03-31',11,'',18,'','6.0',NULL,NULL,NULL,'2013-05-05 18:05:27',340,NULL,NULL),
 (47,56,'2013-01-01','2013-03-31',2,'',21,'','10000.0',NULL,NULL,NULL,'2013-05-05 18:05:27',340,NULL,NULL),
 (48,56,'2013-01-01','2013-03-31',20,'',NULL,'Years','45.0',NULL,NULL,NULL,'2013-05-05 18:05:27',340,NULL,NULL);
/*!40000 ALTER TABLE `locationstatistic` ENABLE KEYS */;


--
-- Definition of table `lookupquery`
--

DROP TABLE IF EXISTS `lookupquery`;
CREATE TABLE `lookupquery` (
  `id` int(10) unsigned NOT NULL AUTO_INCREMENT,
  `name` varchar(50) NOT NULL,
  `description` varchar(255) DEFAULT NULL,
  `querystring` varchar(500) NOT NULL,
  PRIMARY KEY (`id`)
) ENGINE=InnoDB AUTO_INCREMENT=28 DEFAULT CHARSET=utf8;

--
-- Dumping data for table `lookupquery`
--

/*!40000 ALTER TABLE `lookupquery` DISABLE KEYS */;
INSERT INTO `lookupquery` (`id`,`name`,`description`,`querystring`) VALUES 
 (1,'ALL_USERS','Returns the list of all Users in the system','SELECT u.id as optionvalue, concat(u.firstname,\' \',u.lastname) as optiontext FROM useraccount u ORDER BY optiontext'),
 (2,'ALL_ACL_GROUPS','All defined ACL groups','SELECT id as optionvalue, name as optiontext FROM aclgroup'),
 (3,'ALL_RESOURCES','The resources that are secured within the application','SELECT r.name AS optiontext, r.id AS optionvalue FROM aclresource AS r ORDER BY optiontext'),
 (4,'ALL_REGIONS','All Regions in the application','SELECT r.name AS optiontext, r.id AS optionvalue FROM location AS r  WHERE locationtype=\'1\' ORDER BY optiontext'),
 (5,'ALL_COMMODITY_CATEGORIES','All categories for commodities','SELECT name AS optiontext, id AS optionvalue FROM commoditycategory ORDER BY optiontext'),
 (6,'ALL_PRICE_CATEGORIES','The different types of prices that can be submitted on a commodity','SELECT name AS optiontext, id AS optionvalue FROM pricecategory ORDER BY optiontext'),
 (7,'ALL_DISTRICTS','All Districts in the application','SELECT r.name AS optiontext, r.id AS optionvalue FROM location AS r  WHERE locationtype=\'2\' ORDER BY optiontext'),
 (8,'ALL_COUNTIES','All Counties in the application','SELECT r.name AS optiontext, r.id AS optionvalue FROM location AS r  WHERE locationtype=\'3\' ORDER BY optiontext'),
 (9,'ALL_SUBCOUNTIES','All Sub Counties in the application','SELECT r.name AS optiontext, r.id AS optionvalue FROM location AS r  WHERE locationtype=\'4\' ORDER BY optiontext'),
 (10,'ALL_PARISH','All Parish in the application','SELECT r.name AS optiontext, r.id AS optionvalue FROM location AS r  WHERE locationtype=\'5\' ORDER BY optiontext'),
 (11,'ALL_VILLAGES','All Villages in the application','SELECT r.name AS optiontext, r.id AS optionvalue FROM location AS r  WHERE locationtype=\'6\' ORDER BY optiontext'),
 (12,'ALL_CONTACTS','All the contacts, both organizations and individuals','SELECT IF (contacttype = 1, CONCAT(firstname, \' \', lastname), orgname) AS optiontext, c.id AS optionvalue FROM contact AS c ORDER BY optiontext'),
 (13,'ALL_COMMODITIES','All commodities','SELECT c.name AS optiontext, c.id AS optionvalue FROM commodity c LEFT JOIN commodity p ON c.parentid = p.id ORDER BY optiontext'),
 (14,'ALL_COMMODITY_UNITS','Different units for measuring the commodities','SELECT name AS optiontext, id AS optionvalue FROM commodityunit ORDER BY optiontext'),
 (15,'ALL_BUSINESS_DIRECTORY_CATEGORIES','Business directory categories','SELECT name AS optiontext, id AS optionvalue FROM businessdirectorycategory ORDER BY optiontext'),
 (16,'ALL_AMIA_USERS','Returns all AMIA data entry clerks','SELECT u.id as optionvalue, concat(u.lastname,\' \',u.firstname) as optiontext FROM useraccount as u Left Join aclusergroup AS g ON u.id = g.userid WHERE g.groupid = \'3\' ORDER BY optiontext '),
 (17,'ALL_MARKET_SOURCES','All the markets that are used as sources of commodity prices','SELECT ps.id AS optionvalue, ps.name  AS optiontext FROM pricesource ps INNER JOIN  pricesourcecategory as pc ON(ps.id = pc.pricesourceid AND pc.pricecategoryid = 2) ORDER BY optiontext'),
 (18,'ALL_FUEL_SOURCES','All the fuel price locations used to collect fuel prices','SELECT ps.id AS optionvalue, ps.name  AS optiontext FROM pricesource ps INNER JOIN  pricesourcecategory as pc ON(ps.id = pc.pricesourceid AND pc.pricecategoryid = 4) ORDER BY optiontext'),
 (19,'ALL_RETAIL_SOURCES','All the retail price locations used to collect retail prices','SELECT ps.id AS optionvalue, ps.name  AS optiontext FROM pricesource ps INNER JOIN  pricesourcecategory as pc ON(ps.id = pc.pricesourceid AND pc.pricecategoryid = 1) ORDER BY optiontext'),
 (20,'ALL_ORGANIC_SOURCES','All the organic price locations used to collect organic prices','SELECT ps.id AS optionvalue, ps.name  AS optiontext FROM pricesource ps INNER JOIN  pricesourcecategory as pc ON(ps.id = pc.pricesourceid AND pc.pricecategoryid = 3) ORDER BY optiontext'),
 (21,'ALL_VARIABLE_SECTIONS',NULL,'SELECT a.section AS optionvalue, a.section AS optiontext FROM appconfig AS a GROUP BY a.section ORDER BY optiontext ASC'),
 (22,'ALL_LAMIS_ORGANISATIONS','All organizations for LAMIS','SELECT id as optionvalue, name as optiontext FROM organisation ORDER BY name'),
 (23,'ALL_INPUT_SOURCES','All the input price locations used to collect input prices','SELECT ps.id AS optionvalue, ps.name  AS optiontext FROM pricesource ps INNER JOIN  pricesourcecategory as pc ON(ps.id = pc.pricesourceid AND pc.pricecategoryid = 5) ORDER BY optiontext'),
 (24,'ALL_MARKET_COMMODITIES','All commodities for market prices','SELECT c.name AS optiontext, c.id AS optionvalue FROM commodity AS c Inner Join commoditypricecategory AS cp ON c.id = cp.commodityid AND cp.pricecategoryid = 2 ORDER BY optiontext ASC'),
 (25,'ALL_FUEL_COMMODITIES','All commodities for fuel prices','SELECT c.name AS optiontext, c.id AS optionvalue FROM commodity AS c Inner Join commoditypricecategory AS cp ON c.id = cp.commodityid AND cp.pricecategoryid = 4 ORDER BY optiontext ASC'),
 (26,'ALL_AGMIS_MARKETS','AGMIS specific markets that are used as sources of commodity prices','SELECT ps.id AS optionvalue, ps.name  AS optiontext FROM pricesource ps INNER JOIN  pricesourcecategory as pc ON(ps.id = pc.pricesourceid AND pc.pricecategoryid = 2 AND ps.applicationtype = 0) ORDER BY optiontext'),
 (27,'AVAILABLE_LGMIS_DISTRICTS','All LGMIS locations','SELECT ld.locationid AS optionvalue, l.name as optiontext FROM locationdetail AS ld Inner Join location AS l ON ld.locationid = l.id');
/*!40000 ALTER TABLE `lookupquery` ENABLE KEYS */;


--
-- Definition of table `lookuptype`
--

DROP TABLE IF EXISTS `lookuptype`;
CREATE TABLE `lookuptype` (
  `id` int(11) unsigned NOT NULL AUTO_INCREMENT,
  `name` varchar(50) NOT NULL,
  `description` varchar(255) NOT NULL,
  `datecreated` datetime NOT NULL,
  `createdby` int(11) unsigned NOT NULL,
  `lastupdatedate` datetime DEFAULT NULL,
  `lastupdatedby` int(11) unsigned DEFAULT NULL,
  PRIMARY KEY (`id`),
  KEY `fk_lookuptype_createdby` (`createdby`),
  KEY `fk_lookuptype_lastupdatedby` (`lastupdatedby`),
  CONSTRAINT `fk_lookuptype_createdby` FOREIGN KEY (`createdby`) REFERENCES `useraccount` (`id`) ON DELETE CASCADE ON UPDATE CASCADE,
  CONSTRAINT `fk_lookuptype_lastupdatedby` FOREIGN KEY (`lastupdatedby`) REFERENCES `useraccount` (`id`) ON DELETE CASCADE ON UPDATE CASCADE
) ENGINE=InnoDB AUTO_INCREMENT=13 DEFAULT CHARSET=utf8;

--
-- Dumping data for table `lookuptype`
--

/*!40000 ALTER TABLE `lookuptype` DISABLE KEYS */;
INSERT INTO `lookuptype` (`id`,`name`,`description`,`datecreated`,`createdby`,`lastupdatedate`,`lastupdatedby`) VALUES 
 (1,'YES_NO','Yes and No value options','2011-01-01 12:00:00',1,NULL,NULL),
 (2,'TRANSACTION_TYPES','The audit trail transaction types','2011-01-01 12:00:00',1,NULL,NULL),
 (3,'LIST_ITEM_COUNT_OPTIONS','The number of items per page','2011-02-22 19:01:44',1,NULL,NULL),
 (4,'ACTIVE_STATUS','Whether a user is active or not','2011-03-28 18:23:39',1,NULL,NULL),
 (5,'OFFER_TYPE','The different types of offers','2011-04-04 09:45:02',1,NULL,NULL),
 (6,'SALUTATION','The different salutations Mr, Mrs, Dr, etc','2011-04-04 09:45:41',1,NULL,NULL),
 (7,'ALL_PRICE_SUBMISSION_STATUS','The status values for a Price Submission','2011-04-08 15:43:57',1,NULL,NULL),
 (8,'ALL_CONTACT_TYPES','The types of contacts in the business directory','2011-05-05 14:40:51',1,NULL,NULL),
 (9,'APPLICATION_TYPE','Different applications available','2011-11-23 13:34:36',1,NULL,NULL),
 (10,'LGMIS_LOCATION_STATISTICS','The different types of statistics collected on a location','2012-01-25 11:44:47',1,NULL,NULL),
 (11,'BOAT_TYPES','The different boat types','2012-03-07 16:57:12',1,NULL,NULL),
 (12,'NET_TYPES','The different net types','2012-03-07 16:57:44',1,NULL,NULL);
/*!40000 ALTER TABLE `lookuptype` ENABLE KEYS */;


--
-- Definition of table `lookuptypevalue`
--

DROP TABLE IF EXISTS `lookuptypevalue`;
CREATE TABLE `lookuptypevalue` (
  `id` int(11) unsigned NOT NULL AUTO_INCREMENT,
  `lookuptypeid` int(11) unsigned NOT NULL,
  `lookuptypevalue` varchar(50) NOT NULL,
  `lookupvaluedescription` varchar(255) NOT NULL,
  `createdby` int(11) unsigned NOT NULL,
  `datecreated` datetime NOT NULL,
  `lastupdatedate` datetime DEFAULT NULL,
  `lastupdatedby` int(11) unsigned DEFAULT NULL,
  PRIMARY KEY (`id`),
  KEY `fk_lookuptypevalue_lookuptypeid` (`lookuptypeid`),
  CONSTRAINT `fk_lookuptypevalue_lookuptypeid` FOREIGN KEY (`lookuptypeid`) REFERENCES `lookuptype` (`id`) ON DELETE CASCADE ON UPDATE CASCADE
) ENGINE=InnoDB AUTO_INCREMENT=81 DEFAULT CHARSET=utf8;

--
-- Dumping data for table `lookuptypevalue`
--

/*!40000 ALTER TABLE `lookuptypevalue` DISABLE KEYS */;
INSERT INTO `lookuptypevalue` (`id`,`lookuptypeid`,`lookuptypevalue`,`lookupvaluedescription`,`createdby`,`datecreated`,`lastupdatedate`,`lastupdatedby`) VALUES 
 (1,1,'Y','Yes',1,'2011-01-01 12:00:00',NULL,NULL),
 (2,1,'N','No',1,'2011-01-01 12:00:00',NULL,NULL),
 (3,2,'Login','User login transaction',1,'2011-01-01 12:00:00',NULL,NULL),
 (4,2,'Logout','User logout transaction',1,'2011-01-01 12:00:00',NULL,NULL),
 (5,2,'Recover Password','User password recovery transaction',1,'2011-01-01 12:00:00',NULL,NULL),
 (6,3,'10','10',1,'2011-02-22 19:02:07',NULL,NULL),
 (7,3,'25','25',1,'2011-02-22 19:02:19',NULL,NULL),
 (8,3,'50','50',1,'2011-02-22 19:02:30',NULL,NULL),
 (9,3,'100','100',1,'2011-02-22 19:02:44',NULL,NULL),
 (10,4,'Active','Active',1,'2011-03-28 18:24:07',NULL,NULL),
 (11,4,'In Active','In Active',1,'2011-03-28 18:25:00',NULL,NULL),
 (12,5,'0','Sell',1,'2011-04-04 09:45:27',NULL,NULL),
 (13,5,'1','Buy',1,'2011-04-04 09:45:41',NULL,NULL),
 (14,6,'Dr','Salutation for a Doctor',1,'2011-04-04 09:45:41',NULL,NULL),
 (15,6,'Ms','Salutation for Miss',1,'2011-04-04 09:45:41',NULL,NULL),
 (16,6,'Mr','Salutation for Mister',1,'2011-04-04 09:45:41',NULL,NULL),
 (17,6,'Mrs','Salutation for Mrs',1,'2011-04-04 09:45:41',NULL,NULL),
 (18,6,'Eng','Salutation for an Engineer',1,'2011-04-04 09:45:41',NULL,NULL),
 (19,6,'Prof','Salutation for a Proffessor',1,'2011-04-04 09:45:41',NULL,NULL),
 (20,7,'Saved','Saved',1,'2011-04-08 15:44:45',NULL,NULL),
 (22,7,'Approved','Approved',1,'2011-04-08 15:45:32',NULL,NULL),
 (23,7,'Rejected','Rejected',1,'2011-04-08 15:45:55',NULL,NULL),
 (24,3,'250','100',1,'2011-02-22 19:02:44',NULL,NULL),
 (25,3,'500','100',1,'2011-02-22 19:02:44',NULL,NULL),
 (26,3,'All','100',1,'2011-02-22 19:02:44',NULL,NULL),
 (27,8,'2','Company',1,'2011-05-05 14:43:41',NULL,NULL),
 (28,8,'1','Person',1,'2011-05-05 14:43:41',NULL,NULL),
 (29,8,'3','Cooperative',1,'2011-05-05 14:43:41',NULL,NULL),
 (30,8,'4','Association',1,'2011-05-05 14:43:41',NULL,NULL),
 (31,8,'5','Parastatal',1,'2011-05-05 14:43:41',NULL,NULL),
 (32,9,'0','AGMIS',1,'2011-11-23 13:35:04',NULL,NULL),
 (33,9,'1','LAMIS',1,'2011-11-23 13:35:17',NULL,NULL),
 (45,9,'2','LGMIS',1,'2012-01-25 11:46:15',NULL,NULL),
 (46,11,'P','PARACHUTE',1,'2012-03-07 17:01:03',NULL,NULL),
 (47,11,'S','SESSE',1,'2012-03-07 17:02:09',NULL,NULL),
 (48,11,'D','DUGOU',1,'2012-03-07 17:02:40',NULL,NULL),
 (49,12,'GN','STATIONERY GILLNET',1,'2012-03-07 17:03:39',NULL,NULL),
 (50,12,'MF','Monofilament GILLNET',1,'2012-03-07 17:04:15',NULL,NULL),
 (51,12,'BS','BOAT SEINE',1,'2012-03-07 17:04:47',NULL,NULL),
 (52,12,'ZN','ZINGA',1,'2012-03-07 17:05:07',NULL,NULL),
 (53,12,'LN','LAMPARA',1,'2012-03-07 17:05:33',NULL,NULL),
 (54,12,'LL','LONGLINE',1,'2012-03-07 17:05:52',NULL,NULL),
 (55,12,'HL','HANDLINE',1,'2012-03-07 17:14:01',NULL,NULL),
 (56,12,'CN','CAST NET',1,'2012-03-07 17:14:36',NULL,NULL),
 (57,12,'TR','TRAPS',1,'2012-03-07 17:14:55',NULL,NULL),
 (58,12,'O','OTHERS',1,'2012-03-07 17:15:27',NULL,NULL),
 (59,10,'1','Households ',1,'2012-03-15 10:49:34',NULL,NULL),
 (60,10,'2','Population',1,'2012-03-15 10:56:58',NULL,NULL),
 (61,10,'3','No. of beds in Abim Hospital ',1,'2012-03-15 11:12:48',NULL,NULL),
 (62,10,'4','Schools ',1,'2012-03-15 11:22:03',NULL,NULL),
 (63,10,'5','Health Centers',1,'2012-03-15 11:31:34',NULL,NULL),
 (65,10,'6','Feeder Roads (km)',1,'2012-03-15 11:41:28',NULL,NULL),
 (66,10,'7','Community Roads (km)',1,'2012-03-15 11:45:53',NULL,NULL),
 (67,10,'8','Bridges ',1,'2012-03-15 11:48:58',NULL,NULL),
 (68,10,'9','No. of beds in Arua hospital ',1,'2012-03-15 11:53:23',NULL,NULL),
 (69,10,'10','Bird species ',1,'2012-03-15 11:58:49',NULL,NULL),
 (70,10,'11','Banks',1,'2012-03-15 12:01:57',NULL,NULL),
 (71,10,'12','Major Banks ',1,'2012-03-15 12:06:46',NULL,NULL),
 (72,10,'13','Universities',1,'2012-03-15 12:09:34',NULL,NULL),
 (73,10,'14','Government Aided Schools ',1,'2012-03-15 12:20:33',NULL,NULL),
 (74,10,'15','Private Schools ',1,'2012-03-15 12:23:41',NULL,NULL),
 (75,10,'16','No. of Beds in Kayunga Hospital ',1,'2012-03-15 12:25:55',NULL,NULL),
 (76,10,'17','No. of beds in Kitgum Public Hospital ',1,'2012-03-15 12:33:01',NULL,NULL),
 (77,10,'18','Average Household Size ',1,'2012-03-15 12:50:44',NULL,NULL),
 (78,10,'19','Average dependency ratio ',1,'2012-03-15 13:07:25',NULL,NULL),
 (79,10,'20','Life expectancy ',1,'2012-03-15 13:09:05',NULL,NULL),
 (80,10,'21','Poverty head count ',1,'2012-03-15 13:12:31',NULL,NULL);
/*!40000 ALTER TABLE `lookuptypevalue` ENABLE KEYS */;


--
-- Definition of table `marketanalysisreport`
--

DROP TABLE IF EXISTS `marketanalysisreport`;
CREATE TABLE `marketanalysisreport` (
  `id` int(11) unsigned NOT NULL AUTO_INCREMENT,
  `datecreated` datetime NOT NULL,
  `createdby` int(11) unsigned NOT NULL,
  `lastupdatedate` datetime DEFAULT NULL,
  `lastupdatedby` int(11) unsigned DEFAULT NULL,
  `volume` tinyint(3) unsigned NOT NULL,
  `number` tinyint(3) unsigned NOT NULL,
  `reportdate` date NOT NULL,
  `highlights` mediumtext NOT NULL,
  `filename` varchar(255) NOT NULL,
  `filesize` int(11) NOT NULL,
  PRIMARY KEY (`id`),
  UNIQUE KEY `unique_marketanalysisreport_reportdate` (`reportdate`),
  UNIQUE KEY `unique_marketanalysisreport_volume_number` (`volume`,`number`),
  KEY `fk_marketanalysisreport_createdby` (`createdby`),
  KEY `fk_marketanalysisreport_lastupdatedby` (`lastupdatedby`)
) ENGINE=InnoDB AUTO_INCREMENT=95 DEFAULT CHARSET=utf8;

--
-- Dumping data for table `marketanalysisreport`
--

/*!40000 ALTER TABLE `marketanalysisreport` DISABLE KEYS */;
INSERT INTO `marketanalysisreport` (`id`,`datecreated`,`createdby`,`lastupdatedate`,`lastupdatedby`,`volume`,`number`,`reportdate`,`highlights`,`filename`,`filesize`) VALUES 
 (2,'2011-12-08 12:59:25',2,'2011-12-08 12:59:25',NULL,5,14,'2011-04-04','- Commodity prices rise as fuel scarcity intensifies\r\n- Honey prices rise in Arua market\r\n- Maize grain prices hiked in Masaka and Arua markets\r\n- Chicken prices rise in Mbale, Masaka and Fort Portal towns','MarketAnalysisReport-04April2011.pdf',409735),
 (3,'2011-12-08 13:05:15',2,'2011-12-08 13:05:16',NULL,5,11,'2011-03-07','- General price rise due to dry spell\r\n- Processed Honey prices rose in Arua and Gulu markets\r\n- Rice, Matooke, beans and millet grain prices have gone up too.','MarketAnalysisReport-07March2011.pdf',1098761),
 (4,'2011-12-08 13:12:35',2,'2011-12-08 13:12:36',NULL,5,20,'2011-05-09','- Matooke Prices continues to rise.\r\n- G.nut prices rises in Lira in the past week\r\n- Rice scarcity in the markets of Arua and Mbale.','MarketAnalysisReport-09May2011.pdf',675597),
 (5,'2011-12-08 13:35:59',2,'2011-12-08 13:35:59',NULL,5,9,'2011-02-14','- Current hot season affects Milk and Matooke prices\r\n- Increment of Nambale, Yellow and Agwedde beans prices\r\n- Mbale and Nakawa suffer sweet potato scarcity while stock in Gulu is perishing','MarketAnalysisReport-14February2011.pdf',1042411),
 (6,'2011-12-08 13:56:56',2,'2011-12-08 13:56:57',NULL,5,10,'2011-02-28','- Low market supply of commodities due to elections\r\n- G.nuts, maize grain, milk prices shot up\r\n- Fuel prices rise in the past two weeks','MarketAnalysisReport-28February2011.pdf',962730),
 (7,'2011-12-08 14:01:02',2,'2011-12-08 14:01:02',NULL,5,7,'2011-01-31','- Beef takes an upward price trend in Jinja and Mbale markets.\r\n- Demand for Honey on rise in Iganga, Jinja and Kasese\r\n- Impact of Maize Grain on maize flour prices.\r\n- Irish potato prices increase in the western and central markets.','MarketAnalysisReport-31January2011.pdf',699933),
 (8,'2011-12-08 14:04:53',2,'2011-12-08 14:04:53',NULL,5,19,'2011-05-02','- Matooke, Simsim, Honey and Maize Flour price trends','MarketAnalysisReport-02May2011.pdf',615479),
 (9,'2011-12-08 14:08:01',2,'2011-12-08 14:08:02',NULL,5,15,'2011-04-11','- Matooke prices continue to soar\r\n- Maize grain shortage in a number of markets\r\n- Beef scarcity in Masaka and Kiboga markets\r\n- Pineapple harvest began in Luwero.','MarketAnalysisReport-11April2011.pdf',319487),
 (10,'2011-12-08 14:12:51',2,'2011-12-08 14:12:52',NULL,6,5,'2011-07-11','- Pineapples flood Kiboga and Jinja markets.\r\n- Matooke prices continue to drop.\r\n- Maize (Flour & Grain) prices increase as they increasingly become scarce.\r\n- Wholesale and retail prices of Groundnuts start to decline.\r\n- Soya beans prices drop further in the month of July as indicated also in MAR 2010 and this years MAR 2011.','MarketAnalysisReport-11July2011.pdf',731186),
 (11,'2011-12-08 14:17:23',2,'2011-12-08 14:17:24',NULL,5,12,'2011-03-14','- General price rise due to dry spell\r\n- Turkeys appear on Arua market\r\n- Exotic Eggs prices drop in Arua and Mbale markets.','MarketAnalysisReport-14March2011.pdf',404436),
 (12,'2011-12-08 14:22:39',2,'2011-12-08 14:22:40',NULL,6,6,'2011-07-18','- Maize grain prices drop as harvesting starts.\r\n- Business was paralyzed in the central region as taxi drivers striked.\r\n- Pineapples flood Masaka market\r\n- Groundnuts prices continue to decline.\r\n- Irish potatoes prices drop as new harvests set  in.','MarketAnalysisReport-18July2011.pdf',653713),
 (13,'2011-12-08 14:26:15',2,'2011-12-08 14:26:16',NULL,6,2,'2011-06-20','- Maize grain and flour prices hike.\r\n- Milk in plenty in Iganga and Luweero Markets.\r\n- Matooke prices drop further.\r\n- Nambale and Yellow beans prices continue to drop.\r\n- Cassava Flour prices are skyrocketing in Busia, Mbale and Luweero markets.\r\n- Fuel prices increased.','MarketAnalysisReport-20June2011.pdf',499474),
 (14,'2011-12-08 14:29:47',2,'2011-12-08 14:29:47',NULL,6,1,'2011-06-13','- Nambale and Yellow beans prices drop further as harvests continue\r\n- Talapia Fish Prices hike in Mbarara market.\r\n- Matooke prices drop in Mbale and Lira Markets.\r\n- Simsim prices shot up.\r\n- Cavendish bananas and Bogoya Scarce on the market.','MarketAnalysisReport-13June2011.pdf',646775),
 (15,'2011-12-08 14:34:56',2,'2011-12-08 14:34:57',NULL,5,13,'2011-03-21','- Commodity prices rise as fuel scarcity intesifies\r\n- scarcity of Fresh Cassava in Kasese\r\n- Beef prices rise in Mbarara and Arua markets\r\n- Beans price contnue to rise','MarketAnalysisReport-21March2011.pdf',635824),
 (16,'2011-12-08 14:41:36',2,'2011-12-09 09:27:40',2,5,23,'2011-05-30','- Bean prices drop as new harvest yields appear on market.\r\n- Maize grain price continues to rise.\r\n- Millet grain prices begin to drop in some markets.\r\n- Declining demand for honey in Arua market.','MarketAnalysisReport-30May2011.pdf',538673),
 (17,'2011-12-08 14:47:42',2,'2011-12-08 14:47:42',NULL,6,10,'2011-08-15','- Fuel prices are skyrocketing.\r\n- Apple banana are scarce on the market.\r\n- High supply of dried beans in Iganga market.\r\n- Fish (Nile perch and Tilapia) hits the markets of Arua and Mbale.\r\n- Nambale and yellow beans prices rises in Arua and Kisoro markets respectively.','MarketAnalysisReport-15August2011.pdf',644034),
 (18,'2011-12-08 14:54:42',2,'2011-12-08 14:54:42',NULL,6,11,'2011-08-22','- Beef prices escalate in Kasese market.\r\n- Tilapia Fish and Nile perch becomes expensive.\r\n- maize grain prices continue to go down.\r\n- Apple banana prices shot up further.','MarketAnalysisReport-22August2011.pdf',611702),
 (19,'2011-12-08 14:59:08',2,'2011-12-08 14:59:08',NULL,6,7,'2011-07-25','- Maize grain and Flour prices start to drop.\r\n- Pineapples flood Iganga and Owino markets.\r\n- Nambale beans prices begin to rise.\r\n- Cowpeas get scarce on the market.\r\n- Matooke prices satrt to hive.','MarketAnalysisReport-25July2011.pdf',593019),
 (20,'2011-12-08 15:02:17',2,'2011-12-08 15:02:18',NULL,5,24,'2011-06-06','- Bean prices drop as new harvest yields appear on market.\r\n- Maize grain price continues to rise.\r\n- Matooke prices decrease due to the harvesting season and good weather.\r\n- Groundnut scarcity in Busia Market.\r\n- Milk in plenty in Lira Market.','MarketAnalysisReport-06June2011.pdf',654419),
 (21,'2011-12-08 15:33:00',2,'2011-12-08 15:33:01',NULL,6,9,'2011-08-08','- Prices of most commodities increase as Muslims start Fasting.\r\n- Apple banana prices hike because of the month of Ramadhan.\r\n- Pineapple prices increase.\r\n- Beef prices shot up in Arua market\r\n- Maize grain and Flour prices continue to drop further.\r\n- Groundnuts flood Soroti, jinja and Kisoro markets','MarketAnalysisReport-08August2011.pdf',610615),
 (22,'2011-12-08 15:41:51',2,'2011-12-08 15:41:51',NULL,6,12,'2011-08-29','- Maize grain prices continue to drop in Lira market.\r\n- Fuel prices increase at most petrol stations.\r\n- Matooke gets scarce on the market.\r\n- Groundnuts prices increase in Gulu due to the inset of the planting season.','MarketAnalysisReport-29August2011.pdf',609278),
 (23,'2011-12-08 15:52:18',2,'2011-12-08 15:52:20',NULL,6,13,'2011-09-05','- Most commodity price increase as Muslims celebrate Idi Fitr.\r\n- Maize grain prices continue to drop in Kiboga and Gulu markets.\r\n- Milk prices drop in Mbarara Market.\r\n- High supply of Fish in Nakasero Market.','MarketAnalysisReport-05September2011.pdf',609649),
 (24,'2011-12-08 15:59:18',2,'2011-12-08 15:59:18',NULL,6,14,'2011-09-12','- Pineapples get scarce in Nakawa and Nakasero markets.\r\n- Matooke prices start to increase in the central markets.\r\n- Cavendish and Apple bananas prices stabilize with the end of the fasting season.\r\n- Maize flour prices drop further in Iganga markets.','MarketAnalysisReport-12September2011.pdf',603885),
 (25,'2011-12-08 16:05:40',2,'2011-12-08 16:05:40',NULL,6,15,'2011-09-19','- Matooke prices hike in Mbbarara, Kabale, Masaka markets.\r\n- Nile perch gets scarce in Mbarara market.\r\n- Milk prices escalate in Iganga.\r\n- Groundnuts prices are skyrocketing in Gulu market.\r\n- Agwede and Yellow beans prices drop in Lira Market.','MarketAnalysisReport-19September2011.pdf',604229),
 (26,'2011-12-08 16:12:26',2,'2011-12-08 16:12:27',NULL,6,16,'2011-09-26','- Dried beans prices drop in Kisoro, Lira and Gulu markets.\r\n- Tilapia and Nile perch prices increase in Arua and Fortportal markets.\r\n- Matooke prices increase in the central markets.\r\n- Groundnuts prices rise in Mbale market.\r\n- Fuel prices continue to soar up.','MarketAnalysisReport-26September2011.pdf',611344),
 (27,'2011-12-08 16:22:06',2,'2011-12-08 16:22:07',NULL,6,4,'2011-07-04','- Cowpeas prices start to drop.\r\n- Matooke prices continue to a follow a declining trend.\r\n- Nambale and Yellow beans prices continue to drop further.\r\n- Cassava Flour prices increase.\r\n- Prices of Groundnuts start to decline.\r\n- White fleshed sweet potatoes prices shot up\r\n- Maize grain and Flour prices escalate.','MarketAnalysisReport-04July2011.pdf',677327),
 (28,'2011-12-08 16:26:09',2,'2011-12-08 16:26:10',NULL,5,17,'2011-04-25','- Diesel prices continue to rise.\r\n- G.nut and Irish Potato price trends between January and April, 2011.\r\n- Rice scarcity in a number of markets.\r\n- Pork scarcity intensifies in Kiboga.','MarketAnalysisReport-25April2011.pdf',874448),
 (29,'2011-12-08 16:50:01',2,'2011-12-08 16:50:01',NULL,6,3,'2011-06-27','- Pineapples flood Nakawa, Jinja and Soroti Markets.\r\n- Irish potato prices start to decline.\r\n- Matooke prices continue to a follow a declining trend.\r\n- Nambale and Yellow beans prices continue to drop further.\r\n- Cassava Flour prices increase in Soroti, Mbale, Gulu and Arua Markets.\r\n- Prices of Exotic Chicken drop in Masaka and nakawa markets.\r\n- Cowpeas prices hiked.','MarketAnalysisReport-27June2011.pdf',680831),
 (30,'2011-12-09 09:11:36',2,'2011-12-09 09:11:37',NULL,5,16,'2011-04-18','- Fish prices soar as scarcity intensifies\r\n- Cassava and Groundnuts prices equally rise.\r\n- Beef prices hiked in a number of markets\r\n- Pineapple scarcity hits a number of markets.','MarketAnalysisReport-18April2011.pdf',960925),
 (31,'2011-12-09 09:18:13',2,'2011-12-09 09:27:54',2,5,22,'2011-05-23','- Ground Nut Prices continue to rise.\r\n- Maize grain price escalates as it increasingly becomes scarce.\r\n- Rice scarcity intensifies and hits into other markets.','MarketAnalysisReport-23May2011.pdf',675898),
 (32,'2011-12-09 09:29:26',2,'2011-12-09 09:29:28',NULL,5,21,'2011-05-16','- Ground Nut Prices continue to rise.\r\n- Maize increasingly becoming scarce.\r\n- Rice scarcity in the markets of Arua and Mbale.','MarketAnalysisReport-16May2011.pdf',665569),
 (33,'2011-12-09 09:50:25',2,'2011-12-09 09:50:26',NULL,5,8,'2011-03-28','- Fuel prices shoot up again.\r\n- Cassava prices rise in Mbale, Soroti, Gulu and Lira Markets.\r\n- Quarantine put on pig movement leads to pork scarcity\r\n- Matooke prices still up in Gulu, lira , Arua and Mbale markets\r\n- Yellow and Nambale beans prices increase in Arua and Gulu markets respectively','MarketAnalysisReport-28March2011.pdf',516155),
 (34,'2012-01-23 09:41:12',27,'2012-01-23 09:41:13',NULL,7,6,'2012-01-16','- Matooke prices continue to drop as harvesting goes on\r\n- Maize grain floods Iganga and Jinja Markets\r\n- Pineapple price drops in Iganga, Nakawa and Nakasero markers\r\n- Strike by traders in Kampala paralyses business in central market','MarketAnalysisReport-16January2012.pdf',909741),
 (35,'2012-01-25 08:36:46',27,'2012-01-25 08:36:46',NULL,7,7,'2012-01-23','	Price of local chicken drops in Iganga market.\r\n	Matooke prices continue to drop as harvesting goes on.\r\n	Price of cassava flour increases in Kisoro and Soroti markets\r\n	Fresh pineapples appear on Arua market.\r\n','MarketAnalysisReport-23January2012.pdf',883763),
 (37,'2012-02-01 08:46:40',27,'2012-02-01 08:46:40',NULL,7,3,'2011-12-19','- Local, exotic chicken prices rise in Arua and Iganga markets.\r\n- Matooke bunch gets scarce in Gulu, Iganga and Kisoro markets.\r\n- Pineapples remain scanty in most of the markets.\r\n- Maize grain floods Busia market.','MarketAnalysisReport-19December2011.pdf',893359),
 (38,'2012-02-01 09:43:12',60,'2012-02-01 11:27:01',60,6,17,'2011-10-03','Apple banana prices shot up in Iganga Market.\r\n- Exotic, Local Chicken prices shot up in most central markets.\r\n- Fresh Milk prices drop in Masaka market.\r\n- Tilapia fish prices escalate in Arua.\r\n- Scarcity of Matooke (bunch) evident in most markets.','MarketAnalysisReport-03October2011.pdf',91043),
 (39,'2012-02-01 10:06:08',27,'2012-02-02 15:59:59',30,7,8,'2012-01-30','- Cassava flour prices shot up in Arua market.\r\n- Matooke continues to flood most of the markets.\r\n- Dried beans prices increase as the new term begins.\r\n- Exotic and Local chicken prices escalate in Gulu, Kasese and Mbarara markets.\r\n','MarketAnalysisReport-30January2012.pdf',83245),
 (40,'2012-02-01 10:25:00',60,'2012-02-01 10:25:00',NULL,7,1,'2011-12-05','-Cassava flour dropped in price in Arua market.\r\n-Beans prices continue to drop in most of the markets as harvesting continues.\r\n- Matooke supply drops in Iganga market.\r\n-Exotic and local chicken increase in prices as Christmas appears.','MarketAnalysisReport-05December2011.pdf',84668),
 (41,'2012-02-01 10:28:03',60,'2012-02-01 10:28:03',NULL,7,2,'2011-12-12','Maize grain prices drop as they flood Arua, Busia, Gulu and Owino markets.\r\n- Dried beans prices continue to drop down in most of the markets.\r\n-Matooke prices fluctuate as -Christmas draws closer.\r\n-Millet prices drop in Arua market as supplies from Congo flood the market.','MarketAnalysisReport-12December2011.pdf',88157),
 (42,'2012-02-01 10:38:11',60,'2012-02-01 11:32:18',60,6,18,'2011-10-10','-Millet grain price drops as new harvests are anticipated to come in.\r\n-Maize grain and flour prices escalate in the central markets.\r\n- Irish Potatoes plenty in markets as harvesting kicks off.\r\n- Dried beans prices drop in Kiboga, Owino and Nakasero markets.','MarketAnalysisReport-10October2011.pdf',113780),
 (43,'2012-02-01 10:42:16',60,'2012-02-01 11:33:39',60,6,19,'2011-10-17','-Matooke prices escalate in Kabale, Masaka, and Kiboga markets.\r\n- Maize flour and grain prices continue to hike.\r\n- Milk in Plenty in Mbarara and Gulu markets.\r\n- Scarcity of pineapples hits most of the markets.\r\n- Dried beans prices continue to drop as fresh beans appear on the market','MarketAnalysisReport-17October2011.pdf',88153),
 (44,'2012-02-01 10:43:54',60,'2012-02-01 11:34:42',60,6,20,'2011-10-24','-Low demand of dried beans as harvesting goes on.\r\n- Fuel prices continue to raise at most fuel stations.\r\n- Local and Exotic chicken prices rose due to the Idi celebrations.\r\n- Pineapples flood Nakawa and Nakasero markets.','MarketAnalysisReport-24October2011.pdf',87686),
 (45,'2012-02-01 10:51:03',60,'2012-02-01 11:36:02',60,6,21,'2011-10-31','-Apple banana prices hike in Gulu Market.\r\n- Matooke prices continue to escalate in most of the central markets.\r\n--Dried beans prices continue to drop as harvesting goes on.\r\n- Fuel prices continue to increase affecting the final commodity prices.\r\n--Cow peas drops in price in Soroti market.','MarketAnalysisReport-31October2011.pdf',80735),
 (46,'2012-02-01 11:41:03',60,'2012-02-01 11:41:03',NULL,6,22,'2011-11-07','Matooke prices escalate in Kabale, Masaka, and Kiboga markets.\r\n- Maize flour and grain prices continue to hike.\r\n-Milk in Plenty in Mbarara and Gulu markets.\r\n- Scarcity of pineapples hits most of the markets.\r\n-Dried beans prices continue to drop as fresh beans appear on the market','MarketAnalysisReport-07November2011.pdf',88153),
 (47,'2012-02-01 11:42:32',60,'2012-02-01 11:42:32',NULL,6,23,'2011-11-14','Matooke prices escalate in Kabale, Masaka, and Kiboga markets.\r\n- Maize flour and grain prices continue to hike.\r\n-Milk in Plenty in Mbarara and Gulu markets.\r\n- Scarcity of pineapples hits most of the markets.\r\n-Dried beans prices continue to drop as fresh beans appear on the market','MarketAnalysisReport-14November2011.pdf',87686),
 (48,'2012-02-01 11:43:48',60,'2012-02-01 11:43:48',NULL,6,24,'2011-11-21','Apple banana prices hike in Gulu Market.\r\n-Matooke prices continue to escalate in most of the central markets.\r\n- Dried beans prices continue to drop as harvesting goes on.\r\n- Fuel prices continue to increase affecting the final commodity prices.\r\n- Cow peas drops in price in Soroti market.','MarketAnalysisReport-21November2011.pdf',80735),
 (49,'2012-02-16 09:29:32',60,'2012-02-16 09:29:33',NULL,7,9,'2012-02-06','-Milk gets scarce in most markets as the dry season goes on.\r\n-Matooke continues to flood most of the markets.\r\n-Maize grain plenty on the market as harvesting goes on.\r\n-Dried beans prices drop in -Kabale and Iganga markets.\r\n-Plenty of pineapples in Luweero, -Masaka and Bugerere as harvesting starts','MarketAnalysisReport-06February2012.pdf',871031),
 (50,'2012-02-21 10:19:40',30,'2012-02-21 10:19:40',NULL,7,11,'2012-02-20','This month has mainly been characterized with plenty in most of the commodities since it has been a dry season which is mainly characterized with harvesting of many commodities. ','MarketAnalysisReport-20February2012.pdf',817322),
 (51,'2012-02-28 11:08:42',30,'2012-02-28 11:08:42',NULL,7,12,'2012-02-27','Milk still scarce in Mbarara market.\r\nMatooke starts getting scarce in some markets.\r\nIrish potatoes get scarce in Kabale market.\r\nYellow, Agwede and Nambale beans prices escalate as the planting starts.','MarketAnalysisReport-27February2012.pdf',820214),
 (52,'2012-03-06 12:03:50',30,'2012-03-06 12:03:50',NULL,7,13,'2012-03-05','Maize grain prices hike as harvesting comes to an end.\r\nMatooke prices start to go up steadily.\r\nIrish potato prices shot up in the production areas.\r\nGroundnuts prices drop drastically in Arua market.\r\n','MarketAnalysisReport-05March2012.pdf',765414),
 (53,'2012-03-13 09:11:05',30,'2012-03-13 09:11:05',NULL,7,14,'2012-03-12','Plenty of maize and Matooke in Busia market.\r\nMatooke prices start to increase in most of the markets.\r\nDried beans prices go up in price in most of the markets.\r\nLocal and Exotic chicken shoot up on the Market.\r\nPineapples flood Busia market.\r\n','MarketAnalysisReport-12March2012.pdf',815671),
 (54,'2012-03-26 17:13:11',30,'2012-03-26 17:13:11',NULL,7,15,'2012-03-26','Milk supply reduces in Mbarara market.\r\nMatooke price starts to rise as Easter season nears.\r\nExotic Chicken prices go up in Mbale market as it is scarce on the market.\r\nPlenty of Agwede beans in Jinja market as harvesting goes on.\r\nNambale and Yellow beans skyrocket in Mbale market.','MarketAnalysisReport-26March2012.pdf',809909),
 (55,'2012-04-03 15:16:46',30,'2012-04-03 15:16:46',NULL,7,16,'2012-04-02','Maize grain gets scarce on the market.\r\nIrish potatoes hike up in price with its harvesting winding up.\r\nMatooke prices hike in most of the markets.\r\nLocal and exotic chicken prices skyrocket as Easter nears.\r\nMost cereals are scarce on the market as planting goes on.                                           \r\n','MarketAnalysisReport-02April2012.pdf',1127331),
 (56,'2012-04-10 16:59:55',30,'2012-04-10 16:59:55',NULL,7,17,'2012-04-09','Maize grain and Flour prices shot up in several markets.\r\nFresh milk scarce in Luweero Market.\r\nSorghum grain And Flour prices skyrocket in Gulu and Iganga markets.\r\nChicken (Local and Exotic) prices hiked during Easter.\r\nPineapple supply reduces in Iganga market.\r\n','MarketAnalysisReport-09April2012.pdf',1152213),
 (57,'2012-04-17 09:29:41',30,'2012-04-17 09:29:41',NULL,7,18,'2012-04-16','Matooke gets scarce in the markets prices go up.\r\nPrices normalize as the Easter break phases out.\r\nGrains Scarce on the market as planting goes on, demand is high.\r\nCow peas prices shot up in Kisoro market due to the poor harvests.\r\nGroundnuts price hikes in Gulu central market.\r\n','MarketAnalysisReport-16April2012.pdf',1201065),
 (58,'2012-04-24 13:30:01',30,'2012-04-24 13:30:01',NULL,7,19,'2012-04-23','Millet flour and grain prices skyrocket in most of the markets.\r\nIrish Potatoes get scarce on the market.\r\nMilk prices drop down in Mbarara market with plenty to feed on.\r\nMaize grain and flour goes up.\r\n','MarketAnalysisReport-23April2012.pdf',1175413),
 (59,'2012-05-02 11:54:25',30,'2012-05-02 11:54:25',NULL,7,20,'2012-04-30','Millet grain on high demand in Busia market.\r\nDried beans prices continue to shoot up due to scarcity.\r\nMatooke prices drop in Kasese market.\r\nMaize grain and flour continue to escalate with the increased demand.\r\nMost areas realize early rains, thus start of planting.\r\n','MarketAnalysisReport-30April2012.pdf',1201416),
 (60,'2012-05-08 14:47:04',30,'2012-05-08 14:47:04',NULL,7,21,'2012-05-07','High supply of Apple bananas realized in Iganga market\r\nPineapple in plenty in the central markets as Juba supply is cut off.\r\nPrice of Sorghum shoots up in Kiboga market because of scarcity.\r\nMillet grain and Flour is scarce in most of the markets.\r\n','MarketAnalysisReport-07May2012.pdf',1210011),
 (61,'2012-05-15 10:09:05',30,'2012-05-15 10:09:05',NULL,7,22,'2012-05-14',' Pineapples get cheaper in Arua and Iganga markets.\r\n Maize grain prices drop in a few markets.\r\n Irish potatoes escalate in Kabale as planting kicks off.\r\n Dried beans remain scarce on the market as schools open.\r\n Scanty Matooke was realized in Kabale market. \r\n','MarketAnalysisReport-14May2012.pdf',1213039),
 (62,'2012-05-21 16:12:49',30,'2012-05-21 16:12:49',NULL,7,23,'2012-05-21','Scarcity of yellow beans hits Arua, Gulu markets.\r\nKisoro realizes a hike in most Agricultural commodities.\r\nSundried cassava goes up in price in Mbale market.\r\nMilk in plenty in Mbarara market.\r\nKayiso rice price drops in Mbale market.\r\n','MarketAnalysisReport-21May2012.pdf',1111416),
 (63,'2012-05-29 12:46:25',30,'2012-05-29 12:46:30',NULL,7,24,'2012-05-28','Simsim scarcity hits Arua market.\r\nPineapples flood Masaka, Nakawa markets due to the high supply.\r\nMbarara as new harvests start to come in.\r\nCow peas prices shot up.\r\nKayiso rice prices continue to drop.\r\n','MarketAnalysisReport-28May2012.pdf',1139982),
 (64,'2012-06-05 09:45:17',30,'2012-06-05 09:45:17',NULL,8,1,'2012-06-04','Cowpeas prices continue to hike with the increased supplies.\r\nNewly harvested beans start appearing on the market.\r\nScarcity of Orange fleshed sweet potatoes in Kisoro market.\r\nPlenty of maize grain realized in Owino market.\r\nPrices of Honey processed drop in Iganga market.\r\n','MarketAnalysisReport-04June2012.pdf',1096306),
 (66,'2012-06-12 12:03:01',30,'2012-06-12 12:03:01',NULL,8,2,'2012-06-11','Pineapples flood most of the markets as harvesting begins.\r\nPrice of dried beans cuts as fresh ones appear on the market.\r\nIrish Potatoes prices start to drop as harvesting kicks off.\r\nMaize grain price drops in  Soroti market because of reduced demand\r\nPrice of Matooke continues to shoot up with the poor transport means.\r\n','MarketAnalysisReport-11June2012.pdf',786539),
 (68,'2012-06-19 12:50:02',30,'2012-06-19 12:50:02',NULL,8,3,'2012-06-18','Pineapples prices drop further as substitute commodities are in plenty.\r\nPrice of Irish potatoes drop in Kiboga with the increased supply.\r\nNakawa market realizes a drop in the price of Matooke bunch.\r\nFresh beans appear on the market leading to the fall in the prices.\r\nMillet grain and flour prices drop in Soroti and Arua markets.\r\n','MarketAnalysisReport-18June2012.pdf',807598),
 (69,'2012-06-28 09:27:00',30,'2012-06-28 09:27:00',NULL,8,4,'2012-06-25','Price of millet shoots up in Arua market\r\nPrice of beans continues to drop in the markets as harvesting goes on.\r\nIrish potatoes drop in Kabale market\r\nShortage of Milk in Luwero market\r\n','MarketAnalysisReport-25June2012.pdf',811873),
 (70,'2012-07-10 12:19:29',30,'2012-07-10 12:19:29',NULL,8,5,'2012-07-09','Cassava flour price gradually drops in Arua market.\r\nNew beans appear in most of the markets.\r\nPork hikes in Gulu due to disease outbreak.\r\nPineapples still in plenty in most of the markets\r\nScarcity of Beef and Goats meat in Arua market.\r\n','MarketAnalysisReport-09July2012.pdf',811873),
 (71,'2012-07-18 10:46:42',30,'2012-07-18 10:46:42',NULL,8,6,'2012-07-16','Millet grain prices drop in Owino as new harvests appear.\r\nCollection of market data starts in Nwoya, Amuru, Kitgum and Abim markets\r\nCommodity prices increase in kisoro market with the Congolese refugees coming in.\r\nLocal eggs scarce in most of the markets.\r\nYellow beans increase in price due to the high demand in Jinja market.\r\n','MarketAnalysisReport-16July2012.pdf',861408),
 (72,'2012-07-24 10:08:24',30,'2012-07-24 10:08:24',NULL,8,7,'2012-07-23','Super rice increases in Iganga Newly harvested groundnuts start coming in from Lira, Mbale and Fresh milk prices go up n Mbarara.\r\nScarcity of pork hits Arua market.\r\nCowpeas in plenty in Kabale and kisoro market due to the ongoing harvesting.\r\n','MarketAnalysisReport-23July2012.pdf',862797),
 (73,'2012-07-31 16:37:41',30,'2012-07-31 16:37:41',NULL,8,8,'2012-07-30','The holy month begins with high demand and supply of some commodities.\r\nApple bananas and Cavendish Bogoya scarce in Iganga and Mbale markets.\r\nPlenty of Pineapples in Busia market.\r\nMilk scarce in Luweero market.\r\nMost of the markets had the rice prices shoot up.\r\n','MarketAnalysisReport-30July2012.pdf',858661),
 (74,'2012-08-08 09:16:21',30,'2012-08-08 09:16:21',NULL,8,9,'2012-08-06','Increased supply of maize in Busia market.\r\nGroundnuts price drops in Jinja market as harvesting goes on.\r\nMilk gets scarce in Kabale market.\r\nCowpeas supply increases in Iganga market.\r\nBeef price drops in Soroti market.\r\n','MarketAnalysisReport-06August2012.pdf',851651),
 (75,'2012-08-14 09:59:26',30,'2012-08-14 09:59:26',NULL,8,10,'2012-08-13','Matooke prices gradually rise up in several markets.\r\nCowpeas prices drop in Mbale and Gulu markets.\r\nTurkeys in plenty in Soroti market thus reduced prices\r\nPineapples scarce in Arua market.\r\nCommodity prices shoot up as fasting is about to stop.\r\n','MarketAnalysisReport-13August2012.pdf',849590),
 (76,'2012-08-20 16:47:16',30,'2012-08-20 16:47:16',NULL,8,11,'2012-08-20','Prices escalate as Muslims plan to end the fasting season.\r\nMaize grain prices drop in Arua, Busia, Gulu, Kasese, Kiboga markets.\r\nMilk scarce in Kabale due to the prolonged drought.\r\nNo pork in Kiboga market as per last week.\r\nIrish potatoes price escalate in kisoro market as harvesting ends.\r\n','MarketAnalysisReport-20August2012.pdf',849590),
 (77,'2012-09-05 08:52:06',30,'2012-09-05 08:52:06',NULL,8,12,'2012-09-03','Dried beans prices shot up in Jinja market\r\nIncreased demand for local and exotic eggs in Amuru market.\r\nMatooke (bunch) rare in Busia market thus hiked prices.\r\nScarcity of Milk hits Kabale market because of the prolonged drought.\r\nSoya bean prices cut in Mbale market.\r\n','MarketAnalysisReport-03September2012.pdf',888371),
 (78,'2012-09-10 16:44:04',30,'2012-09-10 16:44:04',NULL,8,13,'2012-09-10','Goats meat price shoots up in Kiboga market\r\nDried beans go up in Mbarara as planting season starts.\r\nUpland rice price drops in Gulu markets as new harvests come in.\r\nApple bananas expensive in most markets due to the increased needs from buyers.\r\nPrice of turkey drops in Iganga market due to increased supply.\r\n','MarketAnalysisReport-10September2012.pdf',800998),
 (79,'2012-09-18 10:02:11',30,'2012-09-18 10:02:11',NULL,8,14,'2012-09-17','Tilapia Fish price goes up in Iganga market as Pineapple supply increases.\r\nPrice of Apple bananas and Cavendish Bogoya drops in Iganga Market.\r\nSun dried cassava prices hiked up in most markets as rains intensify.\r\nMatooke (bunch) gets expensive in most markets.\r\nPrice of Millet flour, Grain drops in Arua market.\r\n','MarketAnalysisReport-17September2012.pdf',735923),
 (80,'2012-09-24 16:58:09',30,'2012-09-24 16:58:09',NULL,8,15,'2012-09-24','Maize flour price drops in Arua market.\r\nMilk prices drop as the rains start in Luweero market.\r\nHigh supply of Turkey in Iganga market.\r\nMatooke prices continue to shoot up in most of the markets.\r\nSupply of Pineapples is high in most central markets.\r\n','MarketAnalysisReport-24September2012.pdf',704971),
 (81,'2012-10-02 10:31:16',30,'2012-10-02 10:31:16',NULL,8,16,'2012-10-01','Groundnuts prices shoot up in Arua market due to increased demand.\r\nDried beans prices drop as harvesting begins in most areas.\r\nMaize grain, Flour continues to drop as harvesting goes on.\r\nPineapples flood most of the market, leading to low prices.\r\nMilk in plenty.\r\n','MarketAnalysisReport-01October2012.pdf',704971),
 (82,'2012-10-10 12:55:12',30,'2012-10-10 12:55:12',NULL,8,17,'2012-10-08','Apple bananas, Cavendish (Bogoya) prices hike.\r\nPineapple supply reduces thus increased prices.\r\nTilapia fish prices drop in Nakawa market.\r\nLocal eggs prices increase with few suppliers.\r\nHoney processed, Unprocessed shot up in Iganga market.\r\n','MarketAnalysisReport-08October2012.pdf',795562),
 (83,'2012-10-16 12:05:14',30,'2012-10-16 12:05:14',NULL,8,18,'2012-10-15','Matooke prices shot up in most of the markets.\r\nPrice of cowpeas shoots up in kisoro market with reduced supply.\r\nLocal chicken prices high in Mbale and Nakasero markets.\r\nPineapples get scarce in most of the markets\r\nTurkey gets scarce in Soroti market, prices escalate\r\n','MarketAnalysisReport-15October2012.pdf',783816),
 (84,'2012-10-23 10:28:57',30,'2012-10-23 10:28:57',NULL,8,19,'2012-10-22','Tilapia prices escalate in Gulu market due to scarcity.\r\nPineapple prices increase as the season comes to an end.\r\nMatooke (bunch) prices drop in Kiboga market with the increased supply.\r\n	Sundried, Fermented cassava prices drop with because of increased supply.\r\nMilk in plenty in Mbarara market.\r\n','MarketAnalysisReport-22October2012.pdf',812026),
 (85,'2012-10-30 12:28:17',30,'2012-10-30 12:28:17',NULL,8,20,'2012-10-29','Local, Exotic chicken hike as Muslims celebrate Idi due to high demand.\r\nMilk prices drop in Iganga and Kiboga markets.\r\nThe price of Groundnuts skyrockets with the reduced supply in Jinja.\r\nPineapple scarcity hits most of the markets with the end of the harvesting season.\r\nBeef scarce in Kabale market.\r\n','MarketAnalysisReport-29October2012.pdf',831809),
 (86,'2012-11-06 15:03:50',30,'2012-11-06 15:03:50',NULL,8,21,'2012-11-05','Price of Irish Potatoes drops down in Kisoro as Harvesting kicks off.\r\nPoor sales in Kabale Market as people fear to visit the market (Marburg Disease)\r\nNo Beef in Gulu central market.\r\nMatooke (Bunch) Prices shot up in most of the markets.\r\nPineapples get scarce in most of the markets\r\n','MarketAnalysisReport-05November2012.pdf',813415),
 (87,'2012-11-13 10:03:02',30,'2012-11-13 10:03:02',NULL,8,22,'2012-11-12','Sorghum grain and flour prices drops in Arua market.\r\nTilapia fish prices escalate in Gulu market as scarcity of beef hits.\r\nSupply of pineapples drops in most of the markets.\r\nIncreased Supply of Irish Potatoes as harvesting starts in the area.\r\nTurkey prices drop in Mbale market as demand reduces.\r\n','MarketAnalysisReport-12November2012.pdf',834430),
 (88,'2012-11-21 13:33:08',30,'2012-11-21 13:33:08',NULL,8,23,'2012-11-19','Pineapples still scarce on the market.\r\nCowpeas price shot up in Gulu market due to the scarcity from the farmers.\r\nLittle supply of Tilapia Fish in Hoima market Leading to increase in prices.\r\nPlenty of Milk in mst of the markets.\r\n','MarketAnalysisReport-19November2012.pdf',821691),
 (89,'2012-11-27 17:10:22',30,'2012-11-27 17:10:22',NULL,8,24,'2012-11-26','Collection of data started in Mubende, Kamuli, Mutukula, Masindi,Koboko,Mpondwe and Katuna markets.\r\nSacrcity of Apple bananas hits Soroti market due to the banana wilt.\r\nIncreased supply of Pineapples  is realised in Mbarara market.\r\n	Irish Potatoes prices drops in most of the markets as harvesting kicks off.\r\nEscalated prices of Exotic eggs in Hoima market due to the increase in their feeds.\r\nPrices are expected to hike as the Christmas season draws nearer.\r\n','MarketAnalysisReport-26November2012.pdf',819289),
 (90,'2012-12-04 08:53:51',30,'2012-12-04 08:53:51',NULL,9,1,'2012-12-03','Milk prices drop in Kabale, Masaka markets due to increased supply\r\nSupply of rice has gone high in Lira market leading to reduction of prices.\r\nPlenty of Tilapia fish in Fort portal market.\r\nScarcity of Apple bananas hits Arua market.\r\nPineapple prices continue to hike on the market.\r\n','MarketAnalysisReport-03December2012.pdf',820089),
 (91,'2012-12-11 12:26:17',30,'2012-12-11 12:26:17',NULL,9,2,'2012-12-10','Pineapples continue to get scarce on the market.\r\nPrices of Kayiso rice skyrocket in Arua market.\r\n Most consumables get scarce in Kamuli due to the elections.\r\nExotic chicken prices go up in Mbale market due to reduced supply.\r\nIn masaka dry beans drop in price as freshones appear on the market.\r\nPlenty of Irish potatoes appear in Luweero market.','MarketAnalysisReport-10December2012.pdf',805799),
 (92,'2012-12-18 08:51:35',30,'2012-12-18 08:51:35',NULL,9,3,'2012-12-17','Coffee(Robusta) harvests kicks off in the areas of Kiboga.\r\nLocal, Exotic chicken prices shoot up in most of the markets with high demand.\r\nApple banana prices shot up in Iganga market.\r\nIrish Potatoes prices shoot up in Kisoro market due to the increased demand.\r\nTurkey supply drops in Iganga market thus the increased price.\r\n','MarketAnalysisReport-17December2012.pdf',814285),
 (93,'2013-01-09 08:07:50',30,'2013-01-09 08:07:50',NULL,9,5,'2013-01-07','The festive season was characterized by plenty of stocks in most of the markets as the demand was high during the period as many people were shopping in big quantities. This forced traders to hike many of the commodities as farmers also hiked their produce at the local level.  Among the commodities that were on high demand included chicken, beef, goats meat, Matooke and turkey among others since these are the mostly consumed commodities during this period.','MarketAnalysisReport-07January2013.pdf',808637),
 (94,'2013-01-15 10:58:34',30,'2013-01-15 10:58:34',NULL,9,6,'2013-01-14','Maize and Millet grains prices drop with the ongoing harvest season.\r\nChicken (local and Exotic) drops in Iganga, kamuli and Arua markets.\r\nMatooke bunch drops in several markets with the decreased demand.\r\nScarcity of Turkeys continues to hit Mbarara thus leading to hiked prices.\r\nScarcity of pineapple continues to hit most of the markets.\r\n','MarketAnalysisReport-14January2013.pdf',806656);
/*!40000 ALTER TABLE `marketanalysisreport` ENABLE KEYS */;


--
-- Definition of table `offer`
--

DROP TABLE IF EXISTS `offer`;
CREATE TABLE `offer` (
  `id` int(10) unsigned NOT NULL AUTO_INCREMENT,
  `contact` varchar(255) NOT NULL DEFAULT '',
  `commodityid` int(11) unsigned NOT NULL,
  `quantity` decimal(10,2) DEFAULT NULL,
  `price` int(11) unsigned NOT NULL,
  `locationid` int(11) unsigned NOT NULL,
  `offertype` tinyint(4) unsigned NOT NULL DEFAULT '0',
  `telephone` varchar(255) NOT NULL,
  `expirydate` date NOT NULL,
  `notes` varchar(500) DEFAULT '',
  `datecreated` datetime NOT NULL,
  `createdby` int(11) unsigned NOT NULL,
  `lastupdatedate` datetime DEFAULT NULL,
  `lastupdatedby` int(11) unsigned DEFAULT NULL,
  PRIMARY KEY (`id`),
  KEY `idx_offer_category_createdby` (`createdby`) USING BTREE,
  KEY `idx_offer_category_lastupdatedby` (`lastupdatedby`) USING BTREE,
  KEY `idx_offer_commodity` (`commodityid`) USING BTREE,
  KEY `idx_offer_location` (`locationid`) USING BTREE,
  CONSTRAINT `fk_offer_commodity` FOREIGN KEY (`commodityid`) REFERENCES `commodity` (`id`) ON DELETE CASCADE ON UPDATE CASCADE,
  CONSTRAINT `fk_offer_createdby` FOREIGN KEY (`createdby`) REFERENCES `useraccount` (`id`) ON DELETE CASCADE ON UPDATE CASCADE,
  CONSTRAINT `fk_offer_lastupdatedby` FOREIGN KEY (`lastupdatedby`) REFERENCES `useraccount` (`id`) ON DELETE CASCADE ON UPDATE CASCADE,
  CONSTRAINT `fk_offer_location` FOREIGN KEY (`locationid`) REFERENCES `location` (`id`) ON DELETE CASCADE ON UPDATE CASCADE
) ENGINE=InnoDB AUTO_INCREMENT=74 DEFAULT CHARSET=utf8;

--
-- Dumping data for table `offer`
--

/*!40000 ALTER TABLE `offer` DISABLE KEYS */;
INSERT INTO `offer` (`id`,`contact`,`commodityid`,`quantity`,`price`,`locationid`,`offertype`,`telephone`,`expirydate`,`notes`,`datecreated`,`createdby`,`lastupdatedate`,`lastupdatedby`) VALUES 
 (1,'Muwanga Micheal',5,'34.00',3000,10,0,'0414-100000','2011-01-01','This is a test offer to sell','2011-01-01 07:18:23',1,NULL,NULL),
 (2,'Nalongo Mugala',8,'25.00',3500,11,1,'0414-500000','2011-01-01','This is a test offer to buy','2011-01-01 07:18:23',1,NULL,NULL),
 (4,'Mugumya Stephen ',6,'850.00',800,44,0,'0757714630','2011-10-15','','2011-09-22 10:30:30',9,NULL,NULL),
 (5,'Jamir Basalirwa',17,'1000.00',7100,112,0,'0772624809','2011-09-30','Interested buyer should not come after 30th/9/2011 12pm ','2011-09-24 17:12:57',19,NULL,NULL),
 (6,'Rose',38,'500.00',40000,35,1,'0783000538','2011-10-31','based in nakasero market','2011-09-26 15:11:34',42,'2011-09-26 15:12:45',42),
 (7,'mugumya steven',6,'10000.00',800,44,0,'0757714630','2011-09-30','','2011-09-26 21:12:05',9,NULL,NULL),
 (8,'kalyango',156,'300.00',16000,44,0,'0757201010','2011-10-05','He works with kiboga central market.','2011-09-30 09:08:05',9,NULL,NULL),
 (9,'kanakulya Abbey',43,'3000.00',600,56,0,'0784663865/0700292972','2011-11-02','The price set on this offer doesn\\\\\\\'t mean its the least I can set, More negotiations can be carried on.','2011-10-19 14:42:12',34,'2011-10-19 14:43:37',34),
 (10,'Nyirangabe Mollen',23,'50.00',850,46,0,'0784088137','2011-10-31','Nyirangabe Mollen seeks buyers for her mbogoya in cluster form and also partion fruits.','2011-10-20 19:46:10',13,NULL,NULL),
 (11,'MUGISHA JANE',2,'120.00',3300,46,0,'0778431837','2011-10-31','Mugisha Jane seeks buyers for her peas.','2011-10-20 19:51:14',13,NULL,NULL),
 (12,'Uwase Pollin',139,'200.00',900,46,1,'0783947494','2011-10-31','Uwase Pollin is seeking buyers for her pineapples.','2011-10-27 17:50:45',13,NULL,NULL),
 (13,'Tumusiime Hariet',156,'700.00',15000,44,0,'0751814035','2011-11-03','She is in Kiboga central market','2011-10-28 16:04:45',9,NULL,NULL),
 (14,'Nanyonga marry',156,'300.00',14000,44,0,'0784400538','2011-11-25','She works with Kiboga central market .','2011-11-18 14:13:47',9,NULL,NULL),
 (15,'Mutambala Yusuf',19,'750.00',7500,112,0,'0782830492','2011-11-30','Serious buyers should come before 30.11.2011 after that they should not waste time to come.','2011-11-19 11:07:42',19,NULL,NULL),
 (16,'jude',171,'3600.00',400,56,0,'07022887769','2011-12-31','please the price is negotiable.','2011-11-30 18:32:04',34,NULL,NULL),
 (17,'Kalyango',156,'450.00',15000,44,0,'0781535962','2011-12-26','He works with Kiboga central market','2011-12-26 18:46:15',9,NULL,NULL),
 (18,'Paul Kabagambe',5,'120.00',2300,116,0,'0772123456','2012-01-20','this is a test','2012-01-17 07:53:15',27,NULL,NULL),
 (19,'Apangu John',13,'800.00',2600,15,0,'0773330010','2012-01-31','The simsim is available in Uriama Sub county of Arua District. More could also be mobilised','2012-01-18 12:20:40',24,NULL,NULL),
 (20,'Jude',34,'500.00',1200,56,0,'0702288769','2012-05-10','The prices are negotiable.','2012-01-26 16:46:20',34,NULL,NULL),
 (21,'Mugumya Stephen ',6,'8000.00',500,44,0,'0757714630','2012-02-20','','2012-02-15 12:54:02',9,NULL,NULL),
 (22,'Nakayingo Jane',156,'800.00',13000,44,0,'0753488745','2012-02-16','Works with Kiboga central market','2012-02-15 13:12:20',9,NULL,NULL),
 (23,'Judith Nabatanzi',28,'24000.00',16000,37,0,'0772402528','2012-04-04','Special offer for organic Honey','2012-03-07 15:46:34',58,'2012-03-07 15:48:08',58),
 (24,'jude',6,'800.00',500,56,0,'0702288769','1970-01-01','Its fresh and negotiable price.','2012-03-15 15:45:07',34,NULL,NULL),
 (25,'Nanyonga Mary',55,'1500.00',350,44,0,'0784400538','2012-03-25','','2012-03-19 20:35:41',9,NULL,NULL),
 (26,'Okula Jimmy',139,'10000.00',2500,44,0,'0775940391','2012-03-30','','2012-03-19 20:50:13',9,NULL,NULL),
 (27,'Sekayombya Peter',156,'150.00',13000,44,0,'0754091107','2012-03-24','','2012-03-19 21:11:20',9,NULL,NULL),
 (28,'Kirunda Habib',43,'1000.00',400,44,0,'0753617446','2012-04-30','This cassava fresh garden is located in Kiboga Town Council','2012-04-12 15:37:15',9,NULL,NULL),
 (29,'Baker',6,'2000000.00',800,35,1,'0702355601','2012-06-30','Its a company operating within Kampala Region ','2012-04-12 15:51:43',9,NULL,NULL),
 (31,'Kirunda Habib',43,'10000.00',400,44,0,'0753617446','2012-04-30','Garden is in Kiboga Town Council. \r\n','2012-04-12 16:37:01',9,NULL,NULL),
 (32,'Mrs Habib ',43,'150000.00',350,44,0,'0772393760','2012-05-15','Located in Kiboga Town Council','2012-04-13 10:20:46',9,NULL,NULL),
 (33,'Baker',6,'2000000.00',800,35,1,'0702355601','2012-06-30','They are operating in Kampala district','2012-04-13 10:23:07',9,'2012-09-11 10:38:05',30),
 (34,'Daniel Ocom',4,'400.00',3000,77,0,'0782611456','2012-06-30','Unshelled groundnuts serenut 2 available in soroti .Price negotiable thats just tentative','2012-04-25 16:07:15',30,NULL,NULL),
 (35,'SSEMAKABANYA ANDREW',22,'2000.00',5800,44,0,'0779892308','2012-06-30','These are 20 castrated bulls each one has more than 100kgs, the total number of kgms are 2000kgs.','2012-04-27 13:03:59',9,NULL,NULL),
 (36,'SSEMAKABANYA ANDREW',22,'2000.00',5800,44,0,'0779892308','2012-06-30','These are 20 castrated bulls each has more than 100kgms, the total number of kgms are 2000kgms.','2012-04-27 13:24:26',9,NULL,NULL),
 (37,'Mukiibi',43,'3000.00',300,56,0,'0782387554','2012-08-14','The price is totally negotiable. For the schools it can be a supplement.','2012-05-04 12:34:43',34,NULL,NULL),
 (38,'Ssemakabanya Andrew',22,'20000.00',5800,44,0,'0779892308','2012-06-30','There are 20 in number leading to total of 2000kgs because each one has more than 100kgs.','2012-05-04 13:25:10',9,NULL,NULL),
 (39,'Isooba alex',6,'6000.00',1100,112,0,'0772532762','2012-05-09','there will be transportation from village to town if serious buyer.','2012-05-07 12:19:37',19,NULL,NULL),
 (40,'Jude',6,'1500.00',1000,56,0,'0702288769','2012-08-31','The price is negotiable','2012-05-11 17:12:56',34,NULL,NULL),
 (42,'MUBIRU BADRU',47,'200.00',1400,42,1,'0759099371','2012-06-08','NEEDED IN TIME','2012-06-02 10:28:53',68,NULL,NULL),
 (43,'min apila',19,'98.00',7000,47,0,'0775699494','2012-06-29','first come first served','2012-06-22 11:21:18',30,NULL,NULL),
 (45,'nakayingo jane',156,'1000.00',11000,44,0,'0751814033','2012-06-30','singo type and medium size','2012-06-26 12:14:13',9,NULL,NULL),
 (46,'nabukenya grace',45,'3000.00',600,44,0,'0775072494','2012-07-10','She works with kiboga central market','2012-06-26 12:37:43',9,NULL,NULL),
 (47,'nanyonga mary',156,'900.00',12000,44,0,'0784400538','2012-07-05','She works with kiboga central market and its a medium size.','2012-06-26 12:53:47',9,NULL,NULL),
 (48,'Ojok Charles',157,'10.00',5000,109,1,'0787314106','2012-07-15','The prices breads are fairly good .','2012-07-09 14:52:11',83,'2012-07-09 15:17:29',83),
 (49,'Ojara Martin',23,'256.00',1800,109,1,'0775978374','2012-07-29','The cavendish ( Bogoya ) doest take long to get damage.','2012-07-24 08:21:34',83,NULL,NULL),
 (50,'Muhirwe Benard',64,'3000.00',800,29,0,'0784546699','2012-08-30','He has the best matooke.','2012-07-28 21:28:36',69,NULL,NULL),
 (51,'Muhirwe Benard',64,'3000.00',800,29,0,'0784546699','2012-08-30','He has the best matooke.','2012-07-28 21:29:30',69,NULL,NULL),
 (52,'kalyango',156,'800.00',13000,44,0,'0757201010','2012-08-10','','2012-08-02 16:21:09',9,NULL,NULL),
 (53,'Semogerere',139,'10000.00',1600,44,0,'0752216375','2012-08-08','','2012-08-02 16:47:55',9,NULL,NULL),
 (54,'Byamukama Philip',16,'1000.00',9000,29,0,'0779796206','2012-09-28','Best quality.','2012-08-17 13:00:45',30,'2012-08-17 13:01:54',30),
 (55,'Nanyonga Mary',55,'2000.00',400,44,0,'0784400538','2012-08-30','They are ten sacks but each one is expected to have 200 kgs.\r\n','2012-08-21 15:40:35',9,NULL,NULL),
 (56,'Kikwatamigo',4,'3400.00',1650,27,0,'0773157767','2012-09-15','the ground nuts being offered are stii in their husks and price is negitiable however the given is the maximum.However price may increase according to the demand so the ealier the better','2012-08-27 11:01:14',12,NULL,NULL),
 (57,'munoga agnes',43,'6000.00',400,44,0,'+25672620996','2012-09-15','It is still in the garden.','2012-09-04 23:07:45',9,NULL,NULL),
 (58,'agnes munoga',43,'8000.00',400,44,0,'+256772620996','2012-09-15','it is 1 km from kiboga central market.','2012-09-11 22:44:59',9,NULL,NULL),
 (59,'Kirunda Habib',43,'4000.00',300,44,0,'0753617446','2012-10-31','Within Kiboga Town Council ','2012-10-09 09:52:07',9,NULL,NULL),
 (60,'Abonga Francis',4,'1542.00',1500,109,0,'0775978374','2013-10-10','They are in good gualities','2012-10-13 09:18:46',83,NULL,NULL),
 (61,'kirunda habib',43,'5000.00',300,44,0,'0753612446','2012-10-30','its half km from kiboga town council.','2012-10-19 23:02:22',9,NULL,NULL),
 (62,'Hajjati Nalongo Safina',14,'3000.00',1750,112,0,'0771623670','2012-10-28','It is a Edhi offer after the 28.10.12, the price may change,first come first serve.','2012-10-24 12:21:10',19,NULL,NULL),
 (63,'nakayingo jane',156,'1200.00',14000,44,0,'0753488745','2012-11-10','','2012-11-03 23:16:20',9,NULL,NULL),
 (64,'billy',44,'5000.00',300,44,0,'0771681850','2012-11-30','its 5 kms from kiboga central market.','2012-11-08 21:43:17',9,NULL,NULL),
 (65,'nanyonga marry',156,'2000.00',14000,44,0,'0756307474','2012-11-20','','2012-11-08 22:01:14',9,NULL,NULL),
 (66,'nanyonga marry',156,'2000.00',14000,44,0,'0756307474','2012-11-20','','2012-11-14 17:51:24',9,NULL,NULL),
 (67,'nanyonga marry',156,'2000.00',14000,44,0,'0756307474','2012-11-20','','2012-11-14 18:14:32',9,NULL,NULL),
 (68,'nabukenya grace',4,'3000.00',3400,44,0,'0773942395','2012-11-30','','2012-11-23 11:48:21',9,NULL,NULL),
 (69,'nabukenya grace',4,'3000.00',3400,44,0,'0773942395','2012-11-30','','2012-11-23 12:09:23',9,NULL,NULL),
 (70,'Masitula Nangobi',44,'5000.00',1250,112,0,'0772532762','2012-11-30','After the expire of 30.11.12 the offer will not be there as she has staked it, so first come,first serve.','2012-11-28 12:04:36',19,NULL,NULL),
 (71,'muzeeyi',19,'500.00',10000,44,0,'0752413190','2012-12-30','it\'s only broilers.','2012-12-10 09:29:51',9,NULL,NULL),
 (72,'billy',44,'4000.00',350,44,0,'non','2012-12-20','not yet hervested','2012-12-11 13:26:53',9,NULL,NULL),
 (73,'Busingye Winfred',34,'1600.00',800,29,0,'0774173699','2013-01-31','They are still fresh.','2012-12-12 10:37:37',69,NULL,NULL);
/*!40000 ALTER TABLE `offer` ENABLE KEYS */;


--
-- Definition of table `organisation`
--

DROP TABLE IF EXISTS `organisation`;
CREATE TABLE `organisation` (
  `id` int(11) unsigned NOT NULL AUTO_INCREMENT,
  `name` varchar(150) NOT NULL,
  `abbreviation` varchar(25) DEFAULT NULL,
  `address` varchar(500) NOT NULL,
  `logo` varchar(55) DEFAULT NULL,
  `phone` varchar(50) NOT NULL,
  `fax` varchar(50) DEFAULT NULL,
  `email` varchar(255) DEFAULT NULL,
  `website` varchar(255) DEFAULT NULL,
  `subscriptionexpirydate` datetime NOT NULL,
  `datecreated` datetime NOT NULL,
  `createdby` int(11) unsigned NOT NULL,
  `lastupdatedate` datetime DEFAULT NULL,
  `lastupdatedby` int(11) unsigned DEFAULT NULL,
  `parentid` int(11) unsigned DEFAULT NULL,
  PRIMARY KEY (`id`),
  UNIQUE KEY `name_UNIQUE` (`name`),
  KEY `fk_organisation_createdby` (`createdby`),
  KEY `fk_organisation_lastupdatedby` (`lastupdatedby`),
  KEY `fk_organisation_parentid` (`parentid`),
  CONSTRAINT `fk_organisation_createdby` FOREIGN KEY (`createdby`) REFERENCES `useraccount` (`id`) ON DELETE CASCADE ON UPDATE CASCADE,
  CONSTRAINT `fk_organisation_lastupdatedby` FOREIGN KEY (`lastupdatedby`) REFERENCES `useraccount` (`id`) ON DELETE CASCADE ON UPDATE CASCADE,
  CONSTRAINT `fk_organisation_parentid` FOREIGN KEY (`parentid`) REFERENCES `organisation` (`id`) ON DELETE CASCADE ON UPDATE CASCADE
) ENGINE=InnoDB AUTO_INCREMENT=4 DEFAULT CHARSET=utf8;

--
-- Dumping data for table `organisation`
--

/*!40000 ALTER TABLE `organisation` DISABLE KEYS */;
INSERT INTO `organisation` (`id`,`name`,`abbreviation`,`address`,`logo`,`phone`,`fax`,`email`,`website`,`subscriptionexpirydate`,`datecreated`,`createdby`,`lastupdatedate`,`lastupdatedby`,`parentid`) VALUES 
 (1,'Rwenzori Information centres Network ','RICNET','','logo_1318578835.png','','','','','0000-00-00 00:00:00','2011-10-12 17:09:21',2,'2011-11-29 12:05:18',27,NULL),
 (2,'ACTED','ACTED','','logo_1318578083.png','','','','','0000-00-00 00:00:00','2011-10-12 17:15:00',2,'2011-10-14 10:41:23',1,NULL),
 (3,'asghdgfahsd','asd','asda','logo_1321455723.png','','','','','0000-00-00 00:00:00','2011-11-16 17:58:06',2,'2011-11-16 18:04:34',2,NULL);
/*!40000 ALTER TABLE `organisation` ENABLE KEYS */;


--
-- Definition of table `organisationdistrict`
--

DROP TABLE IF EXISTS `organisationdistrict`;
CREATE TABLE `organisationdistrict` (
  `id` int(11) unsigned NOT NULL AUTO_INCREMENT,
  `districtid` int(11) unsigned NOT NULL,
  `organisationid` int(11) unsigned NOT NULL,
  PRIMARY KEY (`id`),
  KEY `fk_organisationdistrict_organisationid` (`organisationid`),
  KEY `fk_organisationdistrict_districtid` (`districtid`),
  CONSTRAINT `fk_organisationdistrict_districtid` FOREIGN KEY (`districtid`) REFERENCES `location` (`id`) ON DELETE CASCADE ON UPDATE CASCADE,
  CONSTRAINT `fk_organisationdistrict_organisationid` FOREIGN KEY (`organisationid`) REFERENCES `organisation` (`id`) ON DELETE CASCADE ON UPDATE CASCADE
) ENGINE=InnoDB AUTO_INCREMENT=12 DEFAULT CHARSET=utf8 ROW_FORMAT=COMPACT;

--
-- Dumping data for table `organisationdistrict`
--

/*!40000 ALTER TABLE `organisationdistrict` DISABLE KEYS */;
INSERT INTO `organisationdistrict` (`id`,`districtid`,`organisationid`) VALUES 
 (1,21,1),
 (2,116,1),
 (3,37,1),
 (4,10,2),
 (5,82,2),
 (6,49,2),
 (7,62,2),
 (8,67,2),
 (9,40,1),
 (10,85,1),
 (11,51,1);
/*!40000 ALTER TABLE `organisationdistrict` ENABLE KEYS */;


--
-- Definition of table `pricecategory`
--

DROP TABLE IF EXISTS `pricecategory`;
CREATE TABLE `pricecategory` (
  `id` int(10) unsigned NOT NULL AUTO_INCREMENT,
  `name` varchar(150) NOT NULL,
  `description` varchar(500) DEFAULT NULL,
  `datecreated` datetime NOT NULL,
  `createdby` int(11) unsigned NOT NULL,
  `lastupdatedate` datetime DEFAULT NULL,
  `lastupdatedby` int(11) unsigned DEFAULT NULL,
  PRIMARY KEY (`id`),
  UNIQUE KEY `unique_price_category_name` (`name`),
  KEY `fk_price_category_createdby` (`createdby`),
  KEY `fk_price_category_lastupdatedby` (`lastupdatedby`),
  CONSTRAINT `fk_commodity_category_createdby0` FOREIGN KEY (`createdby`) REFERENCES `useraccount` (`id`) ON DELETE CASCADE ON UPDATE CASCADE,
  CONSTRAINT `fk_commodity_category_lastupdatedby0` FOREIGN KEY (`lastupdatedby`) REFERENCES `useraccount` (`id`) ON DELETE CASCADE ON UPDATE CASCADE
) ENGINE=InnoDB AUTO_INCREMENT=11 DEFAULT CHARSET=utf8;

--
-- Dumping data for table `pricecategory`
--

/*!40000 ALTER TABLE `pricecategory` DISABLE KEYS */;
INSERT INTO `pricecategory` (`id`,`name`,`description`,`datecreated`,`createdby`,`lastupdatedate`,`lastupdatedby`) VALUES 
 (1,'Retail Price','Prices from retail outlets such as supermarkets, buduuka etc ','2011-03-29 15:46:44',1,'2011-04-06 14:38:11',1),
 (2,'Market Price','Commodity prices from markets','2011-03-29 16:08:08',1,'2011-04-06 14:37:34',1),
 (3,'Organic Price','prices of organic products from NOGAMU ','2011-03-29 16:08:53',1,'2011-04-06 14:37:53',1),
 (4,'Fuel Price','Locations for fuel prices','2011-05-20 12:15:27',1,NULL,NULL),
 (5,'Input Price','Agricultural Inputs','2011-09-16 23:41:00',27,'2011-09-16 23:44:36',27),
 (6,'LGMIS District Price','District Price','2012-02-01 23:41:00',1,NULL,NULL),
 (7,'LGMIS Crop Sector','LGMIS Crop Sector','2012-02-01 23:41:00',1,NULL,NULL),
 (8,'LGMIS Livestock Sector','LGMIS Livestock Sector','2012-02-01 23:41:00',1,NULL,NULL),
 (9,'LGMIS Handcraft Sector','LGMIS Handcraft Sector','2012-02-01 23:41:00',1,NULL,NULL),
 (10,'LGMIS Fishing Sector','LGMIS Fishing Sector','2012-02-01 23:41:00',1,NULL,NULL);
/*!40000 ALTER TABLE `pricecategory` ENABLE KEYS */;


--
-- Definition of table `pricesource`
--

DROP TABLE IF EXISTS `pricesource`;
CREATE TABLE `pricesource` (
  `id` int(11) unsigned NOT NULL AUTO_INCREMENT,
  `name` varchar(255) DEFAULT '',
  `contactperson` varchar(100) DEFAULT NULL,
  `phone` varchar(50) NOT NULL,
  `email` varchar(255) CHARACTER SET latin1 DEFAULT '',
  `address` varchar(500) NOT NULL,
  `notes` varchar(1000) CHARACTER SET utf8 COLLATE utf8_unicode_ci DEFAULT '',
  `datecreated` datetime NOT NULL,
  `createdby` int(11) unsigned NOT NULL,
  `lastupdatedate` datetime DEFAULT NULL,
  `lastupdatedby` int(11) unsigned DEFAULT NULL,
  `locationid` int(11) unsigned NOT NULL,
  `applicationtype` tinyint(3) unsigned NOT NULL,
  PRIMARY KEY (`id`),
  KEY `fk_pricesource_location` (`locationid`) USING BTREE,
  KEY `index_pricesource_applicationtype` (`applicationtype`),
  CONSTRAINT `fk_pricesource_location` FOREIGN KEY (`locationid`) REFERENCES `location` (`id`) ON DELETE CASCADE ON UPDATE CASCADE
) ENGINE=InnoDB AUTO_INCREMENT=167 DEFAULT CHARSET=utf8;

--
-- Dumping data for table `pricesource`
--

/*!40000 ALTER TABLE `pricesource` DISABLE KEYS */;
INSERT INTO `pricesource` (`id`,`name`,`contactperson`,`phone`,`email`,`address`,`notes`,`datecreated`,`createdby`,`lastupdatedate`,`lastupdatedby`,`locationid`,`applicationtype`) VALUES 
 (1,'Arua Market','XXX','+256 XXX XXXXXX','','Arua','','2011-04-04 15:20:44',1,'2011-05-19 17:29:48',1,15,0),
 (2,'Kalerwe Market','XXX','+256 XXX XXXXXX','','Kalerwe','','2011-04-04 15:20:44',1,'2011-05-19 17:30:08',1,35,0),
 (3,'Mbale Market','XXX','+256 XXX XXXXXX','','Mbale','','2011-04-04 15:20:44',1,'2011-05-20 11:44:43',1,59,0),
 (4,'Mbarara Market','XXX','+256 XXX XXXXXX','','Mbarara','','2011-04-04 15:20:44',1,'2011-05-19 17:30:56',1,60,0),
 (5,'Nakasero Market','XXX','+256 XXX XXXXXX','','Nakasero','','2011-04-04 15:20:44',1,'2011-05-19 17:34:46',1,35,0),
 (6,'Soroti Market','XXX','+256 XXX XXXXXX','','Soroti','','2011-04-04 15:20:44',1,'2011-05-19 17:34:11',1,77,0),
 (7,'Busia Market','XXX','+256 XXX XXXXXX','','Busia','','2011-04-04 15:20:44',1,'2011-05-19 17:34:33',1,24,0),
 (8,'Fort Portal Market','XXX','+256 XXX XXXXXX','','Fort Portal','','2011-04-04 15:20:44',1,'2011-05-19 17:35:36',1,116,0),
 (9,'Nakawa Market','XXX','+256 XXX XXXXXX','','Nakawa','','2011-04-04 15:20:44',1,'2011-05-19 17:35:54',1,35,0),
 (10,'Owino Market','XXX','+256 XXX XXXXXX','','Owino','','2011-04-04 15:20:44',1,'2011-05-19 17:36:16',1,35,0),
 (11,'Gulu Market','XXX','+256 XXX XXXXXX','','Gulu','','2011-04-04 15:20:44',1,'2011-05-19 17:37:07',1,8,0),
 (12,'Kabale Market','XXX','+256 XXX XXXXXX','','Kabale','','2011-04-04 15:20:44',1,'2011-05-19 17:37:19',1,114,0),
 (13,'Hoima Market','XXX','+256 XXX XXXXXX','','Hoima','','2011-04-04 15:20:44',1,'2011-05-19 17:37:35',1,27,0),
 (14,'Iganga Market','XXX','+256 XXX XXXXXX','','Iganga','','2011-04-04 15:20:44',1,'2011-05-19 17:37:55',1,112,0),
 (15,'Jinja Market','XXX','+256 XXX XXXXXX','','Jinja','','2011-04-04 15:20:44',1,'2011-05-19 17:38:28',1,30,0),
 (16,'Kapchorwa Market','XXX','+256 XXX XXXXXX','','Kapchorwa','','2011-04-04 15:20:44',1,'2011-05-19 17:40:35',1,39,0),
 (17,'Kasese Market','XXX','+256 XXX XXXXXX','','Kasese','','2011-04-04 15:20:44',1,'2011-05-19 17:38:49',1,40,0),
 (18,'Kisoro Market','XXX','+256 XXX XXXXXX','','Kisoro','','2011-04-04 15:20:44',1,'2011-05-19 17:39:07',1,46,0),
 (19,'Kiboga Market','XXX','+256 XXX XXXXXX','','Kiboga','','2011-04-04 15:20:44',1,'2011-05-19 17:39:43',1,44,0),
 (20,'Lira Market','XXX','+256 XXX XXXXXX','','Lira','','2011-04-04 15:20:44',1,'2011-05-19 17:39:59',1,52,0),
 (21,'Luwero Market','XXX','+256 XXX XXXXXX','','Luwero','','2011-04-04 15:20:44',1,'2011-05-19 17:40:47',1,53,0),
 (22,'Masaka Market','XXX','+256 XXX XXXXXX','','Masaka','','2011-04-04 15:20:44',1,'2011-05-19 17:41:02',1,56,0),
 (27,'Ben Kiwanuka','','+256XXXXXXX','','Kampala','','2011-05-20 12:18:32',1,'2011-05-20 12:19:17',1,35,0),
 (28,'Nogamu','','+256312264039','admin@nogamu.co.ug','Plot 957 Galukande Close,\r\nOff Tank Hill Rd. Kabalagala\r\nP.O Box 70071, Kampala \r\nUganda\r\n','Source for organic prices.','2011-05-23 12:27:55',1,'2011-09-09 13:12:58',27,35,0),
 (29,'Kenjoy Supermarket','','+256XXXXXXX','','Kampala','','2011-05-23 18:18:03',1,NULL,NULL,35,0),
 (30,'Kikubo Lane','','+256XXXXXXX','','Kampala','','2011-05-23 18:19:23',1,NULL,NULL,35,0),
 (31,'Shell Nakawa','','xxxx','','Nakawa, Kampala','','2011-05-30 12:12:48',1,NULL,NULL,35,0),
 (38,'Total kabale','','0773205424','','kabale','','2011-09-20 11:49:47',30,NULL,NULL,114,0),
 (46,'caltex Luweero','Rebeccah','0774091166','rebeccah@yahoo.com','Luwero','','2011-09-21 14:07:31',30,NULL,NULL,53,0),
 (47,'Shell Kasese','Regina','0779594913','kabonesaregina@yahoo.com','Kasese','','2011-09-21 14:09:21',30,NULL,NULL,40,0),
 (48,'Kobil Kasese','Regina','0779594913','kabonesaregina@yahoo.com','Kasese','','2011-09-21 14:10:25',30,NULL,NULL,40,0),
 (49,'Shell Kiboga','Bukenya','0751814035','bukenya_h@yahoo.com','Kiboga','','2011-09-21 14:16:20',30,NULL,NULL,44,0),
 (50,'Kobil Kiboga','Bukenya','0751814035','bukenya_h@yahoo.com','Kiboga','','2011-09-21 14:18:18',30,NULL,NULL,44,0),
 (51,'shell Kabale','Tadeo','0782743366','tadeombasiima@yahoo.com','Kabale','','2011-09-21 14:29:44',30,NULL,NULL,114,0),
 (52,'Kobil Kabale','Tadeo','0782743366','tadeombasiima@yahoo.com','Kabale','','2011-09-21 14:31:35',30,NULL,NULL,114,0),
 (53,'Agaba Kabale','Tadeo','0782743366','tadeombasiima@yahoo.com','Kabale','','2011-09-21 14:33:19',30,NULL,NULL,114,0),
 (54,'Gapco Kabale','Tadeo','0782743366','tadeombasiima@yahoo.com','Kabale','','2011-09-21 14:34:26',30,NULL,NULL,114,0),
 (55,'Total Kalerwe','Jackson','0777668092','mayobwejackson@gmail.com','Kampala','','2011-09-21 14:41:14',30,NULL,NULL,35,0),
 (56,'Shell Kalerwe','Jackson','0777668092','mayobwejackson@gmail.com','Kampala','','2011-09-21 14:43:00',30,NULL,NULL,35,0),
 (57,'Caltex Hoima','Zaidi','0784802859','kakoozazaidi@gmail.com','Hoima','','2011-09-21 14:47:05',30,NULL,NULL,27,0),
 (58,'Shell Hoima','Kakooza','0784802859','kakoozazaidi@gmail.com','Hoima','','2011-09-21 14:49:49',30,NULL,NULL,27,0),
 (59,'Kobil Hoima','Kakooza','0784802859','kakoozazaidi@gmail.com','Hoima','','2011-09-21 14:51:23',30,NULL,NULL,27,0),
 (60,'Total Iganga','Musa','0773861086','balikoowamusa@yahoo.com','Iganga','','2011-09-21 14:53:16',30,NULL,NULL,112,0),
 (61,'Shell Iganga','Musa','0773861086','balikoowamusa@yahoo.com','Iganga','','2011-09-21 14:54:11',30,NULL,NULL,112,0),
 (62,'Caltex Iganga','Musa','0773861086','balikoowamusa@yahoo.com','Iganga','','2011-09-21 14:55:23',30,NULL,NULL,112,0),
 (63,'Gapco Iganga','Musa','0773861086','balikoowamusa@yahoo.com','Iganga','','2011-09-21 14:59:25',30,NULL,NULL,112,0),
 (64,'Hared Iganga','Musa','0773861086','balikoowamusa@yahoo.com','Iganga','','2011-09-21 15:00:22',30,NULL,NULL,112,0),
 (65,'Engen Iganga','Musa','0773861086','balikoowamusa@yahoo.com','Iganga','','2011-09-21 15:01:20',30,NULL,NULL,112,0),
 (66,'Delta Iganga','Musa','0773861086','balikoowamusa@yahoo.com','Iganga','','2011-09-21 15:02:14',30,NULL,NULL,112,0),
 (67,'Kobil Iganga','Musa','0773861086','balikoowamusa@yahoo.com','Iganga','','2011-09-21 15:03:06',30,NULL,NULL,112,0),
 (68,'shell Gulu','Abama','0782410517','ugandaruraldevelopmentinitiative@yahoo.com	','Gulu','','2011-09-21 15:09:30',30,NULL,NULL,8,0),
 (69,'Kobil Gulu','Abama','0782410517','ugandaruraldevelopmentinitiative@yahoo.com','Gulu','','2011-09-21 15:10:58',30,NULL,NULL,8,0),
 (70,'Hass Mbale','Odeke','0774406073','charlesodeke@yahoo.com','Mbale','','2011-09-21 15:14:02',30,NULL,NULL,59,0),
 (71,'Gapco Mbale','Odeke','0774406073','charlesodeke@yahoo.com','Mbale','','2011-09-21 15:16:12',30,NULL,NULL,59,0),
 (72,'Total Mbale','Odeke','0774406073','charlesodeke@yahoo.com','Mbale','','2011-09-21 15:17:27',30,NULL,NULL,59,0),
 (73,'Hared Mbale','Odeke','0774406073','charlesodeke@yahoo.com','Mbale','','2011-09-21 15:19:11',30,NULL,NULL,59,0),
 (74,'Petrol Mbale','Odeke','0774406073','charlesodeke@yahoo.com','Mbale','','2011-09-21 15:20:51',30,NULL,NULL,59,0),
 (75,'Morgan Mbale','Odeke','0774406073','charlesodeke@yahoo.com','Mbale','','2011-09-21 15:21:52',30,NULL,NULL,59,0),
 (76,'Shell Nakasero','Nakasero','0757742574','walugeo@gmail.com','Kampala','','2011-09-21 15:30:09',30,NULL,NULL,35,0),
 (77,'Total Nakasero','Geofrey','0757742574','walugeo@gmail.com','Kampala','','2011-09-21 15:31:39',30,NULL,NULL,35,0),
 (78,'Total Mbarara','Naome','0774988640','naomenassazi@gmail.com','Mbarara','','2011-09-21 15:33:12',30,NULL,NULL,60,0),
 (79,'Petrol Mbarara','Naome','0774988640','naomenassazi@gmail.com','Mbarara','','2011-09-21 15:34:26',30,NULL,NULL,60,0),
 (80,'Kobil Mbarara','Naome','0774988640','naomenassazi@gmail.com','Mbarara','','2011-09-21 15:37:08',30,NULL,NULL,60,0),
 (81,'Hass Mbarara','Naome','0774988640','naomenassazi@gmail.com','Mbarara','','2011-09-21 15:38:26',30,NULL,NULL,60,0),
 (82,'Kobil  Nakawa','Godfrey','0782962208','walubogodfrey@yahoo.com','Kampala','','2011-09-21 15:41:18',30,NULL,NULL,35,0),
 (83,'Shell Soroti','Ocharo','0773904334','ocharobenjmin@yahoo.com','Soroti','','2011-09-21 15:49:48',30,NULL,NULL,77,0),
 (84,'Kobil Soroti','Ocharo','0773904334','ocharobenjmin@yahoo.com','Soroti','','2011-09-21 15:50:37',30,NULL,NULL,77,0),
 (85,'Shell Owino','Mulumba','0774873921','mmackarious@yahoo.com','Kampala','','2011-09-21 15:53:35',30,NULL,NULL,35,0),
 (86,'Kobil Owino','Mulumba','0774873921','mmackarious@yahoo.com','Kampala','','2011-09-21 15:54:34',30,NULL,NULL,35,0),
 (87,'Total Jinja','Richard','0773001137','mukwanarichard@yahoo.com','Jinja','','2011-09-21 15:57:18',30,NULL,NULL,30,0),
 (88,'Shell Arua ','Henry','0782310866','achadri@yahoo.com','Arua','','2011-09-21 16:13:54',30,NULL,NULL,15,0),
 (89,'Kobil Arua','Henry','0782310866','achadri@yahoo.com','Arua','','2011-09-21 16:15:06',30,NULL,NULL,15,0),
 (90,'Shell Kisoro','Solomon','0752733077','basazash@yahoo.co.uk','Kisoro','','2011-09-21 16:16:38',30,NULL,NULL,46,0),
 (91,'Kobil Kisoro','Solomon','0752733077','basazash@yahoo.co.uk','Kisoro','','2011-09-21 16:18:37',30,NULL,NULL,46,0),
 (92,'Shell Fortportal','Diana','0712381652','kemd3130@yahoo.com','Kabarole','','2011-09-21 16:22:27',30,NULL,NULL,116,0),
 (93,'Total Fortportal','Diana','0712381652','kemd3130@yahoo.com','Kabarole','','2011-09-21 16:23:25',30,NULL,NULL,116,0),
 (94,'Fuellex Fortportal','Diana','0712381652','kemd3130@yahoo.com','Kabarole','','2011-09-21 16:24:26',30,NULL,NULL,116,0),
 (95,'Gapco Fortportal','Diana','0712381652','kemd3130@yahoo.com','Kabarole','','2011-09-21 16:25:34',30,NULL,NULL,116,0),
 (96,'Shell Lira','Abu','0702654335','abuyazedisabirye@yahoo.com','Lira','','2011-09-21 16:29:01',30,NULL,NULL,52,0),
 (97,'Kobil Lira','Abu','0702654335','abuyazedisabirye@yahoo.com','Lira','','2011-09-21 16:30:21',30,NULL,NULL,52,0),
 (98,'Rhino Lira','Abu','0702654335','abuyazedisabirye@yahoo.com','Lira','','2011-09-21 16:31:52',30,NULL,NULL,52,0),
 (99,'Caltex Lira','Abu','0702654335','abuyazedisabirye@yahoo.com','Lira','','2011-09-21 16:33:00',30,NULL,NULL,52,0),
 (100,'Totall Lira','Abu','0702654335','abuyazedisabirye@yahoo.com','Lira','','2011-09-21 16:34:11',30,NULL,NULL,52,0),
 (101,'Petrol City','Abu','0702654335','abuyazedisabirye@yahoo.com','Lira','','2011-09-21 16:35:38',30,NULL,NULL,52,0),
 (102,'Gapco','Abu','0702654335','abuyazedisabirye@yahoo.com','Lira','','2011-09-21 16:36:48',30,NULL,NULL,52,0),
 (103,'Shell Masaka','Ronny','0701096454','ronnlytrust@yahoo.com','masaka','','2011-09-23 11:22:36',30,NULL,NULL,56,0),
 (104,'Kobil Masaka','Ronny','0701096454','ronnlytrust@yahoo.com','masaka','','2011-09-23 11:23:52',30,NULL,NULL,56,0),
 (105,'Shell Busia','Henry','0772-687725','henrybwire83@yahoo.com','Busia','','2011-09-23 11:57:02',30,NULL,NULL,24,0),
 (106,'Hared Busia','Henry','0772-687725','henrybwire83@yahoo.com','Busia','','2011-09-23 11:57:53',30,NULL,NULL,24,0),
 (107,'BUR Busia','Henry','0772-687725','henrybwire83@yahoo.com','Busia','','2011-09-23 11:58:45',30,NULL,NULL,24,0),
 (108,'Kabundaire','Byamukama Tadeo','256772123456','','Kabarole District','','2011-11-23 12:05:21',27,'2011-12-07 14:32:36',27,116,1),
 (109,'Iganga Farmers Choice','','+2567******','','Iganga','','2011-11-21 11:33:12',2,'2011-11-28 14:30:58',2,112,0),
 (110,'Chebukat Gen Stores','','+2567******','','Kapchorwa','','2011-11-21 11:36:49',2,'2011-11-28 14:31:03',2,39,0),
 (111,'Rwenzori Agriculture Development Centre Farm','','+2567******','','Kasese','','2011-11-21 11:37:25',2,'2011-11-28 14:28:34',2,40,0),
 (112,'Otuke Private Sector Enterprises Ltd','','+2567******','','Lira','','2011-11-21 11:42:07',2,'2011-11-28 14:28:57',2,52,0),
 (113,'AGRICOLA Services','','+2567******','','Mbale','','2011-11-21 11:43:02',2,'2011-11-28 14:29:27',2,59,0),
 (114,'Shunya Yetana CBO','','+2567******','','Mbale','','2011-11-21 12:20:17',2,'2011-11-28 14:31:09',2,59,0),
 (115,'New Iganga Farm Supply','','+2567******','','Iganga','','2011-11-21 12:20:55',2,'2011-11-28 14:30:31',2,112,0),
 (116,'Karatunga Farm Supply','','+2567******','','Masindi','','2011-11-21 11:33:12',2,'2011-11-28 14:38:41',2,57,0),
 (117,'Mugusu','Byamukama Tadeo','256777363208','','Kabarole District','','2011-11-29 12:10:05',27,'2011-12-07 14:23:17',27,116,1),
 (118,'Rwensasi','Kyomuhendo Steven','256774503956','','KRIC','','2011-12-07 14:14:04',27,'2011-12-07 14:34:26',27,85,1),
 (119,'Mugasani','','256774503956','','KRIC','','2011-12-07 14:16:06',27,NULL,NULL,85,1),
 (120,'Mpondwe','','256777526338','','BIC','','2011-12-07 14:18:03',27,NULL,NULL,40,1),
 (121,'Mawa','Isingoma John Patrick','256772391521','','BRIC','','2011-12-07 14:22:37',27,'2011-12-07 17:14:22',27,40,1),
 (122,'Nyahuka','Musoke Wilson','256778823581','','CIS','','2011-12-07 14:31:13',27,NULL,NULL,21,1),
 (123,'Kamwenge','Khainza Rebbecca','256774928017','','KACOICE','Every Monday','2011-12-07 14:38:08',27,NULL,NULL,37,1),
 (124,'Railway','Khainza Rebbecca','256774928017','','KACOICE','','2011-12-07 14:40:41',27,NULL,NULL,37,1),
 (125,'Shell Kayunga','','0782803754','','Kayunga','','2012-02-10 10:30:46',27,NULL,NULL,42,0),
 (126,'Kobil Kayunga','','0782803754','','Kayunga','','2012-02-10 10:31:46',27,NULL,NULL,42,0),
 (127,'Caltex Isingiro','','0781465494 ','','Isingiro','','2012-02-10 10:32:47',27,NULL,NULL,29,0),
 (128,'Petrocity Isingiro','','0783557707 ','','Isingiro','','2012-02-10 10:33:59',27,NULL,NULL,29,0),
 (129,'Nwoya Market','Denis Odo','0776364988','denisodo83@yahoo.com','Nwoya District','','2012-02-13 11:28:54',27,NULL,NULL,109,0),
 (130,'Kayunga Market','Namutebi christine','0782803754','namutebi_christine@yahoo.com','kayunga','','2012-02-17 08:07:50',30,NULL,NULL,42,0),
 (131,'Isingiro Market','Abaasa Deus','0779799308','deusabaasa@yahoo.com','Isingiro','','2012-02-17 08:13:23',30,NULL,NULL,29,0),
 (132,'Kitgum Market','KINYERA JACOB','0775591591','aoryem@yahoo.com','Kitgum','','2012-03-14 12:32:30',30,NULL,NULL,47,0),
 (133,'Amuru Market','ODO DENNIS','0776364988','denisodo83@yahoo.com','Amuru','','2012-03-14 14:27:07',30,NULL,NULL,14,0),
 (134,'Abim Market','OKOO JASPER','0773109100','Okoo.sabiti@yahoo.com','Abim','','2012-03-14 14:34:52',30,NULL,NULL,10,0),
 (135,'Abim District Price Source','Coming Soon','2567XXXXXXX','','Abim','','2011-11-29 12:10:05',1,NULL,NULL,10,2),
 (136,'Amuru District Price Source','Coming Soon','2567XXXXXXX','','Amuru','','2011-12-07 14:14:04',1,NULL,NULL,14,2),
 (137,'Arua District Price Source','Coming Soon','2567XXXXXXX','','Arua','','2011-12-07 14:16:06',1,NULL,NULL,15,2),
 (138,'Busia District Price Source','Coming Soon','2567XXXXXXX','','Busia','','2011-12-07 14:18:03',1,NULL,NULL,24,2),
 (139,'Kayunga District Price Source','Coming Soon','2567XXXXXXX','','Kayunga','','2011-12-07 14:22:37',1,NULL,NULL,42,2),
 (140,'Kitgum District Price Source','Coming Soon','2567XXXXXXX','','Kitgum','','2011-12-07 14:31:13',1,NULL,NULL,47,2),
 (141,'Nwoya District Price Source','Coming Soon','2567XXXXXXX','','Nwoya','','2011-12-07 14:38:08',1,NULL,NULL,109,2),
 (142,'Arua Municipality Price Source','Coming Soon','2567XXXXXXX','','Arua Municipality','','2011-12-07 14:38:08',1,NULL,NULL,43380,2),
 (143,'Busia Municipality Price Source','Coming Soon','2567XXXXXXX','','Busia Municipality','','2011-12-07 14:38:08',1,NULL,NULL,43381,2),
 (144,'Shell Kitgum','KINYERA JACOB','0775591591','kinyera.jacoboryem@rocketmail.com','Kitgum','','2012-06-28 11:43:16',30,NULL,NULL,47,0),
 (145,'Total Kitgum','KINYERA JACOB','0775591591','kinyera.jacoboryem@rocketmail.com','kitgum','','2012-06-28 11:47:24',30,NULL,NULL,47,0),
 (146,'shell Nwoya','OJOK CHARLES','0787314106','Charlesojok30@gmail.com','Nwoya','','2012-07-09 15:19:20',30,NULL,NULL,109,0),
 (147,'Kamuli Market','','0772584622','baligeyas@gmail.com','Kamuli','','2012-11-15 13:01:26',2,NULL,NULL,36,0),
 (148,'Mubende Market','','0772645104','','Mubende','','2012-11-15 13:03:43',2,NULL,NULL,65,0),
 (149,'Mpondwe Market','','0782743252','','Kasese','','2012-11-15 13:07:14',2,NULL,NULL,40,0),
 (150,'Masindi Market','','0782305654','','Masindi','','2012-11-15 13:08:28',2,'2012-11-15 13:09:00',2,57,0),
 (151,'Mutukula Market','','0717557854','','Rakai','','2012-11-15 13:10:49',2,NULL,NULL,120,0),
 (152,'Katuna Market','','0785824286','','Kabale','','2012-11-15 13:11:39',2,NULL,NULL,114,0),
 (153,'Koboko Market','','0779202443','','Koboko','','2012-11-15 13:12:40',2,NULL,NULL,48,0),
 (154,'Shell','Jackson','0772645104','jacksonkalyesubula@gmail.com','mubende','','2012-11-20 09:04:46',30,NULL,NULL,65,0),
 (155,'Total','Jackson','0772645104','jacksonkalyesubula@gmail.com','Mubende','','2012-11-20 09:06:15',30,NULL,NULL,65,0),
 (156,'Petro','Jackson','0772645104','jacksonkalyesubula@gmail.com','Mubende','','2012-11-20 09:07:25',30,NULL,NULL,65,0),
 (157,'Shell Kamuli','Baligeya','0772584622','baligeyas@gmail.com','Kamuli','','2012-11-20 09:22:02',30,NULL,NULL,36,0),
 (158,'Gapco Kamuli','Baligeya','0772584622','baligeyas@gmail.com','Kamuli','','2012-11-20 09:23:12',30,NULL,NULL,36,0),
 (159,'Total Kamuli','Baligeya','0772584622','baligeyas@gmail.com','Kamuli','','2012-11-20 09:24:09',30,NULL,NULL,36,0),
 (160,'Total Masindi','Robert','0782305654','kiwanku@yahoo.com','Masindi','','2012-11-20 09:25:44',30,NULL,NULL,57,0),
 (161,'Petro Masindi','Robert','0782305654','kiwanku@yahoo.com','Masindi','','2012-11-20 09:26:56',30,NULL,NULL,57,0),
 (162,'Shell Koboko',' INASIO','0779202443','goinasio@gmail.com','Koboko','','2012-11-20 09:32:57',30,NULL,NULL,48,0),
 (163,'Abu Koboko','INASIO','0779202443','goinasio@gmail.com','Koboko','','2012-11-20 09:33:54',30,NULL,NULL,48,0),
 (164,'Rio Oil Mutukula','Joseph','0717557854','Oburejoseph96@gmail.com','Mutukula','','2012-11-21 12:23:15',30,NULL,NULL,56,0),
 (165,'Masaka District Price Source','Coming soon','2567XXXXXXX','','Masaka','','2013-05-05 16:13:27',338,NULL,NULL,56,2),
 (166,'Lira District Price Source','Coming soon','2567XXXXXXX','','Lira','','2013-05-05 17:25:16',339,NULL,NULL,52,2);
/*!40000 ALTER TABLE `pricesource` ENABLE KEYS */;


--
-- Definition of table `pricesourcecategory`
--

DROP TABLE IF EXISTS `pricesourcecategory`;
CREATE TABLE `pricesourcecategory` (
  `id` int(10) unsigned NOT NULL AUTO_INCREMENT,
  `pricesourceid` int(11) unsigned DEFAULT NULL,
  `pricecategoryid` int(11) unsigned NOT NULL,
  PRIMARY KEY (`id`),
  UNIQUE KEY `unique_pricesource_pricecategory` (`pricecategoryid`,`pricesourceid`),
  KEY `fk_pricesourcecategory_pricesourceid` (`pricesourceid`),
  CONSTRAINT `fk_pricesourcecategory_pricecategoryid` FOREIGN KEY (`pricecategoryid`) REFERENCES `pricecategory` (`id`) ON DELETE CASCADE ON UPDATE CASCADE,
  CONSTRAINT `fk_pricesourcecategory_pricesourceid` FOREIGN KEY (`pricesourceid`) REFERENCES `pricesource` (`id`) ON DELETE CASCADE ON UPDATE CASCADE
) ENGINE=InnoDB AUTO_INCREMENT=187 DEFAULT CHARSET=utf8;

--
-- Dumping data for table `pricesourcecategory`
--

/*!40000 ALTER TABLE `pricesourcecategory` DISABLE KEYS */;
INSERT INTO `pricesourcecategory` (`id`,`pricesourceid`,`pricecategoryid`) VALUES 
 (28,29,1),
 (29,30,1),
 (1,1,2),
 (2,2,2),
 (3,3,2),
 (4,4,2),
 (5,5,2),
 (6,6,2),
 (7,7,2),
 (8,8,2),
 (9,9,2),
 (10,10,2),
 (11,11,2),
 (12,12,2),
 (13,13,2),
 (14,14,2),
 (15,15,2),
 (16,16,2),
 (17,17,2),
 (18,18,2),
 (19,19,2),
 (20,20,2),
 (21,21,2),
 (22,22,2),
 (116,108,2),
 (125,117,2),
 (126,118,2),
 (127,119,2),
 (128,120,2),
 (129,121,2),
 (130,122,2),
 (131,123,2),
 (132,124,2),
 (137,129,2),
 (139,130,2),
 (141,131,2),
 (142,132,2),
 (143,133,2),
 (144,134,2),
 (167,147,2),
 (168,148,2),
 (169,149,2),
 (170,150,2),
 (171,151,2),
 (172,152,2),
 (173,153,2),
 (27,28,3),
 (23,27,4),
 (30,31,4),
 (39,38,4),
 (54,46,4),
 (55,47,4),
 (56,48,4),
 (57,49,4),
 (58,50,4),
 (59,51,4),
 (60,52,4),
 (61,53,4),
 (62,54,4),
 (63,55,4),
 (64,56,4),
 (65,57,4),
 (66,58,4),
 (67,59,4),
 (68,60,4),
 (69,61,4),
 (70,62,4),
 (71,63,4),
 (72,64,4),
 (73,65,4),
 (74,66,4),
 (75,67,4),
 (76,68,4),
 (77,69,4),
 (78,70,4),
 (79,71,4),
 (80,72,4),
 (81,73,4),
 (82,74,4),
 (83,75,4),
 (84,76,4),
 (85,77,4),
 (86,78,4),
 (87,79,4),
 (88,80,4),
 (89,81,4),
 (90,82,4),
 (91,83,4),
 (92,84,4),
 (93,85,4),
 (94,86,4),
 (95,87,4),
 (96,88,4),
 (97,89,4),
 (98,90,4),
 (99,91,4),
 (100,92,4),
 (101,93,4),
 (102,94,4),
 (103,95,4),
 (104,96,4),
 (105,97,4),
 (106,98,4),
 (107,99,4),
 (108,100,4),
 (109,101,4),
 (110,102,4),
 (111,103,4),
 (112,104,4),
 (113,105,4),
 (114,106,4),
 (115,107,4),
 (133,125,4),
 (134,126,4),
 (135,127,4),
 (136,128,4),
 (138,130,4),
 (140,131,4),
 (164,144,4),
 (165,145,4),
 (166,146,4),
 (174,154,4),
 (175,155,4),
 (176,156,4),
 (177,157,4),
 (178,158,4),
 (179,159,4),
 (180,160,4),
 (181,161,4),
 (182,162,4),
 (183,163,4),
 (184,164,4),
 (121,109,5),
 (122,110,5),
 (117,111,5),
 (118,112,5),
 (119,113,5),
 (123,114,5),
 (120,115,5),
 (124,116,5),
 (155,135,6),
 (156,136,6),
 (157,137,6),
 (158,138,6),
 (159,139,6),
 (160,140,6),
 (161,141,6),
 (162,142,6),
 (163,143,6),
 (185,165,6),
 (186,166,6);
/*!40000 ALTER TABLE `pricesourcecategory` ENABLE KEYS */;


--
-- Definition of table `session`
--

DROP TABLE IF EXISTS `session`;
CREATE TABLE `session` (
  `id` char(32) NOT NULL DEFAULT '',
  `modified` int(11) DEFAULT NULL,
  `lifetime` int(11) DEFAULT NULL,
  `data` mediumtext,
  PRIMARY KEY (`id`)
) ENGINE=InnoDB DEFAULT CHARSET=utf8;

--
-- Dumping data for table `session`
--

/*!40000 ALTER TABLE `session` DISABLE KEYS */;
INSERT INTO `session` (`id`,`modified`,`lifetime`,`data`) VALUES 
 ('0afg8g3uvf2c5u6mmjvnmaisb7',1367790290,21104000,'Default|a:24:{s:11:\"initialized\";b:1;s:15:\"applicationtype\";s:1:\"2\";s:6:\"errors\";s:0:\"\";s:14:\"successmessage\";s:0:\"\";s:10:\"formvalues\";a:0:{}s:6:\"userid\";s:3:\"340\";s:9:\"firstname\";s:3:\"Jin\";s:8:\"lastname\";s:8:\"Browning\";s:5:\"email\";s:28:\"test5@devmail.infomacorp.com\";s:8:\"marketid\";N;s:14:\"organisationid\";N;s:10:\"districtid\";s:2:\"56\";s:12:\"districtname\";s:6:\"Masaka\";s:21:\"districtpricesourceid\";s:3:\"165\";s:23:\"districtpricesourcename\";s:28:\"Masaka District Price Source\";s:3:\"arq\";s:443:\"SELECT h.id, l.name AS `Location`, co.name AS `Commodity`, h.materialsource AS `Material Source`, h.`materialtype` AS `Material Type`, h.`market` AS `Markets`, h.`creditsource` AS `Sources of Credit`, h.quarter as `Quarter` FROM handcraftinformation AS h LEFT JOIN location l ON (h.locationid = l.id) LEFT JOIN commodity co ON (h.commodityid = co.id) where h.id <>\'\'  AND h.quarter = \'2012.3\'  AND h.locationid = \'56\'  ORDER BY h.enddate DESC \";s:3:\"crq\";s:456:\"SELECT h.id, l.name AS `Location`, co.name AS `Commodity`, h.materialsource AS `Material Source`, h.`materialtype` AS `Material Type`, h.`market` AS `Markets`, h.`creditsource` AS `Sources of Credit`, h.quarter as `Quarter` FROM handcraftinformation AS h LEFT JOIN location l ON (h.locationid = l.id) LEFT JOIN commodity co ON (h.commodityid = co.id) where h.id <>\'\'  AND h.quarter = \'2012.3\'  AND h.locationid = \'56\'  ORDER BY h.enddate DESC   LIMIT 0, 25\";s:34:\"list_query_stringlocationstatistic\";a:4:{s:10:\"controller\";s:17:\"locationstatistic\";s:6:\"action\";s:4:\"list\";s:6:\"module\";s:7:\"default\";s:13:\"l__locationid\";s:2:\"56\";}s:42:\"list_query_stringbusinessdirectorycategory\";a:3:{s:10:\"controller\";s:25:\"businessdirectorycategory\";s:6:\"action\";s:4:\"list\";s:6:\"module\";s:7:\"default\";}s:31:\"list_query_stringbusinesssector\";a:4:{s:10:\"controller\";s:14:\"businesssector\";s:6:\"action\";s:4:\"list\";s:6:\"module\";s:7:\"default\";s:13:\"c__locationid\";s:2:\"56\";}s:27:\"list_query_stringcropsector\";a:5:{s:10:\"controller\";s:10:\"cropsector\";s:6:\"action\";s:18:\"cropsectorinfolist\";s:7:\"quarter\";s:6:\"2013:2\";s:6:\"module\";s:7:\"default\";s:13:\"c__locationid\";s:2:\"56\";}s:32:\"list_query_stringinputproduction\";a:4:{s:10:\"controller\";s:15:\"inputproduction\";s:6:\"action\";s:4:\"list\";s:6:\"module\";s:7:\"default\";s:13:\"l__locationid\";s:2:\"56\";}s:32:\"list_query_stringlivestocksector\";a:4:{s:10:\"controller\";s:15:\"livestocksector\";s:6:\"action\";s:4:\"list\";s:6:\"module\";s:7:\"default\";s:14:\"ls__locationid\";s:2:\"56\";}s:32:\"list_query_stringhandcraftsector\";a:5:{s:10:\"controller\";s:15:\"handcraftsector\";s:6:\"action\";s:23:\"handcraftsectorinfolist\";s:7:\"quarter\";s:6:\"2012:3\";s:6:\"module\";s:7:\"default\";s:13:\"h__locationid\";s:2:\"56\";}}'),
 ('2utevnq8ik126nkraa0e95vm73',1367759158,21104000,''),
 ('5g78sffefrvlckq5q187k424b6',1367759160,21104000,'Default|a:5:{s:11:\"initialized\";b:1;s:15:\"applicationtype\";i:2;s:6:\"errors\";s:0:\"\";s:14:\"successmessage\";s:0:\"\";s:10:\"formvalues\";a:0:{}}'),
 ('969u1gi6ogo5dnfau0eb9mg5v1',1367790737,21104000,'Default|a:20:{s:11:\"initialized\";b:1;s:15:\"applicationtype\";i:2;s:6:\"errors\";s:0:\"\";s:14:\"successmessage\";s:0:\"\";s:10:\"formvalues\";a:0:{}s:6:\"userid\";s:3:\"340\";s:9:\"firstname\";s:3:\"Jin\";s:8:\"lastname\";s:8:\"Browning\";s:5:\"email\";s:28:\"test5@devmail.infomacorp.com\";s:8:\"marketid\";N;s:14:\"organisationid\";N;s:10:\"districtid\";s:2:\"56\";s:12:\"districtname\";s:6:\"Masaka\";s:21:\"districtpricesourceid\";s:3:\"165\";s:23:\"districtpricesourcename\";s:28:\"Masaka District Price Source\";s:3:\"arq\";s:601:\"SELECT t.id AS touristattractionid, t.name AS `Name`, t.physicallocation AS `Physical Location`, t.contact AS `Contact`, sc.name AS `Sub-County`, t.touristattractions AS `Tourist Attractions`, t.priceoffers AS `Price Offers`, t.accomodation AS `Accomodation`, t.entertainment AS `Entertainment`, t.transport AS `Transport`, t.booking AS `Booking`, t.tourpackages AS `Tour Packages`, t.otherservices AS `Other Services`, d.name as District, t.image  FROM touristattraction AS t LEFT JOIN location sc ON t.subcountyid = sc.id INNER JOIN location d  WHERE t.districtid = \'56\'GROUP BY t.id ORDER BY t.name\";s:3:\"crq\";s:613:\"SELECT t.id AS touristattractionid, t.name AS `Name`, t.physicallocation AS `Physical Location`, t.contact AS `Contact`, sc.name AS `Sub-County`, t.touristattractions AS `Tourist Attractions`, t.priceoffers AS `Price Offers`, t.accomodation AS `Accomodation`, t.entertainment AS `Entertainment`, t.transport AS `Transport`, t.booking AS `Booking`, t.tourpackages AS `Tour Packages`, t.otherservices AS `Other Services`, d.name as District, t.image  FROM touristattraction AS t LEFT JOIN location sc ON t.subcountyid = sc.id INNER JOIN location d  WHERE t.districtid = \'56\'GROUP BY t.id ORDER BY t.name  LIMIT 0, 1\";s:32:\"list_query_stringlivestocksector\";a:5:{s:10:\"controller\";s:15:\"livestocksector\";s:6:\"action\";s:4:\"list\";s:7:\"quarter\";s:6:\"2013:2\";s:6:\"module\";s:7:\"default\";s:14:\"ls__locationid\";s:2:\"56\";}s:32:\"list_query_stringhandcraftsector\";a:5:{s:10:\"controller\";s:15:\"handcraftsector\";s:6:\"action\";s:4:\"list\";s:7:\"quarter\";s:6:\"2013:2\";s:6:\"module\";s:7:\"default\";s:13:\"h__locationid\";s:2:\"56\";}s:22:\"list_query_stringlgmis\";a:4:{s:10:\"controller\";s:5:\"lgmis\";s:6:\"action\";s:17:\"touristattraction\";s:2:\"id\";s:2:\"56\";s:6:\"module\";s:7:\"default\";}}'),
 ('r3e7nqlv6bmtt86s31ciu9od11',1367790300,21104000,'Default|a:19:{s:11:\"initialized\";b:1;s:15:\"applicationtype\";i:2;s:6:\"errors\";s:0:\"\";s:14:\"successmessage\";s:0:\"\";s:10:\"formvalues\";a:0:{}s:6:\"userid\";s:1:\"1\";s:9:\"firstname\";s:6:\"System\";s:8:\"lastname\";s:13:\"Administrator\";s:5:\"email\";s:21:\"admin@veritracker.com\";s:8:\"marketid\";N;s:14:\"organisationid\";N;s:10:\"districtid\";N;s:16:\"organisationname\";s:5:\"AGMIS\";s:12:\"abbreviation\";s:5:\"AGMIS\";s:4:\"logo\";s:17:\"infotradelogo.png\";s:12:\"settingslink\";s:130:\"<li><a href=\"/agmisl/public/appconfig/overview\" title=\"Application Settings\">Settings</a><span class=\"toplinkspacer\">|</span></li>\";s:3:\"arq\";s:266:\"select r.id AS id, aug.groupid AS `groupid`, aug.userid AS `userid`, r.name AS `Name`, r.name AS `Group`, r.description AS Description from `aclgroup` `r` left join `aclusergroup` `aug` on(`r`.`id` = `aug`.`groupid`) WHERE name <> \'\'  GROUP BY id  ORDER BY name ASC \";s:3:\"crq\";s:279:\"select r.id AS id, aug.groupid AS `groupid`, aug.userid AS `userid`, r.name AS `Name`, r.name AS `Group`, r.description AS Description from `aclgroup` `r` left join `aclusergroup` `aug` on(`r`.`id` = `aug`.`groupid`) WHERE name <> \'\'  GROUP BY id  ORDER BY name ASC   LIMIT 0, 10\";s:21:\"list_query_stringrole\";a:3:{s:10:\"controller\";s:4:\"role\";s:6:\"action\";s:4:\"list\";s:6:\"module\";s:7:\"default\";}}');
/*!40000 ALTER TABLE `session` ENABLE KEYS */;


--
-- Definition of table `statistic`
--

DROP TABLE IF EXISTS `statistic`;
CREATE TABLE `statistic` (
  `id` int(11) unsigned NOT NULL AUTO_INCREMENT,
  `type` int(11) unsigned NOT NULL,
  `value` varchar(500) NOT NULL,
  `unitid` int(11) unsigned DEFAULT '16',
  `description` varchar(500) DEFAULT NULL,
  `locationid` int(11) unsigned DEFAULT NULL,
  `createdby` int(11) unsigned NOT NULL,
  `datecreated` datetime NOT NULL,
  `lastupdatedate` datetime DEFAULT NULL,
  `lastupdatedby` int(11) unsigned DEFAULT NULL,
  PRIMARY KEY (`id`),
  KEY `fk_statistic_createdby` (`createdby`),
  KEY `fk_statistic_lastupdatedby` (`lastupdatedby`),
  KEY `fk_statistic_locationid` (`locationid`),
  KEY `fk_statistic_unitid` (`unitid`),
  CONSTRAINT `fk_statistic_createdby` FOREIGN KEY (`createdby`) REFERENCES `useraccount` (`id`) ON DELETE CASCADE ON UPDATE CASCADE,
  CONSTRAINT `fk_statistic_lastupdatedby` FOREIGN KEY (`lastupdatedby`) REFERENCES `useraccount` (`id`) ON DELETE CASCADE ON UPDATE CASCADE,
  CONSTRAINT `fk_statistic_locationid` FOREIGN KEY (`locationid`) REFERENCES `location` (`id`) ON DELETE CASCADE ON UPDATE CASCADE,
  CONSTRAINT `fk_statistic_unitid` FOREIGN KEY (`unitid`) REFERENCES `commodityunit` (`id`) ON DELETE CASCADE ON UPDATE CASCADE
) ENGINE=InnoDB AUTO_INCREMENT=22 DEFAULT CHARSET=utf8;

--
-- Dumping data for table `statistic`
--

/*!40000 ALTER TABLE `statistic` DISABLE KEYS */;
INSERT INTO `statistic` (`id`,`type`,`value`,`unitid`,`description`,`locationid`,`createdby`,`datecreated`,`lastupdatedate`,`lastupdatedby`) VALUES 
 (1,1,'Households ',16,NULL,NULL,1,'2012-03-15 10:49:34',NULL,NULL),
 (2,1,'Population',17,NULL,NULL,1,'2012-03-15 10:56:58',NULL,NULL),
 (3,1,'Hospital Beds',16,NULL,NULL,1,'2012-03-15 11:12:48',NULL,NULL),
 (4,1,'Schools ',16,NULL,NULL,1,'2012-03-15 11:22:03',NULL,NULL),
 (5,1,'Health Centers',16,NULL,NULL,1,'2012-03-15 11:31:34',NULL,NULL),
 (6,1,'Feeder Roads',19,NULL,NULL,1,'2012-03-15 11:41:28',NULL,NULL),
 (7,1,'Community Roads',19,NULL,NULL,1,'2012-03-15 11:45:53',NULL,NULL),
 (8,1,'Bridges ',16,NULL,NULL,1,'2012-03-15 11:48:58',NULL,NULL),
 (10,1,'Bird Species ',16,NULL,NULL,1,'2012-03-15 11:58:49',NULL,NULL),
 (11,1,'Banks',16,NULL,NULL,1,'2012-03-15 12:01:57',NULL,NULL),
 (12,1,'Major Banks ',16,NULL,NULL,1,'2012-03-15 12:06:46',NULL,NULL),
 (13,1,'Universities',16,NULL,NULL,1,'2012-03-15 12:09:34',NULL,NULL),
 (14,1,'Government Aided Schools ',16,NULL,NULL,1,'2012-03-15 12:20:33',NULL,NULL),
 (15,1,'Private Schools ',16,NULL,NULL,1,'2012-03-15 12:23:41',NULL,NULL),
 (18,1,'Average Household Size ',20,NULL,NULL,1,'2012-03-15 12:50:44',NULL,NULL),
 (19,1,'Average Dependency Ratio ',20,NULL,NULL,1,'2012-03-15 13:07:25',NULL,NULL),
 (20,1,'Life Expectancy ',22,NULL,NULL,1,'2012-03-15 13:09:05',NULL,NULL),
 (21,1,'Poverty Head Count ',16,NULL,NULL,1,'2012-03-15 13:12:31',NULL,NULL);
/*!40000 ALTER TABLE `statistic` ENABLE KEYS */;


--
-- Definition of table `touristattraction`
--

DROP TABLE IF EXISTS `touristattraction`;
CREATE TABLE `touristattraction` (
  `id` int(10) unsigned NOT NULL AUTO_INCREMENT,
  `name` varchar(255) NOT NULL,
  `districtid` int(10) unsigned NOT NULL,
  `subcountyid` int(10) unsigned DEFAULT NULL,
  `physicallocation` varchar(255) NOT NULL DEFAULT '',
  `touristattractions` mediumtext NOT NULL,
  `priceoffers` mediumtext NOT NULL,
  `accomodation` mediumtext NOT NULL,
  `entertainment` mediumtext NOT NULL,
  `transport` mediumtext NOT NULL,
  `otherservices` mediumtext NOT NULL,
  `booking` mediumtext NOT NULL,
  `contact` varchar(255) NOT NULL DEFAULT '',
  `tourpackages` mediumtext NOT NULL,
  `datecreated` datetime NOT NULL,
  `createdby` int(11) unsigned NOT NULL,
  `lastupdatedate` datetime DEFAULT NULL,
  `lastupdatedby` int(11) unsigned DEFAULT NULL,
  `image` varchar(255) DEFAULT NULL,
  PRIMARY KEY (`id`),
  UNIQUE KEY `unique_tourist_attraction` (`name`),
  KEY `fk_touristattraction_district` (`districtid`),
  KEY `fk_touristattraction_subcounty` (`subcountyid`),
  KEY `fk_touristattraction_createdby` (`createdby`),
  KEY `fk_touristattraction_lastupdatedby` (`lastupdatedby`),
  CONSTRAINT `fk_touristattraction_createdby` FOREIGN KEY (`createdby`) REFERENCES `useraccount` (`id`) ON DELETE CASCADE ON UPDATE CASCADE,
  CONSTRAINT `fk_touristattraction_district` FOREIGN KEY (`districtid`) REFERENCES `location` (`id`) ON DELETE CASCADE ON UPDATE CASCADE,
  CONSTRAINT `fk_touristattraction_lastupdatedby` FOREIGN KEY (`lastupdatedby`) REFERENCES `useraccount` (`id`) ON DELETE CASCADE ON UPDATE CASCADE,
  CONSTRAINT `fk_touristattraction_subcounty` FOREIGN KEY (`subcountyid`) REFERENCES `location` (`id`) ON DELETE CASCADE ON UPDATE CASCADE
) ENGINE=InnoDB AUTO_INCREMENT=3 DEFAULT CHARSET=utf8;

--
-- Dumping data for table `touristattraction`
--

/*!40000 ALTER TABLE `touristattraction` DISABLE KEYS */;
INSERT INTO `touristattraction` (`id`,`name`,`districtid`,`subcountyid`,`physicallocation`,`touristattractions`,`priceoffers`,`accomodation`,`entertainment`,`transport`,`otherservices`,`booking`,`contact`,`tourpackages`,`datecreated`,`createdby`,`lastupdatedate`,`lastupdatedby`,`image`) VALUES 
 (2,'Arua Resort Hotel',15,405,'Arua Hills','Cottages, Forest','250000 - 500000','25 Cottages','Live band every weekend','To and from Arua town centre','Free Wireless Internet','','0772123466','','2012-03-19 16:33:59',85,NULL,NULL,NULL);
/*!40000 ALTER TABLE `touristattraction` ENABLE KEYS */;




--
-- Definition of table `waterbody`
--

DROP TABLE IF EXISTS `waterbody`;
CREATE TABLE `waterbody` (
  `id` int(11) unsigned NOT NULL AUTO_INCREMENT,
  `name` varchar(50) CHARACTER SET latin1 NOT NULL,
  `description` varchar(500) CHARACTER SET latin1 DEFAULT NULL,
  `datecreated` datetime NOT NULL,
  `createdby` int(11) unsigned NOT NULL,
  `lastupdatedate` datetime DEFAULT NULL,
  `lastupdatedby` int(11) unsigned DEFAULT NULL,
  PRIMARY KEY (`id`),
  KEY `fk_waterbody_createdby` (`createdby`),
  KEY `fk_waterbody_lastupdatedby` (`lastupdatedby`),
  CONSTRAINT `fk_waterbody_createdby` FOREIGN KEY (`createdby`) REFERENCES `useraccount` (`id`) ON DELETE CASCADE ON UPDATE CASCADE,
  CONSTRAINT `fk_waterbody_lastupdatedby` FOREIGN KEY (`lastupdatedby`) REFERENCES `useraccount` (`id`) ON DELETE CASCADE ON UPDATE CASCADE
) ENGINE=InnoDB AUTO_INCREMENT=3 DEFAULT CHARSET=utf8;

--
-- Dumping data for table `waterbody`
--

/*!40000 ALTER TABLE `waterbody` DISABLE KEYS */;
INSERT INTO `waterbody` (`id`,`name`,`description`,`datecreated`,`createdby`,`lastupdatedate`,`lastupdatedby`) VALUES 
 (1,'Lake Kyoga',NULL,'2012-03-07 16:50:21',1,NULL,NULL),
 (2,'Lake Victoria',NULL,'2012-03-07 16:50:21',1,NULL,NULL);
/*!40000 ALTER TABLE `waterbody` ENABLE KEYS */;


-- set foreign_key_checks = 1;

/*!40101 SET SQL_MODE=@OLD_SQL_MODE */;
/*!40014 SET FOREIGN_KEY_CHECKS=@OLD_FOREIGN_KEY_CHECKS */;
/*!40014 SET UNIQUE_CHECKS=@OLD_UNIQUE_CHECKS */;
/*!40101 SET CHARACTER_SET_CLIENT=@OLD_CHARACTER_SET_CLIENT */;
/*!40101 SET CHARACTER_SET_RESULTS=@OLD_CHARACTER_SET_RESULTS */;
/*!40101 SET COLLATION_CONNECTION=@OLD_COLLATION_CONNECTION */;
/*!40101 SET CHARACTER_SET_CLIENT=@OLD_CHARACTER_SET_CLIENT */;
