-- MySQL dump 10.11
--
-- Host: localhost    Database: mis
-- ------------------------------------------------------
-- Server version	5.0.84-log

/*!40101 SET @OLD_CHARACTER_SET_CLIENT=@@CHARACTER_SET_CLIENT */;
/*!40101 SET @OLD_CHARACTER_SET_RESULTS=@@CHARACTER_SET_RESULTS */;
/*!40101 SET @OLD_COLLATION_CONNECTION=@@COLLATION_CONNECTION */;
/*!40101 SET NAMES utf8 */;
/*!40103 SET @OLD_TIME_ZONE=@@TIME_ZONE */;
/*!40103 SET TIME_ZONE='+00:00' */;
/*!40014 SET @OLD_UNIQUE_CHECKS=@@UNIQUE_CHECKS, UNIQUE_CHECKS=0 */;
/*!40014 SET @OLD_FOREIGN_KEY_CHECKS=@@FOREIGN_KEY_CHECKS, FOREIGN_KEY_CHECKS=0 */;
/*!40101 SET @OLD_SQL_MODE=@@SQL_MODE, SQL_MODE='NO_AUTO_VALUE_ON_ZERO' */;
/*!40111 SET @OLD_SQL_NOTES=@@SQL_NOTES, SQL_NOTES=0 */;

--
-- Table structure for table `aclgroup`
--

DROP TABLE IF EXISTS `aclgroup`;
/*!40101 SET @saved_cs_client     = @@character_set_client */;
/*!40101 SET character_set_client = utf8 */;
CREATE TABLE `aclgroup` (
  `id` int(11) unsigned NOT NULL auto_increment,
  `name` varchar(50) NOT NULL,
  `description` varchar(255) NOT NULL,
  `datecreated` datetime NOT NULL,
  `createdby` int(11) unsigned NOT NULL,
  `lastupdatedate` datetime default NULL,
  `lastupdatedby` int(11) unsigned default NULL,
  PRIMARY KEY  (`id`),
  UNIQUE KEY `unique_name` (`name`),
  KEY `fk_group_createdby` (`createdby`),
  KEY `fk_group_lastupdatedby` (`lastupdatedby`),
  CONSTRAINT `fk_group_createdby` FOREIGN KEY (`createdby`) REFERENCES `useraccount` (`id`) ON DELETE CASCADE ON UPDATE CASCADE,
  CONSTRAINT `fk_group_lastupdatedby` FOREIGN KEY (`lastupdatedby`) REFERENCES `useraccount` (`id`) ON DELETE CASCADE ON UPDATE CASCADE
) ENGINE=InnoDB AUTO_INCREMENT=11 DEFAULT CHARSET=utf8;
/*!40101 SET character_set_client = @saved_cs_client */;

--
-- Dumping data for table `aclgroup`
--

LOCK TABLES `aclgroup` WRITE;
/*!40000 ALTER TABLE `aclgroup` DISABLE KEYS */;
INSERT INTO `aclgroup` (`id`, `name`, `description`, `datecreated`, `createdby`, `lastupdatedate`, `lastupdatedby`) VALUES (1,'Administrator','Has rights to system configuration','2011-01-01 12:00:00',1,'2011-11-28 15:35:40',2),(2,'Data Entry Clerk','Performs data entry transactions','2011-01-01 12:00:00',1,'2012-02-17 12:31:39',27),(3,'AMIA','Updates commodity prices for outlets located in their areas','2011-03-30 17:04:56',1,'2011-11-16 12:33:31',2),(4,'Management','Views Data and generates reports','2011-03-30 17:09:03',1,'2011-11-28 15:37:00',2),(5,'LAMIS','Submits prices for an organisation','2011-10-12 09:49:51',1,'2011-11-30 11:17:06',2),(6,'WFP','WFP User submits volumes and quantities for commodities','2011-10-12 09:49:51',1,NULL,NULL),(7,'AMITSA','AMITSA User submits agricultural inputs','2011-10-12 09:49:51',1,'2011-11-28 15:13:27',2),(8,'Subscriber','users who want read only access to AGMIS reports but cannot submit any information ','2011-10-17 17:31:26',1,NULL,NULL),(9,'NOGAMU','Data Entry of Organic Prices','2012-01-25 09:42:52',27,NULL,NULL),(10,'LGMIS District Officer','The district administrators who manages the district information','2012-02-08 10:19:23',1,'2012-02-08 10:41:12',2);
/*!40000 ALTER TABLE `aclgroup` ENABLE KEYS */;
UNLOCK TABLES;

--
-- Table structure for table `aclpermission`
--

DROP TABLE IF EXISTS `aclpermission`;
/*!40101 SET @saved_cs_client     = @@character_set_client */;
/*!40101 SET character_set_client = utf8 */;
CREATE TABLE `aclpermission` (
  `id` int(11) unsigned NOT NULL auto_increment,
  `groupid` int(11) unsigned default NULL,
  `resourceid` int(11) unsigned NOT NULL,
  `create` enum('1','0') NOT NULL default '0',
  `edit` enum('1','0') NOT NULL default '0',
  `view` enum('1','0') NOT NULL default '0',
  `list` enum('1','0') NOT NULL default '0',
  `delete` enum('1','0') NOT NULL default '0',
  `export` enum('1','0') NOT NULL default '0',
  `approve` enum('1','0') NOT NULL default '0',
  `datecreated` datetime NOT NULL,
  `createdby` int(11) unsigned NOT NULL,
  `lastupdatedate` datetime default NULL,
  `lastupdatedby` int(11) unsigned default NULL,
  PRIMARY KEY  (`id`),
  KEY `fk_aclpermission_groupid` (`groupid`),
  KEY `fk_aclpermission_resourceid` (`resourceid`),
  KEY `fk_permission_createdby` (`createdby`),
  KEY `fk_permission_lastupdatedby` (`lastupdatedby`),
  CONSTRAINT `fk_aclpermission_groupid` FOREIGN KEY (`groupid`) REFERENCES `aclgroup` (`id`) ON DELETE CASCADE ON UPDATE CASCADE,
  CONSTRAINT `fk_aclpermission_resourceid` FOREIGN KEY (`resourceid`) REFERENCES `aclresource` (`id`) ON DELETE CASCADE ON UPDATE CASCADE,
  CONSTRAINT `fk_permission_createdby` FOREIGN KEY (`createdby`) REFERENCES `useraccount` (`id`) ON DELETE CASCADE ON UPDATE CASCADE,
  CONSTRAINT `fk_permission_lastupdatedby` FOREIGN KEY (`lastupdatedby`) REFERENCES `useraccount` (`id`) ON DELETE CASCADE ON UPDATE CASCADE
) ENGINE=InnoDB AUTO_INCREMENT=395 DEFAULT CHARSET=utf8;
/*!40101 SET character_set_client = @saved_cs_client */;

--
-- Dumping data for table `aclpermission`
--

LOCK TABLES `aclpermission` WRITE;
/*!40000 ALTER TABLE `aclpermission` DISABLE KEYS */;
INSERT INTO `aclpermission` (`id`, `groupid`, `resourceid`, `create`, `edit`, `view`, `list`, `delete`, `export`, `approve`, `datecreated`, `createdby`, `lastupdatedate`, `lastupdatedby`) VALUES (1,1,1,'0','0','1','1','0','1','0','2011-11-28 15:35:40',2,NULL,2),(2,1,2,'1','1','1','1','1','1','0','2011-11-28 15:35:40',2,NULL,2),(3,1,3,'1','1','1','1','1','1','0','2011-11-28 15:35:40',2,NULL,2),(4,1,4,'0','0','1','1','0','1','0','2011-11-28 15:35:40',2,NULL,2),(5,1,5,'1','1','1','1','1','1','0','2011-11-28 15:35:40',2,NULL,2),(6,2,1,'0','0','0','0','0','0','0','2012-02-17 12:31:39',27,NULL,27),(7,2,2,'0','0','0','0','0','0','0','2012-02-17 12:31:39',27,NULL,27),(8,2,3,'0','1','1','1','0','0','0','2012-02-17 12:31:39',27,NULL,27),(9,2,4,'0','0','0','0','0','0','0','2012-02-17 12:31:39',27,NULL,27),(10,2,5,'0','0','0','0','0','0','0','2012-02-17 12:31:39',27,NULL,27),(11,1,6,'0','0','1','0','0','0','0','2011-11-28 15:35:40',2,NULL,2),(12,2,6,'0','0','1','0','0','0','0','2012-02-17 12:31:39',27,NULL,27),(13,1,7,'1','1','1','1','0','0','0','2011-11-28 15:35:40',2,NULL,2),(14,2,8,'0','1','1','1','0','0','0','2012-02-17 12:31:39',27,NULL,27),(15,2,9,'0','1','1','1','0','0','0','2012-02-17 12:31:39',27,NULL,27),(16,2,10,'0','1','1','1','1','0','0','2012-02-17 12:31:39',27,NULL,27),(17,2,11,'0','1','1','1','0','0','0','2012-02-17 12:31:39',27,NULL,27),(18,2,12,'0','1','1','1','0','0','0','2012-02-17 12:31:39',27,NULL,27),(19,2,13,'0','1','1','1','0','0','0','2012-02-17 12:31:39',27,NULL,27),(20,1,8,'1','1','1','1','1','1','0','2011-11-28 15:35:40',2,NULL,2),(21,1,9,'1','1','1','1','1','1','0','2011-11-28 15:35:40',2,NULL,2),(22,1,10,'1','1','1','1','1','1','0','2011-11-28 15:35:40',2,NULL,2),(23,1,11,'1','1','1','1','1','1','0','2011-11-28 15:35:40',2,NULL,2),(24,1,12,'1','1','1','1','1','1','0','2011-11-28 15:35:40',2,NULL,2),(25,1,13,'1','1','1','1','1','1','0','2011-11-28 15:35:40',2,NULL,2),(26,1,14,'1','1','1','1','1','1','0','2011-11-28 15:35:40',2,NULL,2),(27,1,15,'1','1','1','1','1','1','0','2011-11-28 15:35:40',2,NULL,2),(28,2,14,'0','1','1','1','1','0','0','2012-02-17 12:31:39',27,NULL,27),(29,2,15,'0','1','1','1','1','0','0','2012-02-17 12:31:39',27,NULL,27),(30,1,16,'1','1','1','1','1','1','0','2011-11-28 15:35:40',2,NULL,2),(31,2,16,'0','1','1','1','1','0','0','2012-02-17 12:31:39',27,NULL,27),(32,1,17,'1','1','1','1','1','1','0','2011-11-28 15:35:40',2,NULL,2),(33,2,17,'0','1','1','1','1','0','0','2012-02-17 12:31:39',27,NULL,27),(34,1,18,'1','1','1','1','1','1','0','2011-11-28 15:35:40',2,NULL,2),(35,2,18,'0','1','1','1','0','0','0','2012-02-17 12:31:39',27,NULL,27),(36,2,7,'0','0','0','0','0','0','0','2012-02-17 12:31:39',27,NULL,27),(37,3,7,'0','0','0','0','0','0','0','2011-11-16 12:33:31',2,NULL,2),(38,3,4,'0','0','0','0','0','0','0','2011-11-16 12:33:31',2,NULL,2),(39,3,16,'0','0','1','1','0','0','0','2011-11-16 12:33:31',2,NULL,2),(40,3,15,'0','0','1','1','0','0','0','2011-11-16 12:33:31',2,NULL,2),(41,3,14,'0','0','1','1','0','0','0','2011-11-16 12:33:31',2,NULL,2),(42,3,17,'0','0','1','1','0','0','0','2011-11-16 12:33:31',2,NULL,2),(43,3,10,'0','0','1','1','0','0','0','2011-11-16 12:33:31',2,NULL,2),(44,3,6,'0','0','1','0','0','0','0','2011-11-16 12:33:31',2,NULL,2),(45,3,9,'0','0','1','1','0','0','0','2011-11-16 12:33:31',2,NULL,2),(46,3,1,'0','0','0','0','0','0','0','2011-11-16 12:33:31',2,NULL,2),(47,3,2,'0','0','0','0','0','0','0','2011-11-16 12:33:31',2,NULL,2),(48,3,12,'0','0','1','1','0','0','0','2011-11-16 12:33:31',2,NULL,2),(49,3,18,'0','0','1','1','0','0','0','2011-11-16 12:33:31',2,NULL,2),(50,3,8,'0','0','1','1','0','0','0','2011-11-16 12:33:31',2,NULL,2),(51,3,5,'0','0','0','0','0','0','0','2011-11-16 12:33:31',2,NULL,2),(52,3,11,'0','0','1','1','0','0','0','2011-11-16 12:33:31',2,NULL,2),(53,3,3,'0','1','1','0','0','0','0','2011-11-16 12:33:31',2,NULL,2),(54,3,13,'0','0','1','1','0','0','0','2011-11-16 12:33:31',2,NULL,2),(55,4,7,'1','1','1','1','0','0','0','2011-11-28 15:37:00',2,NULL,2),(56,4,4,'0','0','1','1','0','1','0','2011-11-28 15:37:00',2,NULL,2),(57,4,16,'1','1','1','1','0','1','0','2011-11-28 15:37:00',2,NULL,2),(58,4,15,'1','1','1','1','0','1','0','2011-11-28 15:37:00',2,NULL,2),(59,4,14,'1','1','1','1','0','1','0','2011-11-28 15:37:00',2,NULL,2),(60,4,17,'1','1','1','1','0','1','0','2011-11-28 15:37:00',2,NULL,2),(61,4,10,'1','1','1','1','0','1','0','2011-11-28 15:37:00',2,NULL,2),(62,4,6,'0','0','1','0','0','0','0','2011-11-28 15:37:00',2,NULL,2),(63,4,9,'1','1','1','1','0','1','0','2011-11-28 15:37:00',2,NULL,2),(64,4,1,'0','0','0','0','0','1','0','2011-11-28 15:37:00',2,NULL,2),(65,4,2,'0','0','0','0','0','1','0','2011-11-28 15:37:00',2,NULL,2),(66,4,12,'1','1','1','1','0','1','0','2011-11-28 15:37:00',2,NULL,2),(67,4,18,'1','1','1','1','0','1','0','2011-11-28 15:37:00',2,NULL,2),(68,4,8,'1','1','1','1','0','1','0','2011-11-28 15:37:00',2,NULL,2),(69,4,5,'1','1','1','1','0','1','0','2011-11-28 15:37:00',2,NULL,2),(70,4,11,'1','1','1','1','0','1','0','2011-11-28 15:37:00',2,NULL,2),(71,4,3,'1','1','1','1','0','1','0','2011-11-28 15:37:00',2,NULL,2),(72,4,13,'1','1','1','1','0','1','0','2011-11-28 15:37:00',2,NULL,2),(73,1,19,'1','1','1','1','1','1','0','2011-11-28 15:35:40',2,NULL,2),(74,2,19,'0','1','1','1','0','0','0','2012-02-17 12:31:39',27,NULL,27),(75,3,19,'1','1','1','1','1','0','0','2011-11-16 12:33:31',2,NULL,2),(76,4,19,'1','1','1','1','1','1','0','2011-11-28 15:37:00',2,NULL,2),(77,1,20,'1','1','1','1','1','1','1','2011-11-28 15:35:40',2,NULL,2),(78,2,20,'1','1','1','1','1','0','0','2012-02-17 12:31:39',27,NULL,27),(79,3,20,'1','1','1','1','1','0','0','2011-11-16 12:33:31',2,NULL,2),(80,4,20,'1','1','1','1','1','1','1','2011-11-28 15:37:00',2,NULL,2),(81,1,21,'0','0','1','0','0','0','0','2011-11-28 15:35:40',2,NULL,2),(82,2,21,'0','0','1','0','0','0','0','2012-02-17 12:31:39',27,NULL,27),(83,3,21,'0','0','1','0','0','0','0','2011-11-16 12:33:31',2,NULL,2),(84,4,21,'0','0','1','0','0','0','0','2011-11-28 15:37:00',2,NULL,2),(85,4,22,'1','1','1','1','0','0','0','2011-11-28 15:37:00',2,NULL,2),(86,1,22,'1','1','1','1','0','0','0','2011-11-28 15:35:40',2,NULL,2),(87,4,23,'1','1','1','1','0','0','0','2011-11-28 15:37:00',2,NULL,2),(88,1,23,'1','1','1','1','0','0','0','2011-11-28 15:35:40',2,NULL,2),(89,1,25,'0','0','1','0','0','0','0','2011-11-28 15:35:40',2,NULL,2),(91,4,25,'0','0','1','0','0','0','0','2011-11-28 15:37:00',2,NULL,2),(92,3,22,'0','0','1','1','0','0','0','2011-11-16 12:33:31',2,NULL,2),(93,3,23,'0','0','1','1','0','0','0','2011-11-16 12:33:31',2,NULL,2),(94,3,25,'0','0','0','0','0','0','0','2011-11-16 12:33:31',2,NULL,2),(95,1,28,'0','1','0','0','0','0','0','2011-11-28 15:35:40',2,NULL,2),(96,1,27,'0','1','0','0','0','0','0','2011-11-28 15:35:40',2,NULL,2),(97,4,28,'0','1','0','0','0','0','0','2011-11-28 15:37:00',2,NULL,2),(98,4,27,'0','1','0','0','0','0','0','2011-11-28 15:37:00',2,NULL,2),(99,1,29,'0','0','1','0','0','0','0','2011-11-28 15:35:40',2,NULL,2),(100,4,29,'0','0','1','0','0','0','0','2011-11-28 15:37:00',2,NULL,2),(101,1,30,'0','0','1','0','0','0','0','2011-11-28 15:35:40',2,NULL,2),(102,4,30,'0','0','1','0','0','0','0','2011-11-28 15:37:00',2,NULL,2),(103,1,31,'0','0','1','0','0','0','0','2011-11-28 15:35:40',2,NULL,2),(104,4,31,'0','0','1','0','0','0','0','2011-11-28 15:37:00',2,NULL,2),(105,2,23,'0','0','1','0','0','0','0','2012-02-17 12:31:39',27,NULL,27),(106,1,32,'1','1','1','1','1','1','1','2011-11-28 15:35:40',2,NULL,2),(107,2,32,'1','1','1','1','0','0','0','2012-02-17 12:31:39',27,NULL,27),(108,3,32,'1','1','1','1','1','0','0','2011-11-16 12:33:31',2,NULL,2),(109,4,32,'1','1','1','1','1','1','1','2011-11-28 15:37:00',2,NULL,2),(110,1,33,'1','1','1','1','1','1','1','2011-11-28 15:35:40',2,NULL,2),(111,2,33,'1','1','1','1','0','0','0','2012-02-17 12:31:39',27,NULL,27),(112,3,33,'1','1','1','1','1','0','0','2011-11-16 12:33:31',2,NULL,2),(113,4,33,'1','1','1','1','1','1','1','2011-11-28 15:37:00',2,NULL,2),(114,1,34,'1','1','1','1','1','1','1','2011-11-28 15:35:40',2,NULL,2),(115,2,34,'0','1','1','1','0','0','0','2012-02-17 12:31:39',27,NULL,27),(116,3,34,'1','1','1','1','1','0','0','2011-11-16 12:33:31',2,NULL,2),(117,4,34,'1','1','1','1','1','1','1','2011-11-28 15:37:00',2,NULL,2),(118,3,31,'0','0','0','0','0','0','0','2011-11-16 12:33:31',2,NULL,2),(119,3,28,'0','0','0','0','0','0','0','2011-11-16 12:33:31',2,NULL,2),(120,3,30,'0','0','0','0','0','0','0','2011-11-16 12:33:31',2,NULL,2),(121,3,27,'0','0','0','0','0','0','0','2011-11-16 12:33:31',2,NULL,2),(122,3,29,'0','0','0','0','0','0','0','2011-11-16 12:33:31',2,NULL,2),(123,2,35,'0','1','1','1','0','1','1','2012-02-17 12:31:39',27,NULL,27),(124,5,36,'0','0','0','0','0','0','0','2011-11-30 11:17:06',2,NULL,2),(125,5,1,'0','0','0','0','0','0','0','2011-11-30 11:17:06',2,NULL,2),(126,5,2,'0','0','0','0','0','0','0','2011-11-30 11:17:06',2,NULL,2),(127,5,3,'0','1','1','0','0','0','0','2011-11-30 11:17:07',2,NULL,2),(128,5,4,'0','0','0','0','0','0','0','2011-11-30 11:17:06',2,NULL,2),(129,5,5,'0','0','0','0','0','0','0','2011-11-30 11:17:06',2,NULL,2),(130,5,6,'0','0','1','0','0','0','0','2011-11-30 11:17:06',2,NULL,2),(131,5,7,'0','0','0','0','0','0','0','2011-11-30 11:17:06',2,NULL,2),(132,5,8,'0','0','1','1','0','0','0','2011-11-30 11:17:06',2,NULL,2),(133,5,9,'0','0','1','1','0','0','0','2011-11-30 11:17:06',2,NULL,2),(134,5,10,'0','0','1','1','0','0','0','2011-11-30 11:17:06',2,NULL,2),(135,5,11,'0','0','1','1','0','0','0','2011-11-30 11:17:06',2,NULL,2),(136,5,12,'0','0','1','1','0','0','0','2011-11-30 11:17:06',2,NULL,2),(137,5,13,'0','0','1','1','0','0','0','2011-11-30 11:17:07',2,NULL,2),(138,5,14,'0','0','1','1','0','0','0','2011-11-30 11:17:06',2,NULL,2),(139,5,15,'0','0','1','1','0','0','0','2011-11-30 11:17:06',2,NULL,2),(140,5,16,'0','0','1','1','0','0','0','2011-11-30 11:17:06',2,NULL,2),(141,5,17,'0','0','1','1','0','0','0','2011-11-30 11:17:06',2,NULL,2),(142,5,18,'0','0','1','1','0','0','0','2011-11-30 11:17:06',2,NULL,2),(143,5,19,'1','1','1','1','1','0','0','2011-11-30 11:17:06',2,NULL,2),(144,5,20,'1','1','1','1','1','0','0','2011-11-30 11:17:06',2,NULL,2),(145,5,21,'0','0','1','0','0','0','0','2011-11-30 11:17:06',2,NULL,2),(146,5,22,'0','0','1','1','0','0','0','2011-11-30 11:17:06',2,NULL,2),(147,5,23,'0','0','1','0','0','0','0','2011-11-30 11:17:06',2,NULL,2),(148,5,25,'0','0','1','0','0','0','0','2011-11-30 11:17:06',2,NULL,2),(149,5,27,'0','0','0','0','0','0','0','2011-11-30 11:17:06',2,NULL,2),(150,5,28,'0','0','0','0','0','0','0','2011-11-30 11:17:06',2,NULL,2),(151,5,29,'0','0','1','0','0','0','0','2011-11-30 11:17:06',2,NULL,2),(152,5,30,'0','0','1','0','0','0','0','2011-11-30 11:17:06',2,NULL,2),(153,5,31,'0','0','1','0','0','0','0','2011-11-30 11:17:06',2,NULL,2),(154,5,32,'0','0','0','0','0','0','0','2011-11-30 11:17:06',2,NULL,2),(155,5,33,'0','0','0','0','0','0','0','2011-11-30 11:17:06',2,NULL,2),(156,5,34,'0','0','0','0','0','0','0','2011-11-30 11:17:06',2,NULL,2),(157,1,36,'0','0','0','0','0','0','0','2011-11-28 15:35:40',2,NULL,2),(158,1,35,'1','1','1','1','1','1','1','2011-11-28 15:35:40',2,NULL,2),(161,4,36,'0','0','1','0','0','0','0','2011-11-28 15:37:00',2,NULL,2),(162,4,35,'1','1','1','1','0','0','0','2011-11-28 15:37:00',2,NULL,2),(163,5,35,'0','0','0','0','0','0','0','2011-11-30 11:17:06',2,NULL,2),(164,2,31,'0','0','0','0','0','0','0','2012-02-17 12:31:39',27,NULL,27),(165,2,28,'0','0','0','0','0','0','0','2012-02-17 12:31:39',27,NULL,27),(166,2,30,'0','0','0','0','0','0','0','2012-02-17 12:31:39',27,NULL,27),(167,2,22,'0','1','1','1','0','0','0','2012-02-17 12:31:39',27,NULL,27),(168,2,27,'0','0','0','0','0','0','0','2012-02-17 12:31:39',27,NULL,27),(169,2,29,'0','0','1','0','0','0','0','2012-02-17 12:31:39',27,NULL,27),(170,2,25,'0','0','0','0','0','0','0','2012-02-17 12:31:39',27,NULL,27),(171,2,36,'0','0','1','0','0','0','0','2012-02-17 12:31:39',27,NULL,27),(172,8,31,'0','0','1','0','0','0','0','2011-10-18 09:10:33',1,NULL,1),(173,8,7,'0','0','0','0','0','0','0','2011-10-18 09:10:33',1,NULL,1),(174,8,28,'0','0','0','0','0','0','0','2011-10-18 09:10:33',1,NULL,1),(175,8,4,'0','0','0','0','0','0','0','2011-10-18 09:10:33',1,NULL,1),(176,8,30,'0','0','1','0','0','0','0','2011-10-18 09:10:33',1,NULL,1),(177,8,16,'0','0','0','0','0','0','0','2011-10-18 09:10:33',1,NULL,1),(178,8,15,'0','0','0','0','0','0','0','2011-10-18 09:10:33',1,NULL,1),(179,8,14,'0','0','0','0','0','0','0','2011-10-18 09:10:33',1,NULL,1),(180,8,22,'0','0','0','0','0','0','0','2011-10-18 09:10:33',1,NULL,1),(181,8,17,'0','0','1','1','0','0','0','2011-10-18 09:10:33',1,NULL,1),(182,8,10,'0','0','0','0','0','0','0','2011-10-18 09:10:33',1,NULL,1),(183,8,6,'0','0','1','0','0','0','0','2011-10-18 09:10:33',1,NULL,1),(184,8,9,'0','0','0','0','0','0','0','2011-10-18 09:10:33',1,NULL,1),(185,8,27,'0','0','0','0','0','0','0','2011-10-18 09:10:33',1,NULL,1),(186,8,32,'0','0','1','1','0','0','0','2011-10-18 09:10:33',1,NULL,1),(187,8,1,'0','0','0','0','0','0','0','2011-10-18 09:10:33',1,NULL,1),(188,8,2,'0','0','0','0','0','0','0','2011-10-18 09:10:33',1,NULL,1),(189,8,20,'0','0','1','1','0','0','0','2011-10-18 09:10:33',1,NULL,1),(190,8,29,'0','0','1','0','0','0','0','2011-10-18 09:10:33',1,NULL,1),(191,8,25,'0','0','1','0','0','0','0','2011-10-18 09:10:33',1,NULL,1),(192,8,36,'0','0','0','0','0','0','0','2011-10-18 09:10:33',1,NULL,1),(193,8,19,'0','0','1','1','0','0','0','2011-10-18 09:10:33',1,NULL,1),(194,8,34,'0','0','1','1','0','0','0','2011-10-18 09:10:33',1,NULL,1),(195,8,35,'0','0','0','0','0','0','0','2011-10-18 09:10:33',1,NULL,1),(196,8,12,'0','0','0','0','0','0','0','2011-10-18 09:10:33',1,NULL,1),(197,8,18,'0','0','0','0','0','0','0','2011-10-18 09:10:33',1,NULL,1),(198,8,23,'0','0','0','0','0','0','0','2011-10-18 09:10:33',1,NULL,1),(199,8,8,'0','0','0','0','0','0','0','2011-10-18 09:10:33',1,NULL,1),(200,8,21,'0','0','1','0','0','0','0','2011-10-18 09:10:33',1,NULL,1),(201,8,33,'0','0','0','0','0','0','0','2011-10-18 09:10:33',1,NULL,1),(202,8,5,'0','0','0','0','0','0','0','2011-10-18 09:10:33',1,NULL,1),(203,8,11,'0','0','0','0','0','0','0','2011-10-18 09:10:33',1,NULL,1),(204,8,3,'0','0','0','0','0','0','0','2011-10-18 09:10:33',1,NULL,1),(205,8,13,'0','0','0','0','0','0','0','2011-10-18 09:10:33',1,NULL,1),(206,1,37,'0','0','1','0','0','0','0','2011-11-28 15:35:40',2,NULL,2),(207,3,37,'0','0','1','0','0','0','0','2011-11-16 12:33:31',2,NULL,2),(208,3,36,'0','0','0','0','0','0','0','2011-11-16 12:33:31',2,NULL,2),(209,3,35,'0','0','0','0','0','0','0','2011-11-16 12:33:31',2,NULL,2),(210,2,37,'0','0','1','0','0','0','0','2012-02-17 12:31:39',27,NULL,27),(211,5,37,'0','0','1','0','0','0','0','2011-11-30 11:17:06',2,NULL,2),(212,4,37,'0','0','1','0','0','0','0','2011-11-28 15:37:00',2,NULL,2),(213,1,38,'0','0','1','0','0','0','0','2011-11-28 15:35:40',2,NULL,2),(214,4,38,'0','0','1','0','0','0','0','2011-11-28 15:37:00',2,NULL,2),(215,2,38,'0','0','0','0','0','0','0','2012-02-17 12:31:39',27,NULL,27),(216,7,31,'0','0','0','0','0','0','0','2011-11-28 15:13:27',2,NULL,2),(217,7,7,'0','0','0','0','0','0','0','2011-11-28 15:13:27',2,NULL,2),(218,7,28,'0','0','0','0','0','0','0','2011-11-28 15:13:27',2,NULL,2),(219,7,4,'0','0','0','0','0','0','0','2011-11-28 15:13:27',2,NULL,2),(220,7,30,'0','0','0','0','0','0','0','2011-11-28 15:13:27',2,NULL,2),(221,7,16,'0','0','1','1','0','0','0','2011-11-28 15:13:27',2,NULL,2),(222,7,15,'0','0','1','1','0','0','0','2011-11-28 15:13:27',2,NULL,2),(223,7,14,'0','0','1','1','0','0','0','2011-11-28 15:13:27',2,NULL,2),(224,7,22,'0','0','1','1','0','0','0','2011-11-28 15:13:27',2,NULL,2),(225,7,17,'0','0','1','1','0','0','0','2011-11-28 15:13:27',2,NULL,2),(226,7,10,'0','0','1','1','0','0','0','2011-11-28 15:13:27',2,NULL,2),(227,7,6,'0','0','1','0','0','0','0','2011-11-28 15:13:27',2,NULL,2),(228,7,37,'0','0','1','0','0','0','0','2011-11-28 15:13:27',2,NULL,2),(229,7,9,'0','0','1','1','0','0','0','2011-11-28 15:13:27',2,NULL,2),(230,7,27,'0','0','0','0','0','0','0','2011-11-28 15:13:27',2,NULL,2),(231,7,32,'0','0','1','1','0','0','0','2011-11-28 15:13:27',2,NULL,2),(232,7,39,'1','1','1','1','1','0','0','2011-11-28 15:13:27',2,NULL,2),(233,7,1,'0','0','0','0','0','0','0','2011-11-28 15:13:27',2,NULL,2),(234,7,2,'0','0','0','0','0','0','0','2011-11-28 15:13:27',2,NULL,2),(235,7,20,'0','0','1','1','0','0','0','2011-11-28 15:13:27',2,NULL,2),(236,7,29,'0','0','0','0','0','0','0','2011-11-28 15:13:27',2,NULL,2),(237,7,38,'0','0','0','0','0','0','0','2011-11-28 15:13:27',2,NULL,2),(238,7,25,'0','0','0','0','0','0','0','2011-11-28 15:13:27',2,NULL,2),(239,7,36,'0','0','0','0','0','0','0','2011-11-28 15:13:27',2,NULL,2),(240,7,19,'1','1','1','1','1','0','0','2011-11-28 15:13:27',2,NULL,2),(241,7,34,'0','0','1','1','0','0','0','2011-11-28 15:13:27',2,NULL,2),(242,7,35,'0','0','0','0','0','0','0','2011-11-28 15:13:27',2,NULL,2),(243,7,12,'0','0','1','1','0','0','0','2011-11-28 15:13:27',2,NULL,2),(244,7,18,'0','0','1','1','0','0','0','2011-11-28 15:13:27',2,NULL,2),(245,7,23,'0','0','1','1','0','0','0','2011-11-28 15:13:27',2,NULL,2),(246,7,8,'0','0','1','1','0','0','0','2011-11-28 15:13:27',2,NULL,2),(247,7,21,'0','0','1','0','0','0','0','2011-11-28 15:13:27',2,NULL,2),(248,7,33,'0','0','1','1','0','0','0','2011-11-28 15:13:27',2,NULL,2),(249,7,5,'0','0','0','0','0','0','0','2011-11-28 15:13:27',2,NULL,2),(250,7,11,'0','0','1','1','0','0','0','2011-11-28 15:13:27',2,NULL,2),(251,7,3,'0','1','1','0','0','0','0','2011-11-28 15:13:27',2,NULL,2),(252,7,13,'0','0','1','1','0','0','0','2011-11-28 15:13:27',2,NULL,2),(253,1,39,'1','1','1','1','1','0','1','2011-11-28 15:35:40',2,NULL,2),(254,2,39,'0','1','1','1','0','0','0','2012-02-17 12:31:39',27,NULL,27),(255,4,39,'1','1','1','1','1','0','1','2011-11-28 15:37:00',2,NULL,2),(256,5,39,'0','0','0','0','0','0','0','2011-11-30 11:17:06',2,NULL,2),(257,5,38,'0','0','0','0','0','0','0','2011-11-30 11:17:06',2,NULL,2),(258,2,40,'0','1','1','1','0','0','0','2012-02-17 12:31:39',27,NULL,27),(259,4,40,'1','1','1','1','1','0','0','2011-12-06 09:29:25',2,NULL,2),(260,1,40,'1','1','1','1','1','0','0','2011-12-06 09:32:50',2,NULL,2),(261,1,41,'0','0','1','0','0','0','0','2011-11-28 15:35:40',2,NULL,2),(262,4,41,'0','0','1','0','0','0','0','2011-11-28 15:35:40',2,NULL,2),(263,1,42,'0','0','1','0','0','0','0','2011-11-28 15:35:40',2,NULL,2),(264,4,42,'0','0','1','0','0','0','0','2011-11-28 15:35:40',2,NULL,2),(265,1,43,'0','0','1','0','0','0','0','2011-11-28 15:35:40',2,NULL,2),(266,4,43,'0','0','1','0','0','0','0','2011-11-28 15:35:40',2,NULL,2),(267,1,44,'0','0','1','0','0','0','0','2011-11-28 15:35:40',2,NULL,2),(268,4,44,'0','0','1','0','0','0','0','2011-11-28 15:35:40',2,NULL,2),(269,9,31,'0','0','0','0','0','0','0','2012-01-25 09:42:52',27,NULL,NULL),(270,9,7,'0','0','0','0','0','0','0','2012-01-25 09:42:52',27,NULL,NULL),(271,9,28,'0','0','0','0','0','0','0','2012-01-25 09:42:52',27,NULL,NULL),(272,9,4,'0','0','0','0','0','0','0','2012-01-25 09:42:52',27,NULL,NULL),(273,9,30,'0','0','0','0','0','0','0','2012-01-25 09:42:52',27,NULL,NULL),(274,9,16,'0','0','0','0','0','0','0','2012-01-25 09:42:52',27,NULL,NULL),(275,9,15,'0','0','1','1','0','0','0','2012-01-25 09:42:52',27,NULL,NULL),(276,9,14,'0','0','1','1','0','0','0','2012-01-25 09:42:52',27,NULL,NULL),(277,9,22,'0','0','1','1','0','0','0','2012-01-25 09:42:52',27,NULL,NULL),(278,9,17,'0','0','1','1','0','0','0','2012-01-25 09:42:52',27,NULL,NULL),(279,9,10,'0','0','1','1','0','0','0','2012-01-25 09:42:52',27,NULL,NULL),(280,9,42,'0','0','0','0','0','0','0','2012-01-25 09:42:52',27,NULL,NULL),(281,9,41,'0','0','0','0','0','0','0','2012-01-25 09:42:52',27,NULL,NULL),(282,9,6,'0','0','1','0','0','0','0','2012-01-25 09:42:52',27,NULL,NULL),(283,9,37,'0','0','1','0','0','0','0','2012-01-25 09:42:52',27,NULL,NULL),(284,9,9,'0','0','1','1','0','0','0','2012-01-25 09:42:52',27,NULL,NULL),(285,9,27,'0','0','0','0','0','0','0','2012-01-25 09:42:52',27,NULL,NULL),(286,9,32,'0','0','1','1','0','0','0','2012-01-25 09:42:52',27,NULL,NULL),(287,9,44,'0','0','0','0','0','0','0','2012-01-25 09:42:52',27,NULL,NULL),(288,9,43,'0','0','0','0','0','0','0','2012-01-25 09:42:52',27,NULL,NULL),(289,9,39,'0','0','1','1','0','0','0','2012-01-25 09:42:52',27,NULL,NULL),(290,9,1,'0','0','0','0','0','0','0','2012-01-25 09:42:52',27,NULL,NULL),(291,9,2,'0','0','0','0','0','0','0','2012-01-25 09:42:52',27,NULL,NULL),(292,9,40,'0','0','0','0','0','0','0','2012-01-25 09:42:52',27,NULL,NULL),(293,9,20,'0','0','1','1','0','0','0','2012-01-25 09:42:52',27,NULL,NULL),(294,9,29,'0','0','0','0','0','0','0','2012-01-25 09:42:52',27,NULL,NULL),(295,9,38,'0','0','0','0','0','0','0','2012-01-25 09:42:52',27,NULL,NULL),(296,9,25,'0','0','0','0','0','0','0','2012-01-25 09:42:52',27,NULL,NULL),(297,9,36,'0','0','0','0','0','0','0','2012-01-25 09:42:52',27,NULL,NULL),(298,9,19,'1','1','1','1','1','0','0','2012-01-25 09:42:52',27,NULL,NULL),(299,9,34,'1','1','1','1','1','0','0','2012-01-25 09:42:52',27,NULL,NULL),(300,9,35,'0','0','0','0','0','0','0','2012-01-25 09:42:52',27,NULL,NULL),(301,9,12,'0','0','1','1','0','0','0','2012-01-25 09:42:52',27,NULL,NULL),(302,9,18,'0','0','1','1','0','0','0','2012-01-25 09:42:52',27,NULL,NULL),(303,9,23,'0','0','1','1','0','0','0','2012-01-25 09:42:52',27,NULL,NULL),(304,9,8,'0','0','1','1','0','0','0','2012-01-25 09:42:52',27,NULL,NULL),(305,9,21,'0','0','1','0','0','0','0','2012-01-25 09:42:52',27,NULL,NULL),(306,9,33,'0','0','1','1','0','0','0','2012-01-25 09:42:52',27,NULL,NULL),(307,9,5,'0','0','0','0','0','0','0','2012-01-25 09:42:52',27,NULL,NULL),(308,9,11,'0','0','1','1','0','0','0','2012-01-25 09:42:52',27,NULL,NULL),(309,9,3,'0','1','1','0','0','0','0','2012-01-25 09:42:52',27,NULL,NULL),(310,9,13,'0','0','1','1','0','0','0','2012-01-25 09:42:52',27,NULL,NULL),(311,2,42,'0','0','0','0','0','0','0','2012-02-17 12:31:39',27,NULL,27),(312,2,41,'0','0','1','0','0','0','0','2012-02-17 12:31:39',27,NULL,27),(313,2,44,'0','0','0','0','0','0','0','2012-02-17 12:31:39',27,NULL,27),(314,2,43,'0','0','0','0','0','0','0','2012-02-17 12:31:39',27,NULL,27),(315,1,47,'1','1','1','1','1','1','1','2012-02-08 11:17:28',2,NULL,2),(316,1,45,'1','1','1','1','1','1','1','2012-02-08 11:17:28',2,NULL,2),(317,1,51,'1','1','1','1','1','1','1','2012-02-08 11:17:28',2,NULL,2),(318,1,49,'1','1','1','1','1','1','1','2012-02-08 11:17:28',2,NULL,2),(319,1,50,'1','1','1','1','1','1','1','2012-02-08 11:17:28',2,NULL,2),(320,1,46,'1','1','1','1','1','1','1','2012-02-08 11:17:28',2,NULL,2),(321,1,48,'1','1','1','1','1','1','1','2012-02-08 11:17:29',2,NULL,2),(322,4,47,'1','1','1','1','1','1','1','2012-02-08 11:18:47',2,NULL,2),(323,4,45,'1','1','1','1','1','1','1','2012-02-08 11:18:47',2,NULL,2),(324,4,51,'1','1','1','1','1','1','1','2012-02-08 11:18:47',2,NULL,2),(325,4,49,'1','1','1','1','1','1','1','2012-02-08 11:18:47',2,NULL,2),(326,4,50,'1','1','1','1','1','1','1','2012-02-08 11:18:47',2,NULL,2),(327,4,46,'1','1','1','1','1','1','1','2012-02-08 11:18:47',2,NULL,2),(328,4,48,'1','1','1','1','1','1','1','2012-02-08 11:18:47',2,NULL,2),(329,10,47,'1','1','1','1','1','1','0','2012-02-08 11:43:51',2,NULL,2),(330,10,45,'1','1','1','1','1','1','0','2012-02-08 11:43:51',2,NULL,2),(331,10,51,'1','1','1','1','1','1','0','2012-02-08 11:43:51',2,NULL,2),(332,10,49,'1','1','1','1','1','1','0','2012-02-08 11:43:51',2,NULL,2),(333,10,50,'1','1','1','1','1','1','0','2012-02-08 11:43:51',2,NULL,2),(334,10,46,'1','1','1','1','1','1','0','2012-02-08 11:43:51',2,NULL,2),(335,10,48,'1','1','1','1','1','1','0','2012-02-08 11:43:51',2,NULL,2),(336,10,31,'0','0','0','0','0','0','0','2012-02-08 11:43:51',2,NULL,2),(337,10,7,'0','0','0','0','0','0','0','2012-02-08 11:43:51',2,NULL,2),(338,10,28,'0','0','0','0','0','0','0','2012-02-08 11:43:51',2,NULL,2),(339,10,4,'0','0','0','0','0','0','0','2012-02-08 11:43:51',2,NULL,2),(340,10,30,'0','0','0','0','0','0','0','2012-02-08 11:43:51',2,NULL,2),(341,10,16,'0','0','0','0','0','0','0','2012-02-08 11:43:51',2,NULL,2),(342,10,15,'0','0','0','0','0','0','0','2012-02-08 11:43:51',2,NULL,2),(343,10,14,'0','0','0','0','0','0','0','2012-02-08 11:43:51',2,NULL,2),(344,10,22,'0','0','0','0','0','0','0','2012-02-08 11:43:51',2,NULL,2),(345,10,17,'0','0','0','0','0','0','0','2012-02-08 11:43:51',2,NULL,2),(346,10,10,'0','0','0','0','0','0','0','2012-02-08 11:43:51',2,NULL,2),(347,10,42,'0','0','0','0','0','0','0','2012-02-08 11:43:51',2,NULL,2),(348,10,41,'0','0','0','0','0','0','0','2012-02-08 11:43:51',2,NULL,2),(349,10,6,'0','0','1','0','0','0','0','2012-02-08 11:43:51',2,NULL,2),(350,10,37,'0','0','1','0','0','0','0','2012-02-08 11:43:51',2,NULL,2),(351,10,9,'0','0','0','0','0','0','0','2012-02-08 11:43:51',2,NULL,2),(352,10,27,'0','0','0','0','0','0','0','2012-02-08 11:43:51',2,NULL,2),(353,10,32,'0','0','0','0','0','0','0','2012-02-08 11:43:51',2,NULL,2),(354,10,44,'0','0','0','0','0','0','0','2012-02-08 11:43:51',2,NULL,2),(355,10,43,'0','0','0','0','0','0','0','2012-02-08 11:43:51',2,NULL,2),(356,10,39,'0','0','0','0','0','0','0','2012-02-08 11:43:51',2,NULL,2),(357,10,1,'0','0','0','0','0','0','0','2012-02-08 11:43:51',2,NULL,2),(358,10,2,'0','0','0','0','0','0','0','2012-02-08 11:43:51',2,NULL,2),(359,10,40,'0','0','0','0','0','0','0','2012-02-08 11:43:51',2,NULL,2),(360,10,20,'0','0','0','0','0','0','0','2012-02-08 11:43:51',2,NULL,2),(361,10,29,'0','0','0','0','0','0','0','2012-02-08 11:43:51',2,NULL,2),(362,10,38,'0','0','0','0','0','0','0','2012-02-08 11:43:51',2,NULL,2),(363,10,25,'0','0','0','0','0','0','0','2012-02-08 11:43:51',2,NULL,2),(364,10,36,'0','0','0','0','0','0','0','2012-02-08 11:43:51',2,NULL,2),(365,10,19,'0','0','0','0','0','0','0','2012-02-08 11:43:51',2,NULL,2),(366,10,34,'0','0','0','0','0','0','0','2012-02-08 11:43:51',2,NULL,2),(367,10,35,'0','0','0','0','0','0','0','2012-02-08 11:43:51',2,NULL,2),(368,10,12,'0','0','0','0','0','0','0','2012-02-08 11:43:51',2,NULL,2),(369,10,18,'0','0','0','0','0','0','0','2012-02-08 11:43:51',2,NULL,2),(370,10,23,'0','0','0','0','0','0','0','2012-02-08 11:43:51',2,NULL,2),(371,10,8,'0','0','0','0','0','0','0','2012-02-08 11:43:51',2,NULL,2),(372,10,21,'0','0','0','0','0','0','0','2012-02-08 11:43:51',2,NULL,2),(373,10,33,'0','0','0','0','0','0','0','2012-02-08 11:43:51',2,NULL,2),(374,10,5,'0','0','0','0','0','0','0','2012-02-08 11:43:51',2,NULL,2),(375,10,11,'0','0','0','0','0','0','0','2012-02-08 11:43:51',2,NULL,2),(376,10,3,'0','1','1','0','0','0','0','2012-02-08 11:43:51',2,NULL,2),(377,10,13,'0','0','0','0','0','0','0','2012-02-08 11:43:51',2,NULL,2),(378,1,52,'1','1','1','1','1','1','1','2012-01-25 16:52:46',1,NULL,1),(379,2,52,'1','1','1','1','1','1','1','2012-01-26 21:37:46',27,NULL,27),(380,4,52,'1','1','1','1','1','1','1','2012-01-26 21:37:55',27,NULL,27),(381,10,52,'1','1','1','1','1','0','1','2012-02-10 10:19:52',1,NULL,1),(382,10,53,'1','1','1','1','1','0','1','2012-02-10 10:19:52',1,NULL,1),(383,1,54,'1','1','1','1','1','1','1','2012-01-25 16:52:46',1,NULL,1),(384,2,54,'1','1','1','1','1','1','1','2012-01-26 21:37:46',27,NULL,27),(385,4,54,'1','1','1','1','1','1','1','2012-01-26 21:37:55',27,NULL,27),(386,10,54,'1','1','1','1','1','0','1','2012-02-10 10:19:52',1,NULL,1),(387,1,55,'1','1','1','1','1','1','1','2012-01-25 16:52:46',1,NULL,1),(388,2,55,'1','1','1','1','1','1','1','2012-01-26 21:37:46',27,NULL,27),(389,4,55,'1','1','1','1','1','1','1','2012-01-26 21:37:55',27,NULL,27),(390,10,55,'1','1','1','1','1','0','1','2012-02-10 10:19:52',1,NULL,1),(391,1,56,'1','1','1','1','1','1','1','2012-01-25 16:52:46',1,NULL,1),(392,2,56,'1','1','1','1','1','1','1','2012-01-26 21:37:46',27,NULL,27),(393,4,56,'1','1','1','1','1','1','1','2012-01-26 21:37:55',27,NULL,27),(394,10,56,'1','1','1','1','1','0','1','2012-02-10 10:19:52',1,NULL,1);
/*!40000 ALTER TABLE `aclpermission` ENABLE KEYS */;
UNLOCK TABLES;

--
-- Table structure for table `aclresource`
--

DROP TABLE IF EXISTS `aclresource`;
/*!40101 SET @saved_cs_client     = @@character_set_client */;
/*!40101 SET character_set_client = utf8 */;
CREATE TABLE `aclresource` (
  `id` int(11) unsigned NOT NULL auto_increment,
  `name` varchar(50) NOT NULL,
  `description` varchar(255) NOT NULL,
  `create` enum('1','0') NOT NULL default '0',
  `edit` enum('1','0') NOT NULL default '0',
  `view` enum('1','0') NOT NULL default '0',
  `list` enum('1','0') NOT NULL default '0',
  `delete` enum('1','0') NOT NULL default '0',
  `approve` enum('1','0') NOT NULL default '0',
  `export` enum('1','0') NOT NULL default '0',
  `datecreated` datetime NOT NULL,
  `createdby` int(11) unsigned NOT NULL,
  `lastupdatedate` datetime default NULL,
  `lastupdatedby` int(11) unsigned default NULL,
  PRIMARY KEY  (`id`),
  KEY `fk_resource_createdby` (`createdby`),
  KEY `fk_resource_lastupdatedby` (`lastupdatedby`),
  CONSTRAINT `fk_resource_createdby` FOREIGN KEY (`createdby`) REFERENCES `useraccount` (`id`) ON DELETE CASCADE ON UPDATE CASCADE,
  CONSTRAINT `fk_resource_lastupdatedby` FOREIGN KEY (`lastupdatedby`) REFERENCES `useraccount` (`id`) ON DELETE CASCADE ON UPDATE CASCADE
) ENGINE=InnoDB AUTO_INCREMENT=57 DEFAULT CHARSET=utf8;
/*!40101 SET character_set_client = @saved_cs_client */;

--
-- Dumping data for table `aclresource`
--

LOCK TABLES `aclresource` WRITE;
/*!40000 ALTER TABLE `aclresource` DISABLE KEYS */;
INSERT INTO `aclresource` (`id`, `name`, `description`, `create`, `edit`, `view`, `list`, `delete`, `approve`, `export`, `datecreated`, `createdby`, `lastupdatedate`, `lastupdatedby`) VALUES (1,'Lookup Type','Look up types','0','0','1','1','0','0','1','2011-01-01 12:00:00',1,NULL,NULL),(2,'Lookup Value','Values for the lookup type','1','1','1','1','1','0','1','2011-01-01 12:00:00',1,NULL,NULL),(3,'User Account','A user within the application','1','1','1','1','1','0','1','2011-01-01 12:00:00',1,NULL,NULL),(4,'Audit Trail','Log of selected transactions within the application','0','0','1','1','0','0','1','2011-01-01 12:00:00',1,NULL,NULL),(5,'Role','Actions a member can execute on resources','1','1','1','1','1','0','1','2011-01-01 12:00:00',1,NULL,NULL),(6,'Dashboard','user dashboard','0','0','1','0','0','0','0','2011-02-11 13:22:16',1,NULL,NULL),(7,'Application Settings','Application Administration','1','1','1','1','0','0','0','2011-03-28 10:45:42',1,NULL,NULL),(8,'Region','Regions in Uganda','1','1','1','1','1','0','1','2011-03-28 13:37:09',1,NULL,NULL),(9,'District','','1','1','1','1','1','0','1','2011-03-28 13:38:17',1,NULL,NULL),(10,'County','','1','1','1','1','1','0','1','2011-03-28 13:45:46',1,NULL,NULL),(11,'Subcounty','','1','1','1','1','1','0','1','2011-03-28 13:46:01',1,NULL,NULL),(12,'Parish','','1','1','1','1','1','0','1','2011-03-28 13:46:24',1,NULL,NULL),(13,'Village','','1','1','1','1','1','0','1','2011-03-28 13:46:38',1,NULL,NULL),(14,'Commodity Category','Category for classifying commodities','1','1','1','1','1','0','1','2011-03-28 19:38:57',1,NULL,NULL),(15,'Commodity','commodity on which prices are submitted','1','1','1','1','1','0','1','2011-03-28 19:39:26',1,NULL,NULL),(16,'Business Directory Category','category within the business directory','1','1','1','1','1','0','1','2011-03-28 19:39:26',1,NULL,NULL),(17,'Contact','contact person or organization in business directory','1','1','1','1','1','0','1','2011-03-28 19:39:26',1,NULL,NULL),(18,'Price Category','different types of prices that a commodity can have','1','1','1','1','1','0','1','2011-03-28 19:39:26',1,NULL,NULL),(19,'Offer','offers to buy and sell commodities','1','1','1','1','1','0','1','2011-03-28 19:39:26',1,NULL,NULL),(20,'Market Price','Commodity prices from Markets','1','1','1','1','1','1','1','2011-01-01 12:00:00',1,NULL,NULL),(21,'Report','Overview page for the different reports available','0','0','1','0','0','0','0','2011-01-01 12:00:00',1,NULL,NULL),(22,'Commodity Unit','units of measure for the different commodities','1','1','1','1','0','0','0','2011-01-01 12:00:00',1,NULL,NULL),(23,'Price Source','A source of price information','1','1','1','1','0','0','0','2011-01-01 12:00:00',1,NULL,NULL),(25,'Market Prices Report','Market Prices Report','0','0','1','0','0','0','0','2011-04-13 19:07:47',1,NULL,NULL),(27,'Expired Offer','Offer whose expiry date has reached','0','1','0','0','0','0','0','2011-04-26 17:09:22',1,NULL,NULL),(28,'Approved Price','Commodity prices that have been approved','0','1','0','0','0','0','0','2011-04-26 17:10:18',1,NULL,NULL),(29,'Market Price Comparison Report','Graph comparing wholesale and retail commodity prices in different markets over time','0','0','1','0','0','0','0','2011-04-13 19:07:47',1,NULL,NULL),(30,'Average Market Prices Summary Report','Graph shoing average wholesale and retail commodity prices in different markets over time','0','0','1','0','0','0','0','2011-04-13 19:07:47',1,NULL,NULL),(31,'Aggregated Market Prices Detail Report','Report showing min, max, average and S.D for wholesale and retail commodity prices in different markets over time','0','0','1','0','0','0','0','2011-04-13 19:07:47',1,NULL,NULL),(32,'Fuel Price','Fuel prices','1','1','1','1','1','1','1','2011-05-20 12:55:40',1,NULL,NULL),(33,'Retail Price','Retail Prices for commodities','1','1','1','1','1','1','1','2011-05-20 12:57:12',1,NULL,NULL),(34,'Organic Price','Organic Prices for commodities','1','1','1','1','1','1','1','2011-05-20 12:57:12',1,NULL,NULL),(35,'Organisation','','1','1','1','1','1','1','1','2011-10-10 16:30:46',1,NULL,NULL),(36,'Multiple Price Sources','Submission of prices from multiple markets','0','0','1','0','0','0','0','2011-10-12 09:51:23',1,NULL,NULL),(37,'Data Entry','','0','0','1','0','0','0','0','2011-10-23 15:34:39',1,NULL,NULL),(38,'Market Prices Detail Report','','0','0','1','0','0','0','0','2011-10-23 15:34:39',1,NULL,NULL),(39,'Input Price','Input Prices for commodities','1','1','1','1','1','1','1','2011-05-20 12:57:12',1,NULL,NULL),(40,'Market Analysis Report','weekly market analysis report','1','1','1','1','1','0','0','2011-12-06 09:25:37',1,NULL,NULL),(41,'Current Market Prices Report','Report showing the current prices for market commoditites','0','0','1','0','0','0','0','2011-04-13 19:07:47',1,NULL,NULL),(42,'Current Fuel Prices Report','Report showing the current prices for fuel','0','0','1','0','0','0','0','2011-04-13 19:07:47',1,NULL,NULL),(43,'Historical Market Prices Report','Report showing the historical market prices','0','0','1','0','0','0','0','2011-04-13 19:07:47',1,NULL,NULL),(44,'Historical Fuel Prices Report','Report showing the historical fuel prices','0','0','1','0','0','0','0','2011-04-13 19:07:47',1,NULL,NULL),(45,'Crop Production Information','Crop Production Information','1','1','1','1','1','1','1','2012-02-08 10:29:24',1,NULL,NULL),(46,'Livestock Production','Livestock Production','1','1','1','1','1','1','1','2012-02-08 10:30:13',1,NULL,NULL),(47,'Agricultural Chemical','Agricultural Chemical','1','1','1','1','1','1','1','2012-02-08 10:30:48',1,NULL,NULL),(48,'Tourist Attraction','profile of a tourist attraction within a distroct','1','1','1','1','1','1','1','2012-02-08 10:31:33',1,NULL,NULL),(49,'Fishing Sector Information','Fishing Sector Information','1','1','1','1','1','1','1','2012-02-08 10:31:54',1,NULL,NULL),(50,'Handcraft Sector Information','Handcraft Sector Information','1','1','1','1','1','1','1','2012-02-08 10:32:19',1,NULL,NULL),(51,'District Business Directory','District Business Directory','1','1','1','1','1','1','1','2012-02-08 10:32:56',1,NULL,NULL),(52,'Location Statistic','The different statistics for locations','1','1','1','1','1','1','1','2012-01-25 16:48:36',1,NULL,NULL),(53,'Location Details','The details of a district','1','1','1','1','1','0','1','2012-02-29 14:12:00',1,NULL,NULL),(54,'Water Body','The details of a district','1','1','1','1','1','0','1','2012-02-29 14:12:00',1,NULL,NULL),(55,'Landing Site','The details of a district','1','1','1','1','1','0','1','2012-02-29 14:12:00',1,NULL,NULL),(56,'Boat','The details of a district','1','1','1','1','1','0','1','2012-02-29 14:12:00',1,NULL,NULL);
/*!40000 ALTER TABLE `aclresource` ENABLE KEYS */;
UNLOCK TABLES;

--
-- Table structure for table `aclusergroup`
--

DROP TABLE IF EXISTS `aclusergroup`;
/*!40101 SET @saved_cs_client     = @@character_set_client */;
/*!40101 SET character_set_client = utf8 */;
CREATE TABLE `aclusergroup` (
  `id` int(11) unsigned NOT NULL auto_increment,
  `groupid` int(11) unsigned NOT NULL,
  `userid` int(11) unsigned default NULL,
  PRIMARY KEY  (`id`),
  UNIQUE KEY `unique_group_user` (`groupid`,`userid`),
  KEY `fk_aclusergroup_userid` (`userid`),
  CONSTRAINT `fk_aclusergroup_groupid` FOREIGN KEY (`groupid`) REFERENCES `aclgroup` (`id`) ON DELETE CASCADE ON UPDATE CASCADE,
  CONSTRAINT `fk_aclusergroup_userid` FOREIGN KEY (`userid`) REFERENCES `useraccount` (`id`) ON DELETE CASCADE ON UPDATE CASCADE
) ENGINE=InnoDB AUTO_INCREMENT=203 DEFAULT CHARSET=utf8;
/*!40101 SET character_set_client = @saved_cs_client */;

--
-- Dumping data for table `aclusergroup`
--

LOCK TABLES `aclusergroup` WRITE;
/*!40000 ALTER TABLE `aclusergroup` DISABLE KEYS */;
INSERT INTO `aclusergroup` (`id`, `groupid`, `userid`) VALUES (1,1,1),(2,1,2),(48,1,47),(30,2,30),(32,2,31),(62,2,60),(72,2,70),(5,3,5),(7,3,7),(8,3,8),(9,3,9),(10,3,10),(11,3,11),(12,3,12),(13,3,13),(14,3,14),(15,3,15),(16,3,16),(17,3,17),(18,3,18),(19,3,19),(20,3,20),(21,3,21),(22,3,22),(23,3,23),(24,3,24),(25,3,25),(26,3,26),(35,3,34),(42,3,41),(43,3,42),(44,3,43),(56,3,54),(68,3,66),(70,3,68),(71,3,69),(85,3,82),(86,3,83),(88,3,84),(164,3,192),(165,3,193),(181,3,209),(4,4,4),(27,4,27),(28,4,28),(29,4,29),(74,4,30),(54,4,44),(150,4,145),(3,5,3),(45,5,44),(47,5,46),(49,5,48),(50,5,49),(51,5,50),(52,5,51),(53,5,52),(46,7,45),(87,7,83),(89,7,84),(55,8,53),(57,8,55),(58,8,56),(59,8,57),(61,8,59),(63,8,61),(64,8,62),(65,8,63),(66,8,64),(67,8,65),(69,8,67),(73,8,71),(75,8,72),(76,8,73),(77,8,74),(78,8,75),(79,8,76),(80,8,77),(81,8,78),(82,8,79),(84,8,81),(90,8,85),(91,8,86),(92,8,87),(93,8,88),(94,8,89),(95,8,90),(96,8,91),(97,8,92),(98,8,93),(99,8,94),(100,8,95),(101,8,96),(102,8,97),(103,8,98),(106,8,101),(107,8,102),(108,8,103),(109,8,104),(110,8,105),(111,8,106),(112,8,107),(113,8,108),(114,8,109),(115,8,110),(117,8,112),(118,8,113),(119,8,114),(120,8,115),(121,8,116),(122,8,117),(123,8,118),(124,8,119),(125,8,120),(128,8,123),(129,8,124),(130,8,125),(132,8,127),(134,8,129),(135,8,130),(136,8,131),(137,8,132),(138,8,133),(139,8,134),(140,8,135),(141,8,136),(142,8,137),(143,8,138),(144,8,139),(145,8,140),(146,8,141),(147,8,142),(148,8,143),(149,8,144),(151,8,146),(152,8,147),(153,8,148),(154,8,149),(155,8,150),(156,8,151),(158,8,186),(159,8,187),(160,8,188),(161,8,189),(162,8,190),(163,8,191),(166,8,194),(168,8,196),(169,8,197),(170,8,198),(171,8,199),(172,8,200),(173,8,201),(174,8,202),(175,8,203),(176,8,204),(177,8,205),(178,8,206),(179,8,207),(180,8,208),(182,8,210),(183,8,211),(184,8,212),(185,8,213),(186,8,214),(187,8,215),(188,8,216),(189,8,217),(190,8,218),(191,8,219),(192,8,220),(193,8,221),(194,8,222),(195,8,223),(196,8,224),(197,8,225),(198,8,226),(199,8,227),(200,8,228),(201,8,229),(202,8,230),(60,9,58),(157,10,185),(167,10,195);
/*!40000 ALTER TABLE `aclusergroup` ENABLE KEYS */;
UNLOCK TABLES;

--
-- Table structure for table `appconfig`
--

DROP TABLE IF EXISTS `appconfig`;
/*!40101 SET @saved_cs_client     = @@character_set_client */;
/*!40101 SET character_set_client = utf8 */;
CREATE TABLE `appconfig` (
  `id` int(11) unsigned NOT NULL auto_increment,
  `section` varchar(50) NOT NULL default '',
  `optionname` varchar(50) NOT NULL,
  `description` varchar(255) NOT NULL,
  `optionvalue` varchar(255) default '',
  `optiontype` varchar(15) default '',
  `active` enum('Y','N') NOT NULL default 'Y',
  `datecreated` datetime NOT NULL,
  `createdby` int(11) unsigned NOT NULL,
  `lastupdatedate` datetime default NULL,
  `lastupdatedby` int(11) unsigned default NULL,
  PRIMARY KEY  (`id`),
  KEY `fk_appconfig_createdby` USING BTREE (`createdby`),
  KEY `fk_appconfig_lastupdatedby` USING BTREE (`lastupdatedby`),
  CONSTRAINT `fk_appconfig_createdby` FOREIGN KEY (`createdby`) REFERENCES `useraccount` (`id`) ON DELETE CASCADE ON UPDATE CASCADE,
  CONSTRAINT `fk_appconfig_lastupdatedby` FOREIGN KEY (`lastupdatedby`) REFERENCES `useraccount` (`id`) ON DELETE CASCADE ON UPDATE CASCADE
) ENGINE=InnoDB AUTO_INCREMENT=44 DEFAULT CHARSET=utf8;
/*!40101 SET character_set_client = @saved_cs_client */;

--
-- Dumping data for table `appconfig`
--

LOCK TABLES `appconfig` WRITE;
/*!40000 ALTER TABLE `appconfig` DISABLE KEYS */;
INSERT INTO `appconfig` (`id`, `section`, `optionname`, `description`, `optionvalue`, `optiontype`, `active`, `datecreated`, `createdby`, `lastupdatedate`, `lastupdatedby`) VALUES (1,'backup','retentionperiod','','30','int','Y','2011-05-18 08:59:47',1,NULL,NULL),(2,'backup','scriptfolder','The path relative to the APPLICATION_PATH variable, use a starting / since the variable is a folder name','/backup/scripts','text','Y','2011-05-18 09:00:12',1,NULL,NULL),(3,'backup','usegzip','Whether to use gzip compression or not, options are yes and no','no','text','Y','2011-05-18 09:49:32',1,NULL,NULL),(4,'backup','removesqlfile','Remove SQL file after processing, options are yes and no','no','text','Y','2011-05-18 09:50:49',1,NULL,NULL),(5,'backup','sendemail','Send backup via email, options are yes and no','no','text','Y','2011-05-18 09:51:20',1,NULL,NULL),(6,'currency','defaultsymbol','','Shs','text','Y','2011-05-18 09:51:50',1,NULL,NULL),(7,'currency','default','','Shs','text','Y','2011-05-18 09:52:09',1,NULL,NULL),(8,'currency','decimalplaces','','0','int','Y','2011-05-18 09:52:35',1,NULL,NULL),(9,'currency','mincurrencyvalue','','50','decimal','Y','2011-05-18 09:53:11',1,NULL,NULL),(10,'currency','maxcurrencyvalue','','10000000','decimal','Y','2011-05-18 09:53:50',1,NULL,NULL),(11,'contact','defaultcontacttype','','1','int','Y','2011-05-18 09:54:16',1,NULL,NULL),(12,'dateandtime','shortformat','','d/m/Y','text','Y','2011-05-18 09:54:47',1,NULL,NULL),(13,'dateandtime','mediumformat','','M j, Y','text','Y','2011-05-18 09:55:09',1,NULL,NULL),(14,'dateandtime','longformat','','l, j F Y','text','Y','2011-05-18 09:55:32',1,NULL,NULL),(15,'dateandtime','mysqlformat','','%d/%m/%Y','text','Y','2011-05-18 09:56:03',1,NULL,NULL),(16,'dateandtime','mysqlmediumformat','','%b %d, %Y','text','Y','2011-05-18 09:56:35',1,NULL,NULL),(17,'dateandtime','mysqldateandtimeformat','','%m/%d/%Y - %H:%i:%s','text','Y','2011-05-18 09:58:56',1,NULL,NULL),(18,'dateandtime','javascriptshortformat','','dd/m/yy','text','Y','2011-05-18 10:49:11',1,NULL,NULL),(20,'dateandtime','javascriptmediumformat','','M dd, yy','text','Y','2011-05-18 10:50:03',1,NULL,NULL),(21,'dateandtime','manyyearsrange','','110','int','Y','2011-05-18 10:51:23',1,NULL,NULL),(22,'dateandtime','reportgenerationtimestamp','','l F d, Y h:i:s A e','text','Y','2011-05-18 10:52:27',1,NULL,NULL),(23,'dateandtime','audittraildatetimeformat','','d/m/y g:i a','text','Y','2011-05-18 10:53:32',1,NULL,NULL),(24,'dateandtime','mindate','The number of years allowed before the current date','9','int','Y','2011-05-18 10:53:51',1,'2012-04-10 11:11:22',27),(25,'dateandtime','maxdate','The number of years allowed ahead','1','int','Y','2011-05-18 10:54:10',1,NULL,NULL),(26,'menu','configfile','Location of the configuration file','../config/menu.xml','text','Y','2011-05-18 11:04:30',1,NULL,NULL),(27,'menu','baselement','The base element for the menu configuration','nav','text','Y','2011-05-18 11:05:01',1,NULL,NULL),(28,'pagination','itemsperpage','','10','int','Y','2011-05-18 11:13:05',1,NULL,NULL),(29,'password','minlength','Minimum password length','6','int','Y','2011-05-18 11:21:43',1,NULL,NULL),(30,'password','maxlength','Maximum length of a password','40','int','Y','2011-05-18 11:33:00',1,NULL,NULL),(31,'password','daystoexpire','Number of days before a password expires','90','int','Y','2011-05-18 11:33:34',1,NULL,NULL),(32,'price','nullamountsymbol','Symbol for null amounts','---','text','Y','2011-05-18 11:34:24',1,NULL,NULL),(33,'backup','databasebackupemail','','1@devmail.infomacorp.com','text','Y','2011-05-18 11:35:04',1,NULL,NULL),(34,'contact','mincontactcategories','','10','int','Y','2011-06-06 12:00:00',1,NULL,NULL),(35,'organisationdistrict','maximumrows','','10','int','Y','2011-10-23 15:34:39',1,NULL,NULL),(37,'logo','allowedformats','Allowed formats for logo','png,jpg,jpeg','text','Y','2011-11-16 16:20:30',1,NULL,NULL),(38,'logo','maximumfilesize','Maximum Allowed logo file size in bytes','2000000','int','Y','2011-11-16 16:21:31',1,NULL,NULL),(39,'marketpriceanalysisreport','minvolume','The minimum volume currently being used','1','int','Y','2011-11-16 16:20:30',1,NULL,NULL),(40,'marketpriceanalysisreport','maxvolume','The maximum volume currently being used','12','int','Y','2011-11-16 16:21:31',1,'2012-06-05 09:40:38',27),(41,'locationstatistic','maximumrows','The maximum number of rows for location statistic','10','int','Y','2012-01-26 15:34:01',1,NULL,NULL),(42,'locationstatistic','rowsdisplayedfornew','The min number of rows to display for new','4','int','Y','2012-01-26 16:23:59',1,NULL,NULL),(43,'lgmis','locations','Locations to be displayed in LGMIS','15,10,24,109,14,47,42,43380,43381,29','text','Y','2012-02-09 14:16:58',1,NULL,NULL);
/*!40000 ALTER TABLE `appconfig` ENABLE KEYS */;
UNLOCK TABLES;

--
-- Table structure for table `audittrail`
--

DROP TABLE IF EXISTS `audittrail`;
/*!40101 SET @saved_cs_client     = @@character_set_client */;
/*!40101 SET character_set_client = utf8 */;
CREATE TABLE `audittrail` (
  `id` int(11) unsigned NOT NULL auto_increment,
  `userid` int(11) unsigned default NULL,
  `transactiontype` varchar(50) NOT NULL,
  `transactiondetails` mediumtext,
  `transactiondate` datetime NOT NULL,
  `executedby` int(11) unsigned default NULL,
  `success` enum('N','Y') NOT NULL default 'N',
  `browserdetails` varchar(50) default NULL,
  PRIMARY KEY  (`id`),
  KEY `fk_audittrail_userid` (`userid`),
  KEY `fk_audittrail_transactiontype` (`transactiontype`),
  KEY `fk_audittrail_executedby` (`executedby`),
  CONSTRAINT `fk_audittrail_executedby` FOREIGN KEY (`executedby`) REFERENCES `useraccount` (`id`) ON DELETE CASCADE ON UPDATE CASCADE,
  CONSTRAINT `fk_audittrail_userid` FOREIGN KEY (`userid`) REFERENCES `useraccount` (`id`) ON DELETE CASCADE ON UPDATE CASCADE
) ENGINE=InnoDB AUTO_INCREMENT=4687 DEFAULT CHARSET=utf8;
/*!40101 SET character_set_client = @saved_cs_client */;

--
-- Dumping data for table `audittrail`
--

LOCK TABLES `audittrail` WRITE;
/*!40000 ALTER TABLE `audittrail` DISABLE KEYS */;
INSERT INTO `audittrail` (`id`, `userid`, `transactiontype`, `transactiondetails`, `transactiondate`, `executedby`, `success`, `browserdetails`) VALUES (1,NULL,'user.login','Login for user with email \'kabonesaregina@yahoo.com\' successful','2011-11-16 15:37:08',NULL,'Y','Firefox 3.5.19 Windows'),(2,NULL,'user.login','Login for user with email \'kabonesaregina@yahoo.com\' successful','2011-11-16 15:46:40',NULL,'Y','Firefox 3.5.19 Windows'),(3,NULL,'user.login','Login for user with email \'paul@fituganda.com\' successful','2011-11-16 16:05:11',NULL,'Y','Chrome 15.0.874.106 Windows'),(4,NULL,'user.login','Login for user with email \'ocharobenjmin@yahoo.com\' successful','2011-11-16 16:44:39',NULL,'Y','Firefox 3.5.2 Windows'),(5,NULL,'user.login','Login for user with email \'developer@infoma.com\' successful','2011-11-16 17:44:31',NULL,'Y','Firefox 7.0.1 Windows'),(6,NULL,'user.login','Login for user with email \'mmackarious@yahoo.com\' successful','2011-11-16 18:21:25',NULL,'Y','Firefox 4.0.1 Windows'),(7,NULL,'user.login','Login for user with email \'walubogodfrey@yahoo.com\' successful','2011-11-17 07:18:49',NULL,'Y','Firefox 4.0 Windows'),(8,NULL,'user.login','Login for user with email \'walugeo@gmail.com\' successful','2011-11-17 07:36:01',NULL,'Y','Firefox 4.0 Windows'),(9,NULL,'user.login','Login for user with email \'ronnlytrust@yahoo.com\' successful','2011-11-17 08:13:45',NULL,'Y','Firefox 5.0 Windows'),(10,NULL,'user.login','Login for user with email \'ronnlytrust@yahoo.com\' successful','2011-11-17 08:17:30',NULL,'Y','Firefox 5.0 Windows'),(11,NULL,'user.login','Login for user with email \'charlesodeke@yahoo.com\' successful','2011-11-17 09:00:49',NULL,'Y','Safari 5.1 Windows'),(12,NULL,'user.login','Login for user with email \'paul@fituganda.com\' successful','2011-11-17 09:45:37',NULL,'Y','Chrome 15.0.874.106 Windows'),(13,NULL,'user.login','Login for user with email \'uganadaruraldevelopmentinitiative@yahoo.com\' failed. Invalid username or password','2011-11-17 11:05:52',NULL,'N','Internet Explorer 6.0 Windows'),(14,NULL,'user.login','Login for user with email \'uganadaruraldevelopmentinitiative@yahoo.com\' failed. Invalid username or password','2011-11-17 11:05:53',NULL,'N','Internet Explorer 6.0 Windows'),(15,NULL,'user.login','Login for user with email \'ugandaruraldevelopmentinitiative@yahoo.com\' successful','2011-11-17 11:06:36',NULL,'Y','Internet Explorer 6.0 Windows'),(16,NULL,'user.login','Login for user with email \'wgraves@fituganda.com\' successful','2011-11-17 11:56:00',NULL,'Y','Chrome 15.0.874.106 Windows'),(17,NULL,'user.login','Login for user with email \'naomenassazi@gmail.com\' successful','2011-11-17 13:41:10',NULL,'Y','Firefox 3.6.23 Windows'),(18,NULL,'user.login','Login for user with email \'ugandaruraldevelopmentinitiative@yahoo.com\' successful','2011-11-17 17:52:40',NULL,'Y','Internet Explorer 8.0 Windows'),(19,NULL,'user.login','Login for user with email \'mmackarious@yahoo.com\' successful','2011-11-17 19:03:53',NULL,'Y','Firefox 4.0.1 Windows'),(20,NULL,'user.login','Login for user with email \'basazash@yahoo.co.uk\' successful','2011-11-17 19:04:09',NULL,'Y','Firefox 6.0.1 Windows'),(21,NULL,'user.login','Login for user with email \'tadeombasiima@yahoo.com\' successful','2011-11-17 19:17:17',NULL,'Y','Firefox 8.0 Windows'),(22,NULL,'user.login','Login for user with email \'basazash@yahoo.co.uk\' successful','2011-11-17 19:27:04',NULL,'Y','Firefox 6.0.1 Windows'),(23,NULL,'user.login','Login for user with email \'k.patricia@fituganda.com\' successful','2011-11-18 08:52:16',NULL,'Y','Firefox 7.0.1 Windows'),(24,NULL,'user.login','Login for user with email \'paul@fituganda.com\' successful','2011-11-18 09:14:48',NULL,'Y','Chrome 15.0.874.106 Windows'),(25,NULL,'user.login','Login for user with email \'paul@fituganda.com\' successful','2011-11-18 10:55:51',NULL,'Y','Chrome 15.0.874.106 Windows'),(26,NULL,'user.login','Login for user with email \'agmis@fituganda.com\' failed. Invalid username or password','2011-11-18 11:44:04',NULL,'N','Chrome 15.0.874.120 Windows'),(27,NULL,'user.login','Login for user with email \'elawrence@fituganda.com\' failed. Invalid username or password','2011-11-18 11:46:52',NULL,'N','Chrome 15.0.874.120 Windows'),(28,NULL,'user.login','Login for user with email \'agmis@fituganda.com\' failed. Invalid username or password','2011-11-18 11:47:00',NULL,'N','Chrome 15.0.874.120 Windows'),(29,NULL,'user.login','Login for user with email \'developer@infoma.com\' successful','2011-11-18 11:47:13',NULL,'Y','Chrome 15.0.874.120 Windows'),(30,NULL,'user.login','Login for user with email \'bukenya_h@yahoo.com\' failed. Invalid username or password','2011-11-18 13:40:31',NULL,'N','Internet Explorer 8.0 Windows'),(31,NULL,'user.login','Login for user with email \'bukenya_h@yahoo.com\' successful','2011-11-18 13:41:13',NULL,'Y','Internet Explorer 8.0 Windows'),(32,NULL,'user.login','Login for user with email \'paul@fituganda.com\' successful','2011-11-18 14:33:26',NULL,'Y','Chrome 15.0.874.120 Windows'),(33,NULL,'user.login','Login for user with email \'kemd3130@yahoo.com\' successful','2011-11-18 15:23:02',NULL,'Y','Firefox 3.6.23 Windows'),(34,NULL,'user.login','Login for user with email \'kemd3130@yahoo.com\' successful','2011-11-18 16:28:17',NULL,'Y','Firefox 3.6.24 Windows'),(35,NULL,'user.login','Login for user with email \'kemd3130@yahoo.com\' successful','2011-11-18 16:47:54',NULL,'Y','Firefox 3.6.24 Windows'),(36,NULL,'user.login','Login for user with email \'kemd3130@yahoo.com\' successful','2011-11-18 16:54:48',NULL,'Y','Internet Explorer 9.0 Windows'),(37,NULL,'user.login','Login for user with email \'abuyazedisabirye@yahoo.com\' successful','2011-11-19 10:05:32',NULL,'Y','Firefox 3.6.24 Windows'),(38,NULL,'user.login','Login for user with email \'balikoowamusa@yahoo.com\' successful','2011-11-19 10:38:48',NULL,'Y','Firefox 6.0 Windows'),(39,NULL,'user.login','Login for user with email \'kabonesaregina@yahoo.com\' successful','2011-11-19 12:52:10',NULL,'Y','Firefox 3.6.24 Windows'),(40,NULL,'user.login','Login for user with email \'mukwanarichard@gmail.com\' successful','2011-11-19 12:52:36',NULL,'Y','Firefox 3.6.24 Windows'),(41,NULL,'user.login','Login for user with email \'ocharobenjmin@yahoo.com\' successful','2011-11-19 17:11:20',NULL,'Y','Firefox 3.6.24 Windows'),(42,NULL,'user.login','Login for user with email \'basazash@yahoo.co.uk\' successful','2011-11-19 19:19:47',NULL,'Y','Firefox 3.0.19 Windows'),(43,NULL,'user.login','Login for user with email \'walubogodfrey@yahoo.com\' successful','2011-11-19 19:51:38',NULL,'Y','Firefox 4.0 Windows'),(44,NULL,'user.login','Login for user with email \'walugeo@gmail.com\' successful','2011-11-19 20:12:11',NULL,'Y','Firefox 4.0 Windows'),(45,NULL,'user.login','Login for user with email \'mayombwejackson@gmail.com\' successful','2011-11-20 13:45:05',NULL,'Y','Firefox 7.0.1 Windows'),(46,NULL,'user.login','Login for user with email \'mayombwejackson@gmail.com\' successful','2011-11-20 13:54:19',NULL,'Y','Firefox 7.0.1 Windows'),(47,NULL,'user.login','Login for user with email \'mayombwejackson@gmail.com\' successful','2011-11-20 13:58:59',NULL,'Y','Firefox 7.0.1 Windows'),(48,NULL,'user.login','Login for user with email \'mayombwejackson@gmail.com\' successful','2011-11-20 14:25:10',NULL,'Y','Firefox 7.0.1 Windows'),(49,NULL,'user.login','Login for user with email \'k.patricia@fituganda.com\' successful','2011-11-21 07:51:26',NULL,'Y','Firefox 7.0.1 Windows'),(50,NULL,'user.login','Login for user with email \'naomenassazi@gmail.com\' successful','2011-11-21 10:09:27',NULL,'Y','Firefox 3.6.24 Windows'),(51,NULL,'user.login','Login for user with email \'mukwanarichard@gmail.com\' successful','2011-11-21 10:56:12',NULL,'Y','Internet Explorer 7.0 Windows'),(52,NULL,'user.login','Login for user with email \'mmackarious@yahoo.com\' successful','2011-11-21 11:05:32',NULL,'Y','Firefox 4.0.1 Windows'),(53,NULL,'user.login','Login for user with email \'ronnlytrust@yahoo.com\' successful','2011-11-21 11:33:43',NULL,'Y','Firefox 5.0 Windows'),(54,NULL,'user.login','Login for user with email \'ronnlytrust@yahoo.com\' successful','2011-11-21 11:37:12',NULL,'Y','Firefox 5.0 Windows'),(55,NULL,'user.login','Login for user with email \'charlesodeke@yahoo.com\' successful','2011-11-21 12:30:18',NULL,'Y','Firefox 8.0 Windows'),(56,NULL,'user.login','Login for user with email \'kaonesaregina@yahoo.com\' failed. Invalid username or password','2011-11-21 12:41:09',NULL,'N','Firefox 5.0.1 Windows'),(57,NULL,'user.login','Login for user with email \'kaonesaregina@yahoo.com\' failed. Invalid username or password','2011-11-21 12:41:37',NULL,'N','Firefox 5.0.1 Windows'),(58,NULL,'user.login','Login for user with email \'kabonesaregina@yahoo.com\' successful','2011-11-21 12:42:22',NULL,'Y','Firefox 5.0.1 Windows'),(59,NULL,'user.login','Login for user with email \'abuyazedisabirye@yahoo.com\' failed. Invalid username or password','2011-11-21 13:32:54',NULL,'N','Firefox 3.6.24 Windows'),(60,NULL,'user.login','Login for user with email \'abuyazedisabirye@yahoo.com\' successful','2011-11-21 13:33:08',NULL,'Y','Firefox 3.6.24 Windows'),(61,NULL,'user.login','Login for user with email \'developer@infoma.com\' successful','2011-11-21 14:03:22',NULL,'Y','Firefox 7.0.1 Windows'),(62,NULL,'user.login','Login for user with email \'paul@fituganda.com\' successful','2011-11-21 14:22:14',NULL,'Y','Chrome 15.0.874.106 Windows'),(63,NULL,'user.login','Login for user with email \'k.patrica@fituganda.com\' failed. Invalid username or password','2011-11-21 15:16:33',NULL,'N','Firefox 7.0.1 Windows'),(64,NULL,'user.login','Login for user with email \'k.patrica@fituganda.com\' failed. Invalid username or password','2011-11-21 15:16:55',NULL,'N','Firefox 7.0.1 Windows'),(65,NULL,'user.login','Login for user with email \'k.patricia@fituganda.comi\' failed. Invalid username or password','2011-11-21 15:17:34',NULL,'N','Firefox 7.0.1 Windows'),(66,NULL,'user.login','Login for user with email \'k.patricia@fituganda.com\' successful','2011-11-21 15:17:59',NULL,'Y','Firefox 7.0.1 Windows'),(67,NULL,'user.login','Login for user with email \'ocharobenjmin@yahoo.com\' successful','2011-11-21 15:21:43',NULL,'Y','Firefox 3.6.24 Windows'),(68,NULL,'user.login','Login for user with email \'k.patricia@fituganda.com\' successful','2011-11-21 15:39:26',NULL,'Y','Firefox 7.0.1 Windows'),(69,NULL,'user.login','Login for user with email \'basazash@yahoo.co.uk\' successful','2011-11-21 16:17:04',NULL,'Y','Firefox 3.0.19 Windows'),(70,NULL,'user.login','Login for user with email \'ocharobenjmin@yahoo.com\' successful','2011-11-21 18:05:39',NULL,'Y','Firefox 3.6.3 Windows'),(71,NULL,'user.login','Login for user with email \'balikoowamusa@yahoo.com\' successful','2011-11-21 18:28:05',NULL,'Y','Firefox 6.0 Windows'),(72,NULL,'user.login','Login for user with email \'achadri@yahoo.com\' successful','2011-11-21 19:52:11',NULL,'Y','Internet Explorer 6.0 Windows'),(73,NULL,'user.login','Login for user with email \'achadri@yahoo.com\' failed. Invalid username or password','2011-11-21 20:29:58',NULL,'N','Internet Explorer 6.0 Windows'),(74,NULL,'user.login','Login for user with email \'achadri@yahoo.com\' successful','2011-11-21 20:30:17',NULL,'Y','Internet Explorer 6.0 Windows'),(75,NULL,'user.login','Login for user with email \'walubogodfrey@yahoo.com\' successful','2011-11-22 08:14:22',NULL,'Y','Firefox 4.0 Windows'),(76,NULL,'user.login','Login for user with email \'walugeo@gmail.com\' successful','2011-11-22 08:35:00',NULL,'Y','Firefox 4.0 Windows'),(77,NULL,'user.login','Login for user with email \'tadeombasiima@yahoo.com\' successful','2011-11-22 10:07:33',NULL,'Y','Firefox 3.6 Windows'),(78,NULL,'user.login','Login for user with email \'ronnlytrust@yahoo.com\' successful','2011-11-22 10:10:41',NULL,'Y','Firefox 7.0.1 Windows'),(79,NULL,'user.login','Login for user with email \'paul@fituganda.com\' successful','2011-11-22 10:17:01',NULL,'Y','Chrome 15.0.874.106 Windows'),(80,NULL,'user.login','Login for user with email \'henrybwire83@yahoo.com\' successful','2011-11-22 10:39:13',NULL,'Y','Firefox 6.0 Windows'),(81,NULL,'user.login','Login for user with email \'k.patricia@fituganda.com\' successful','2011-11-22 11:10:59',NULL,'Y','Firefox 7.0.1 Windows'),(82,NULL,'user.login','Login for user with email \'jbrowning@fituganda.com\' successful','2011-11-22 12:05:11',NULL,'Y','Firefox 7.0.1 Windows'),(83,NULL,'user.login','Login for user with email \'jbrowning@fituganda.com\' successful','2011-11-22 12:14:24',NULL,'Y','Firefox 7.0.1 Windows'),(84,NULL,'user.login','Login for user with email \'jbrowning@fituganda.com\' successful','2011-11-22 12:15:39',NULL,'Y','Firefox 7.0.1 Windows'),(85,NULL,'user.login','Login for user with email \'rbrowning@fituganda.com\' failed. Invalid username or password','2011-11-22 12:24:37',NULL,'N','Firefox 7.0.1 Windows'),(86,NULL,'user.login','Login for user with email \'jbrowning@fituganda.com\' successful','2011-11-22 12:26:41',NULL,'Y','Firefox 7.0.1 Windows'),(87,NULL,'user.login','Login for user with email \'developer@infoma.com\' successful','2011-11-22 12:35:14',NULL,'Y','Firefox 7.0.1 Windows'),(88,NULL,'user.login','Login for user with email \'k.patricia@fituganda.com\' successful','2011-11-22 12:35:38',NULL,'Y','Firefox 7.0.1 Windows'),(89,NULL,'user.login','Login for user with email \'tadeombasiima@yahoo.com\' successful','2011-11-22 15:39:19',NULL,'Y','Firefox 8.0 Windows'),(90,NULL,'user.login','Login for user with email \'mayooswizily@gmail.com\' failed. Invalid username or password','2011-11-22 23:20:21',NULL,'N','Internet Explorer 6.0 Windows'),(91,NULL,'user.login','Login for user with email \'mayombwejackson@gmail.com\' successful','2011-11-22 23:21:49',NULL,'Y','Internet Explorer 6.0 Windows'),(92,NULL,'user.login','Login for user with email \'mayombwejackson@gmail.com\' successful','2011-11-22 23:34:19',NULL,'Y','Internet Explorer 6.0 Windows'),(93,NULL,'user.login','Login for user with email \'k.patricia@fituganda.com\' successful','2011-11-23 09:06:26',NULL,'Y','Firefox 7.0.1 Windows'),(94,NULL,'user.login','Login for user with email \'kaonesaregina@yahoo.com\' failed. Invalid username or password','2011-11-23 09:07:52',NULL,'N','Firefox 5.0.1 Windows'),(95,NULL,'user.login','Login for user with email \'kaonesaregina@yahoo.com\' failed. Invalid username or password','2011-11-23 09:08:17',NULL,'N','Firefox 5.0.1 Windows'),(96,NULL,'user.login','Login for user with email \'kaonesaregina@yahoo.com\' failed. Invalid username or password','2011-11-23 09:08:46',NULL,'N','Firefox 5.0.1 Windows'),(97,NULL,'user.login','Login for user with email \'kabonesaregina@yahoo.com\' successful','2011-11-23 09:09:17',NULL,'Y','Firefox 5.0.1 Windows'),(98,NULL,'user.login','Login for user with email \'balikoowamusa@yahoo.com\' successful','2011-11-23 09:49:09',NULL,'Y','Firefox 6.0 Windows'),(99,NULL,'user.login','Login for user with email \'henrybwire83@yahoo.com\' successful','2011-11-23 10:08:35',NULL,'Y','Firefox 6.0 Windows'),(100,NULL,'user.login','Login for user with email \'henrybwire83@yahoo.com\' successful','2011-11-23 10:56:11',NULL,'Y','Firefox 6.0 Windows'),(101,NULL,'user.login','Login for user with email \'jbrowing@fituganda.com\' failed. Invalid username or password','2011-11-23 11:04:27',NULL,'N','Firefox 6.0.2 Windows'),(102,NULL,'user.login','Login for user with email \'jbrowning@fituganda.com\' successful','2011-11-23 11:06:19',NULL,'Y','Firefox 6.0.2 Windows'),(103,NULL,'user.login','Login for user with email \'mkbetty@yahoo.com\' failed. Invalid username or password','2011-11-23 11:08:05',NULL,'N','Firefox 6.0.2 Windows'),(104,NULL,'user.login','Login for user with email \'paul@fituganda.com\' successful','2011-11-23 11:08:09',NULL,'Y','Firefox 8.0 Windows'),(105,NULL,'user.login','Login for user with email \'mkbetty@yahoo.com\' failed. Invalid username or password','2011-11-23 11:08:40',NULL,'N','Firefox 6.0.2 Windows'),(106,NULL,'user.login','Login for user with email \'k.patricia@fituganda.com\' successful','2011-11-23 11:09:23',NULL,'Y','Firefox 6.0.2 Windows'),(107,NULL,'user.login','Login for user with email \'jbrowning@fituganda.com\' successful','2011-11-23 11:13:18',NULL,'Y','Firefox 6.0.2 Windows'),(108,NULL,'user.login','Login for user with email \'jbrowning@fituganda.com\' successful','2011-11-23 11:16:46',NULL,'Y','Firefox 8.0 Windows'),(109,NULL,'user.login','Login for user with email \'paul@fituganda.com\' successful','2011-11-23 11:24:56',NULL,'Y','Internet Explorer 9.0 Windows'),(110,NULL,'user.login','Login for user with email \'mkbetty@yahoo.com\' successful','2011-11-23 11:30:37',NULL,'Y','Firefox 8.0 Windows'),(111,NULL,'user.login','Login for user with email \'k.patricia@fituganda.com\' successful','2011-11-23 11:32:20',NULL,'Y','Firefox 6.0.2 Windows'),(112,NULL,'user.login','Login for user with email \'k.patricia@fituganda.com\' successful','2011-11-23 11:33:26',NULL,'Y','Firefox 6.0.2 Windows'),(113,NULL,'user.login','Login for user with email \'mkbetty@yahoo.com\' successful','2011-11-23 11:33:39',NULL,'Y','Firefox 8.0 Windows'),(114,NULL,'user.login','Login for user with email \'jbrowning@fituganda.com\' successful','2011-11-23 11:37:40',NULL,'Y','Firefox 8.0 Windows'),(115,NULL,'user.login','Login for user with email \'abuyazedisabirye@yahoo.com\' successful','2011-11-23 11:41:20',NULL,'Y','Firefox 7.0.1 Windows'),(116,NULL,'user.login','Login for user with email \'developer@infoma.com\' successful','2011-11-23 12:05:39',NULL,'Y','Chrome 15.0.874.121 Windows'),(117,NULL,'user.login','Login for user with email \'ronnlytrust@yahoo.com\' successful','2011-11-23 12:17:42',NULL,'Y','Firefox 5.0 Windows'),(118,NULL,'user.login','Login for user with email \'mukwanarichard@gmail.com\' successful','2011-11-23 12:18:29',NULL,'Y','Firefox 3.6.24 Windows'),(119,NULL,'user.login','Login for user with email \'kakoozazaidi@gmail.com\' successful','2011-11-23 12:23:07',NULL,'Y','Firefox 4.0 Windows'),(120,NULL,'user.login','Login for user with email \'ocharobenjmin@yahoo.com\' successful','2011-11-23 12:26:27',NULL,'Y','Firefox 3.5.2 Windows'),(121,NULL,'user.login','Login for user with email \'naomenassazi@gmail.com\' failed. Invalid username or password','2011-11-23 12:29:45',NULL,'N','Firefox 3.6.24 Windows'),(122,NULL,'user.login','Login for user with email \'naomenassazi@gmail.com\' failed. Invalid username or password','2011-11-23 12:30:08',NULL,'N','Firefox 3.6.24 Windows'),(123,NULL,'user.login','Login for user with email \'naomenassazi@gmail.com\' failed. Invalid username or password','2011-11-23 12:45:55',NULL,'N','Firefox 3.6.24 Windows'),(124,NULL,'user.login','Login for user with email \'naomenassazi@gmail.com\' successful','2011-11-23 12:46:10',NULL,'Y','Firefox 3.6.24 Windows'),(125,NULL,'user.login','Login for user with email \'naomenassazi@gmail.com\' failed. Invalid username or password','2011-11-23 12:48:21',NULL,'N','Firefox 3.6.24 Windows'),(126,NULL,'user.login','Login for user with email \'naomenassazi@gmail.com\' successful','2011-11-23 12:48:48',NULL,'Y','Firefox 3.6.24 Windows'),(127,NULL,'user.login','Login for user with email \'charlesodeke@yahoo.com\' successful','2011-11-23 14:25:06',NULL,'Y','Firefox 8.0 Windows'),(128,NULL,'user.login','Login for user with email \'mmackarious@yahoo.com\' successful','2011-11-23 14:40:49',NULL,'Y','Firefox 4.0.1 Windows'),(129,NULL,'user.login','Login for user with email \'paul@fituganda.com\' successful','2011-11-23 15:02:54',NULL,'Y','Chrome 15.0.874.106 Windows'),(130,NULL,'user.login','Login for user with email \'ugandaruraldevelopmentinitiative@yahoo.com\' successful','2011-11-23 18:14:53',NULL,'Y','Internet Explorer 9.0 Windows'),(131,NULL,'user.login','Login for user with email \'mayombwejackson@gmail.com\' successful','2011-11-23 20:37:01',NULL,'Y','Firefox 7.0.1 Windows'),(132,NULL,'user.login','Login for user with email \'mayombwejackson@gmail.com\' successful','2011-11-23 20:37:18',NULL,'Y','Firefox 7.0.1 Windows'),(133,NULL,'user.login','Login for user with email \'mayombwejackson@gmail.com\' successful','2011-11-23 21:08:29',NULL,'Y','Firefox 7.0.1 Windows'),(134,NULL,'user.login','Login for user with email \'walubogodfrey@yahoo.com\' successful','2011-11-24 08:18:08',NULL,'Y','Firefox 4.0 Windows'),(135,NULL,'user.login','Login for user with email \'developer@infoma.com\' successful','2011-11-24 08:23:18',NULL,'Y','Chrome 15.0.874.121 Windows'),(136,NULL,'user.login','Login for user with email \'walugeo@gmail.com\' successful','2011-11-24 08:35:47',NULL,'Y','Firefox 4.0 Windows'),(137,NULL,'user.login','Login for user with email \'k.patricia@fituganda.com\' successful','2011-11-24 08:38:34',NULL,'Y','Firefox 8.0.1 Windows'),(138,NULL,'user.login','Login for user with email \'balikoowamusa@yahoo.com\' successful','2011-11-24 10:18:14',NULL,'Y','Firefox 6.0 Windows'),(139,NULL,'user.login','Login for user with email \'paul@fituganda.com\' successful','2011-11-24 11:51:55',NULL,'Y','Firefox 7.0.1 Windows'),(140,NULL,'user.login','Login for user with email \'mkbetty@yahoo.com\' successful','2011-11-24 11:56:09',NULL,'Y','Firefox 7.0.1 Windows'),(141,NULL,'user.login','Login for user with email \'paul@fituganda.com\' successful','2011-11-24 11:57:18',NULL,'Y','Firefox 7.0.1 Windows'),(142,NULL,'user.login','Login for user with email \'mukwanarichard@gmail.com\' successful','2011-11-24 17:03:47',NULL,'Y','Firefox 3.0.3 Windows'),(143,NULL,'user.login','Login for user with email \'mukwanarichard@gmail.com\' successful','2011-11-24 18:06:22',NULL,'Y','Firefox 3.6.24 Windows'),(144,NULL,'user.login','Login for user with email \'mukwanarichard@gmail.com\' successful','2011-11-24 18:50:35',NULL,'Y','Firefox 3.6.10 Windows'),(145,NULL,'user.login','Login for user with email \'ronnlytrust@yahoo.com\' successful','2011-11-25 10:51:35',NULL,'Y','Firefox 7.0.1 Windows'),(146,NULL,'user.login','Login for user with email \'ronnlytrust@yahoo.com\' failed. Invalid username or password','2011-11-25 10:53:56',NULL,'N','Firefox 7.0.1 Windows'),(147,NULL,'user.login','Login for user with email \'ronnlytrust@yahoo.com\' successful','2011-11-25 10:54:35',NULL,'Y','Firefox 7.0.1 Windows'),(148,NULL,'user.login','Login for user with email \'basazash@yahoo.co.uk\' successful','2011-11-25 11:25:35',NULL,'Y','Firefox 3.0.8 Windows'),(149,NULL,'user.login','Login for user with email \'ronnlytrust@yahoo.com\' successful','2011-11-25 14:16:22',NULL,'Y','Firefox 5.0 Windows'),(150,NULL,'user.login','Login for user with email \'ronnlytrust@yahoo.com\' successful','2011-11-25 16:26:57',NULL,'Y','Firefox 5.0 Windows'),(151,NULL,'user.login','Login for user with email \'kaonesaregina@yahoo.com\' failed. Invalid username or password','2011-11-26 10:55:38',NULL,'N','Firefox 5.0.1 Windows'),(152,NULL,'user.login','Login for user with email \'kaonesaregina@yahoo.com\' failed. Invalid username or password','2011-11-26 10:55:53',NULL,'N','Firefox 5.0.1 Windows'),(153,NULL,'user.login','Login for user with email \'kaonesaregina@yahoo.com\' failed. Invalid username or password','2011-11-26 10:56:16',NULL,'N','Firefox 5.0.1 Windows'),(154,NULL,'user.login','Login for user with email \'kaonesaregina@yahoo.com\' failed. Invalid username or password','2011-11-26 10:56:17',NULL,'N','Firefox 5.0.1 Windows'),(155,NULL,'user.login','Login for user with email \'abuyazedisabirye@yahoo.com\' successful','2011-11-26 13:44:35',NULL,'Y','Firefox 3.6.24 Windows'),(156,NULL,'user.login','Login for user with email \'mukwanarichard@gmail.com\' successful','2011-11-26 13:47:43',NULL,'Y','Firefox 3.6.24 Windows'),(157,NULL,'user.login','Login for user with email \'ocharobenjmin@yahoo.com\' successful','2011-11-26 14:14:16',NULL,'Y','Firefox 3.5.2 Windows'),(158,NULL,'user.login','Login for user with email \'basazash@yahoo.co.uk\' successful','2011-11-26 15:12:30',NULL,'Y','Firefox 3.0.19 Windows'),(159,NULL,'user.login','Login for user with email \'balikoowamusa@yahoo.com\' successful','2011-11-26 17:43:53',NULL,'Y','Firefox 6.0 Windows'),(160,NULL,'user.login','Login for user with email \'mayombwejackson@gmail.com\' successful','2011-11-27 16:22:43',NULL,'Y','Firefox 8.0.1 Windows'),(161,NULL,'user.login','Login for user with email \'mayombwejackson@gmail.com\' successful','2011-11-27 16:43:51',NULL,'Y','Firefox 8.0.1 Windows'),(162,NULL,'user.login','Login for user with email \'naomenassazi@gmail.com\' successful','2011-11-28 09:10:15',NULL,'Y','Firefox 3.6.24 Windows'),(163,NULL,'user.login','Login for user with email \'waubogodfrey@yahoo.com\' failed. Invalid username or password','2011-11-28 10:01:33',NULL,'N','Firefox 8.0 Windows'),(164,NULL,'user.login','Login for user with email \'walubogodfrey@yahoo.com\' successful','2011-11-28 10:02:52',NULL,'Y','Firefox 8.0 Windows'),(165,NULL,'user.login','Login for user with email \'walugeo@gmail.com\' successful','2011-11-28 10:23:56',NULL,'Y','Firefox 8.0 Windows'),(166,NULL,'user.login','Login for user with email \'balikoowamusa@yahoo.com\' successful','2011-11-28 11:01:11',NULL,'Y','Firefox 6.0 Windows'),(167,NULL,'user.login','Login for user with email \'abuyazedisabirye@yahoo.com\' successful','2011-11-28 11:25:10',NULL,'Y','Firefox 3.6.24 Windows'),(168,NULL,'user.login','Login for user with email \'mayombwejackson@gmail.com\' successful','2011-11-28 12:31:14',NULL,'Y','Internet Explorer 6.0 Windows'),(169,NULL,'user.login','Login for user with email \'mayombwejackson@gmail.com\' successful','2011-11-28 12:54:19',NULL,'Y','Firefox 8.0 Windows'),(170,NULL,'user.login','Login for user with email \'mayombwejackson@gmail.com\' successful','2011-11-28 13:14:01',NULL,'Y','Firefox 8.0 Windows'),(171,NULL,'user.login','Login for user with email \'kaonesaregina@yahoo.com\' failed. Invalid username or password','2011-11-28 13:23:12',NULL,'N','Firefox 5.0.1 Windows'),(172,NULL,'user.login','Login for user with email \'kabonesaregina@yahoo.com\' successful','2011-11-28 13:24:41',NULL,'Y','Firefox 5.0.1 Windows'),(173,NULL,'user.login','Login for user with email \'developer@infoma.com\' successful','2011-11-28 13:27:01',NULL,'Y','Firefox 7.0.1 Windows'),(174,NULL,'user.login','Login for user with email \'ocharobenjmin@yahoo.com\' successful','2011-11-28 13:34:03',NULL,'Y','Firefox 3.5.2 Windows'),(175,NULL,'user.login','Login for user with email \'ocharobenjmin@yahoo.com\' successful','2011-11-28 13:34:15',NULL,'Y','Firefox 3.5.2 Windows'),(176,NULL,'user.login','Login for user with email \'ronnlytrust@yahoo.com\' successful','2011-11-28 13:43:38',NULL,'Y','Firefox 7.0.1 Windows'),(177,NULL,'user.login','Login for user with email \'ronnlytrust@yahoo.com\' successful','2011-11-28 13:46:53',NULL,'Y','Firefox 7.0.1 Windows'),(178,NULL,'user.login','Login for user with email \'ocharobenjmin@yahoo.com\' successful','2011-11-28 13:59:59',NULL,'Y','Firefox 3.5.2 Windows'),(179,NULL,'user.login','Login for user with email \'mmackarious@yahoo.com\' successful','2011-11-28 14:43:46',NULL,'Y','Firefox 7.0 Windows'),(180,NULL,'user.login','Login for user with email \'ugnadaruraldevelopmentinitiative@yahoo.com\' failed. Invalid username or password','2011-11-28 15:24:02',NULL,'N','Internet Explorer 9.0 Windows'),(181,NULL,'user.login','Login for user with email \'ugandaruraldevelopmentinitiative@yahoo.com\' successful','2011-11-28 15:24:33',NULL,'Y','Internet Explorer 9.0 Windows'),(182,NULL,'user.login','Login for user with email \'ugandaruraldevelopmentinitiative@yahoo.com\' successful','2011-11-28 15:24:34',NULL,'Y','Internet Explorer 9.0 Windows'),(183,NULL,'user.login','Login for user with email \'elawrence@veritracker.com\' failed. Invalid username or password','2011-11-28 15:30:00',NULL,'N','Firefox 7.0.1 Windows'),(184,NULL,'user.login','Login for user with email \'developer@infoma.com\' successful','2011-11-28 15:30:22',NULL,'Y','Firefox 7.0.1 Windows'),(185,NULL,'user.login','Login for user with email \'amitsa@fituganda.com\' successful','2011-11-28 15:37:37',NULL,'Y','Chrome 16.0.912.41 Windows'),(186,NULL,'user.login','Login for user with email \'charlesodeke@yahoo.com\' successful','2011-11-28 15:48:36',NULL,'Y','Firefox 8.0 Windows'),(187,NULL,'user.login','Login for user with email \'amitsa@fituganda.com\' successful','2011-11-28 16:07:18',NULL,'Y','Chrome 16.0.912.41 Windows'),(188,NULL,'user.login','Login for user with email \'amitsa@fituganda.com\' successful','2011-11-28 16:08:38',NULL,'Y','Firefox 7.0.1 Windows'),(189,NULL,'user.login','Login for user with email \'basazash@yahoo.co.uk\' successful','2011-11-28 17:25:21',NULL,'Y','Firefox 7.0.1 Windows'),(190,NULL,'user.login','Login for user with email \'paul@fituganda.com\' successful','2011-11-28 18:18:08',NULL,'Y','Chrome 15.0.874.106 Windows'),(191,NULL,'user.login','Login for user with email \'amitsa@fituganda.com\' successful','2011-11-28 18:19:32',NULL,'Y','Chrome 15.0.874.106 Windows'),(192,NULL,'user.login','Login for user with email \'walubogodfrey@yahoo.com\' successful','2011-11-28 20:20:28',NULL,'Y','Firefox 4.0 Windows'),(193,NULL,'user.login','Login for user with email \'k.patricia@fituganda.com\' successful','2011-11-29 07:14:42',NULL,'Y','Firefox 8.0.1 Windows'),(194,NULL,'user.login','Login for user with email \'amitsa@fituganda.com\' successful','2011-11-29 11:34:39',NULL,'Y','Chrome 15.0.874.106 Windows'),(195,NULL,'user.login','Login for user with email \'paul@fituganda.com\' failed. Invalid username or password','2011-11-29 11:59:09',NULL,'N','Chrome 15.0.874.106 Windows'),(196,NULL,'user.login','Login for user with email \'paul@fituganda.com\' successful','2011-11-29 11:59:58',NULL,'Y','Chrome 15.0.874.106 Windows'),(197,NULL,'user.login','Login for user with email \'jbrowning@fituganda.com\' successful','2011-11-29 12:18:12',NULL,'Y','Internet Explorer 9.0 Windows'),(198,NULL,'user.login','Login for user with email \'amitsa@fituganda.com\' successful','2011-11-29 13:03:02',NULL,'Y','Chrome 15.0.874.121 Windows'),(199,NULL,'user.login','Login for user with email \'jbrowning@fituganda.com\' successful','2011-11-29 13:13:02',NULL,'Y','Firefox 7.0.1 Windows'),(200,NULL,'user.login','Login for user with email \'developer@infoma.com\' successful','2011-11-29 13:13:34',NULL,'Y','Chrome 16.0.912.41 Windows'),(201,NULL,'user.login','Login for user with email \'paul@fituganda.com\' successful','2011-11-29 14:23:09',NULL,'Y','Chrome 15.0.874.106 Windows'),(202,NULL,'user.login','Login for user with email \'jbrowning@fituganda.com\' successful','2011-11-29 14:23:10',NULL,'Y','Firefox 7.0.1 Windows'),(203,NULL,'user.login','Login for user with email \'jbrowning@fituganda.com\' successful','2011-11-29 14:29:01',NULL,'Y','Internet Explorer 9.0 Windows'),(204,NULL,'user.login','Login for user with email \'jbrowning@fituganda.com\' successful','2011-11-29 15:20:25',NULL,'Y','Firefox 7.0.1 Windows'),(205,NULL,'user.login','Login for user with email \'k.patricia@fituganda.com\' successful','2011-11-29 19:00:36',NULL,'Y','Firefox 8.0.1 Windows'),(206,NULL,'user.login','Login for user with email \'amitsa@infotradeuganda.com\' failed. Invalid username or password','2011-11-30 07:35:38',NULL,'N','Internet Explorer 8.0 Windows'),(207,NULL,'user.login','Login for user with email \'amitsa@fituganda.com\' successful','2011-11-30 07:36:19',NULL,'Y','Internet Explorer 8.0 Windows'),(208,NULL,'user.login','Login for user with email \'amitsa@fituganda.com\' successful','2011-11-30 08:14:17',NULL,'Y','Internet Explorer 8.0 Windows'),(209,NULL,'user.login','Login for user with email \'k.patricia@fituganda.com\' successful','2011-11-30 08:16:00',NULL,'Y','Firefox 8.0.1 Windows'),(210,NULL,'user.login','Login for user with email \'kaonesaregina@yahoo.com\' failed. Invalid username or password','2011-11-30 08:29:54',NULL,'N','Firefox 5.0.1 Windows'),(211,NULL,'user.login','Login for user with email \'kabonesaregina@yahoo.com\' successful','2011-11-30 08:30:18',NULL,'Y','Firefox 5.0.1 Windows'),(212,NULL,'user.login','Login for user with email \'balikoowamusa@yahoo.com\' successful','2011-11-30 09:00:24',NULL,'Y','Firefox 6.0 Windows'),(213,NULL,'user.login','Login for user with email \'developer@fituganda.com\' failed. Invalid username or password','2011-11-30 09:17:39',NULL,'N','Firefox 7.0.1 Windows'),(214,NULL,'user.login','Login for user with email \'developer@infoma.com\' successful','2011-11-30 09:18:30',NULL,'Y','Firefox 7.0.1 Windows'),(215,NULL,'user.login','Login for user with email \'bukenya_h@yahoo.com\' successful','2011-11-30 09:42:27',NULL,'Y','Internet Explorer 8.0 Windows'),(216,NULL,'user.login','Login for user with email \'bukenya_h@yahoo.com\' successful','2011-11-30 09:44:19',NULL,'Y','Internet Explorer 8.0 Windows'),(217,NULL,'user.login','Login for user with email \'achadri@yahoo.com\' successful','2011-11-30 09:44:25',NULL,'Y','Internet Explorer 7.0 Windows'),(218,NULL,'user.login','Login for user with email \'bukenya_h@yahoo.com\' failed. Invalid username or password','2011-11-30 09:57:47',NULL,'N','Internet Explorer 8.0 Windows'),(219,NULL,'user.login','Login for user with email \'bukenya_h@yahoo.com\' successful','2011-11-30 10:00:30',NULL,'Y','Internet Explorer 8.0 Windows'),(220,NULL,'user.login','Login for user with email \'wgraves@fituganda.com\' successful','2011-11-30 10:36:04',NULL,'Y','Firefox 7.0.1 Windows'),(221,NULL,'user.login','Login for user with email \'bukenya_h@yahoo.com\' successful','2011-11-30 10:37:02',NULL,'Y','Firefox 7.0.1 Windows'),(222,NULL,'user.login','Login for user with email \'jbrowning@devmail.infomacorp.com\' failed. Invalid username or password','2011-11-30 10:37:15',NULL,'N','Chrome 16.0.912.41 Windows'),(223,NULL,'user.login','Login for user with email \'jbrowning@fituganda.com\' successful','2011-11-30 10:37:28',NULL,'Y','Chrome 16.0.912.41 Windows'),(224,NULL,'user.login','Login for user with email \'abuyazadisabirye@yahoo.com\' failed. Invalid username or password','2011-11-30 10:53:39',NULL,'N','Internet Explorer 8.0 Windows'),(225,NULL,'user.login','Login for user with email \'abuyazedisabirye@yahoo.com\' successful','2011-11-30 10:54:29',NULL,'Y','Internet Explorer 8.0 Windows'),(226,NULL,'user.login','Login for user with email \'mayombwejackson@gmail.com\' successful','2011-11-30 11:08:24',NULL,'Y','Firefox 4.0b11 Windows'),(227,NULL,'user.login','Login for user with email \'developer@infoma.com\' successful','2011-11-30 11:15:17',NULL,'Y','Firefox 7.0.1 Windows'),(228,NULL,'user.login','Login for user with email \'developer@infoma.com\' successful','2011-11-30 11:19:35',NULL,'Y','Chrome 16.0.912.41 Windows'),(229,NULL,'user.login','Login for user with email \'mayombwejackson@gmail.com\' successful','2011-11-30 11:20:52',NULL,'Y','Firefox 4.0b11 Windows'),(230,NULL,'user.login','Login for user with email \'bukenya_h@yahoo.com\' failed. Invalid username or password','2011-11-30 11:21:18',NULL,'N','Firefox 7.0.1 Windows'),(231,NULL,'user.login','Login for user with email \'bukenya_h@yahoo.com\' successful','2011-11-30 11:21:29',NULL,'Y','Firefox 7.0.1 Windows'),(232,NULL,'user.login','Login for user with email \'naomenassazi@gmail.com\' successful','2011-11-30 12:00:52',NULL,'Y','Firefox 4.0.1 Windows'),(233,NULL,'user.login','Login for user with email \'mmackarious@yahoo.com\' successful','2011-11-30 14:08:45',NULL,'Y','Firefox 4.0.1 Windows'),(234,NULL,'user.login','Login for user with email \'k.patricia@fituganda.com\' successful','2011-11-30 14:25:48',NULL,'Y','Firefox 8.0.1 Windows'),(235,NULL,'user.login','Login for user with email \'ronnlytrust@yahoo.com\' successful','2011-11-30 17:05:43',NULL,'Y','Firefox 5.0 Windows'),(236,NULL,'user.login','Login for user with email \'ronnlytrust@yahoo.com\' successful','2011-11-30 17:19:58',NULL,'Y','Firefox 5.0 Windows'),(237,NULL,'user.login','Login for user with email \'henrybwire83@yahoo.com\' successful','2011-11-30 17:36:17',NULL,'Y','Firefox 6.0.2 Windows'),(238,NULL,'user.login','Login for user with email \'ocharobenjmin@yahoo.com\' successful','2011-11-30 18:27:48',NULL,'Y','Firefox 3.5.2 Windows'),(239,NULL,'user.login','Login for user with email \'henrybwire83@yahoo.com\' successful','2011-12-01 08:00:35',NULL,'Y','Firefox 6.0 Windows'),(240,NULL,'user.login','Login for user with email \'walubogodfrey@yahoo.com\' successful','2011-12-01 08:22:18',NULL,'Y','Firefox 8.0 Windows'),(241,NULL,'user.login','Login for user with email \'k.patricia@fituganda.com\' successful','2011-12-01 08:46:22',NULL,'Y','Firefox 8.0.1 Windows'),(242,NULL,'user.login','Login for user with email \'mukwanarichard@gmail.com\' successful','2011-12-01 08:54:45',NULL,'Y','Firefox 3.6.13 Windows'),(243,NULL,'user.login','Login for user with email \'walubogodrey@yahoo.com\' failed. Invalid username or password','2011-12-01 08:56:09',NULL,'N','Firefox 8.0 Windows'),(244,NULL,'user.login','Login for user with email \'walubogodfrey@yahoo.com\' successful','2011-12-01 08:57:37',NULL,'Y','Firefox 8.0 Windows'),(245,NULL,'user.login','Login for user with email \'walugeo@gmail.com\' successful','2011-12-01 09:06:49',NULL,'Y','Firefox 8.0 Windows'),(246,NULL,'user.login','Login for user with email \'naomenassazi@gmail.com\' successful','2011-12-01 11:19:35',NULL,'Y','Firefox 3.6.24 Windows'),(247,NULL,'user.login','Login for user with email \'naomenassazi@gmail.com\' failed. Invalid username or password','2011-12-01 11:39:08',NULL,'N','Firefox 3.6.24 Windows'),(248,NULL,'user.login','Login for user with email \'naomenassazi@gmail.com\' successful','2011-12-01 11:39:31',NULL,'Y','Firefox 3.6.24 Windows'),(249,NULL,'user.login','Login for user with email \'k.patricia@fituganda.com\' successful','2011-12-01 15:05:44',NULL,'Y','Firefox 8.0.1 Windows'),(250,NULL,'user.login','Login for user with email \'balikoowamusa@yahoo.com\' successful','2011-12-01 15:35:15',NULL,'Y','Firefox 6.0 Windows'),(251,NULL,'user.login','Login for user with email \'kakoozazaidi@gmail.com\' successful','2011-12-01 16:29:03',NULL,'Y','Firefox 4.0 Windows'),(252,NULL,'user.login','Login for user with email \'k.patricia@fituganda.com\' successful','2011-12-02 08:41:25',NULL,'Y','Firefox 8.0.1 Windows'),(253,NULL,'user.login','Login for user with email \'basazash@yahoo.co.uk\' successful','2011-12-02 10:45:10',NULL,'Y','Firefox 7.0.1 Windows'),(254,NULL,'user.login','Login for user with email \'charlesodeke@yahoo.com\' successful','2011-12-02 12:56:19',NULL,'Y','Opera 9.80 Windows'),(255,NULL,'user.login','Login for user with email \'bukenya_h@yahoo.com\' failed. Invalid username or password','2011-12-02 14:04:40',NULL,'N','Internet Explorer 8.0 Windows'),(256,NULL,'user.login','Login for user with email \'bukenya_h@yahoo.com\' successful','2011-12-02 14:05:19',NULL,'Y','Internet Explorer 8.0 Windows'),(257,NULL,'user.login','Login for user with email \'bukenya_h@yahoo.com\' successful','2011-12-02 14:23:56',NULL,'Y','Internet Explorer 8.0 Windows'),(258,NULL,'user.login','Login for user with email \'mmackarious@yahoo.com\' successful','2011-12-02 15:00:20',NULL,'Y','Firefox 8.0.1 Windows'),(259,NULL,'user.login','Login for user with email \'ronnlytrust@yahoo.com\' successful','2011-12-02 15:34:01',NULL,'Y','Firefox 7.0.1 Windows'),(260,NULL,'user.login','Login for user with email \'tadeombasiima@yahoo.com\' successful','2011-12-02 16:22:35',NULL,'Y','Firefox 8.0 Windows'),(261,NULL,'user.login','Login for user with email \'balikoowamusa@yahoo.com\' successful','2011-12-03 09:59:09',NULL,'Y','Firefox 6.0 Windows'),(262,NULL,'user.login','Login for user with email \'abuyazedisabirye@yahoo.com\' successful','2011-12-03 10:15:20',NULL,'Y','Firefox 3.6.24 Windows'),(263,NULL,'user.login','Login for user with email \'charlesodeke@yahoo.com\' successful','2011-12-03 10:23:40',NULL,'Y','Opera 9.80 Windows'),(264,NULL,'user.login','Login for user with email \'naomenassazi@gmail.com\' successful','2011-12-03 10:39:15',NULL,'Y','Firefox 3.6.24 Windows'),(265,NULL,'user.login','Login for user with email \'mukwanarichard@gmail.com\' successful','2011-12-03 10:46:48',NULL,'Y','Firefox 3.6.10 Windows'),(266,NULL,'user.login','Login for user with email \'kaonesaregina@yahoo.com\' failed. Invalid username or password','2011-12-03 11:49:50',NULL,'N','Firefox 5.0.1 Windows'),(267,NULL,'user.login','Login for user with email \'kabonesaregina@yahoo.com\' successful','2011-12-03 11:52:47',NULL,'Y','Firefox 5.0.1 Windows'),(268,NULL,'user.login','Login for user with email \'ronnlytrust@yahoo.com\' successful','2011-12-03 12:04:31',NULL,'Y','Firefox 5.0 Windows'),(269,NULL,'user.login','Login for user with email \'ronnlytrust@yahoo.com\' successful','2011-12-03 12:45:58',NULL,'Y','Firefox 5.0 Windows'),(270,NULL,'user.login','Login for user with email \'ocharobenjmin@yahoo.com\' successful','2011-12-03 15:10:30',NULL,'Y','Firefox 3.5.2 Windows'),(271,NULL,'user.logi